#include <acpi/acpi.hh>
#include <arch/limine.hh>
#include <util/storage.hh>
#include <arch/arch.hh>
#include <arch/amd64/paging.hh>
#include <acpi/aml.hh>

__attribute__((section(".limine_requests"), used))
static volatile limine_rsdp_request rsdp_req {
	.id = LIMINE_RSDP_REQUEST,
	.revision = 0,
	.response = nullptr
};

// array size is 45666
static constexpr u8 practice[]  = {
//   0x44, 0x53, 0x44, 0x54, 0x62, 0xb2, 0x00, 0x00, 0x02, 0xa4, 0x41, 0x4c, 0x41, 0x53, 0x4b, 0x41,
//   0x41, 0x20, 0x4d, 0x20, 0x49, 0x20, 0x00, 0x00, 0x09, 0x20, 0x07, 0x01, 0x49, 0x4e, 0x54, 0x4c,
//   0x13, 0x09, 0x12, 0x20,

	0x08, 0x45, 0x4e, 0x54, 0x4b, 0x0a, 0x87, 0x08, 0x45, 0x58, 0x54, 0x4b,
	0x0a, 0xaa, 0x08, 0x53, 0x50, 0x31, 0x4f, 0x0a, 0x2e, 0x08, 0x49, 0x4f, 0x48, 0x57, 0x0b, 0x90,
	0x02, 0x08, 0x49, 0x4f, 0x48, 0x42, 0x0b, 0x90, 0x02, 0x08, 0x49, 0x4f, 0x48, 0x4c, 0x0a, 0x10,
	0x08, 0x50, 0x45, 0x42, 0x4c, 0x0c, 0x00, 0x00, 0x00, 0x08, 0x08, 0x41, 0x43, 0x50, 0x4d, 0x01,
	0x08, 0x43, 0x50, 0x56, 0x44, 0x01, 0x08, 0x53, 0x4d, 0x42, 0x42, 0x0b, 0x20, 0x0b, 0x08, 0x53,
	0x4d, 0x42, 0x4c, 0x0a, 0x20, 0x08, 0x53, 0x4d, 0x42, 0x30, 0x0b, 0x00, 0x0b, 0x08, 0x53, 0x4d,
	0x42, 0x4d, 0x0a, 0x10, 0x08, 0x50, 0x4d, 0x42, 0x53, 0x0b, 0x00, 0x08, 0x08, 0x50, 0x4d, 0x4c,
	0x4e, 0x0a, 0xa0, 0x08, 0x53, 0x4d, 0x49, 0x4f, 0x0a, 0xb2, 0x08, 0x47, 0x50, 0x42, 0x53, 0x00,
	0x08, 0x47, 0x50, 0x4c, 0x4e, 0x00, 0x08, 0x41, 0x50, 0x43, 0x42, 0x0c, 0x00, 0x00, 0xc0, 0xfe,
	0x08, 0x41, 0x50, 0x43, 0x4c, 0x0b, 0x00, 0x10, 0x08, 0x48, 0x50, 0x54, 0x42, 0x0c, 0x00, 0x00,
	0xd0, 0xfe, 0x08, 0x57, 0x44, 0x54, 0x42, 0x00, 0x08, 0x57, 0x44, 0x54, 0x4c, 0x00, 0x08, 0x47,
	0x49, 0x4f, 0x42, 0x0c, 0x00, 0x15, 0xd8, 0xfe, 0x08, 0x49, 0x4f, 0x4d, 0x42, 0x0c, 0x00, 0x0d,
	0xd8, 0xfe, 0x08, 0x53, 0x53, 0x4d, 0x42, 0x0c, 0x00, 0x02, 0xd8, 0xfe, 0x08, 0x53, 0x50, 0x4d,
	0x52, 0x0c, 0x00, 0x03, 0xd8, 0xfe, 0x08, 0x43, 0x41, 0x46, 0x53, 0x0a, 0xbb, 0x08, 0x55, 0x54,
	0x44, 0x42, 0x00, 0x08, 0x4e, 0x42, 0x54, 0x53, 0x0b, 0x00, 0x50, 0x08, 0x41, 0x53, 0x53, 0x42,
	0x00, 0x08, 0x41, 0x4f, 0x54, 0x42, 0x00, 0x08, 0x41, 0x41, 0x58, 0x42, 0x00, 0x08, 0x50, 0x45,
	0x48, 0x50, 0x01, 0x08, 0x53, 0x48, 0x50, 0x43, 0x00, 0x08, 0x50, 0x45, 0x50, 0x4d, 0x01, 0x08,
	0x50, 0x45, 0x45, 0x52, 0x01, 0x08, 0x50, 0x45, 0x43, 0x53, 0x01, 0x08, 0x49, 0x54, 0x4b, 0x45,
	0x00, 0x08, 0x50, 0x45, 0x42, 0x53, 0x0c, 0x00, 0x00, 0x00, 0xf0, 0x08, 0x50, 0x45, 0x4c, 0x4e,
	0x0c, 0x00, 0x00, 0x00, 0x08, 0x08, 0x53, 0x52, 0x49, 0x4f, 0x00, 0x08, 0x43, 0x53, 0x4d, 0x49,
	0x0a, 0x61, 0x08, 0x44, 0x53, 0x53, 0x50, 0x00, 0x08, 0x46, 0x48, 0x50, 0x50, 0x01, 0x08, 0x53,
	0x4d, 0x49, 0x41, 0x0a, 0xb2, 0x08, 0x53, 0x4d, 0x49, 0x42, 0x0a, 0xb3, 0x08, 0x4f, 0x46, 0x53,
	0x54, 0x0a, 0x35, 0x08, 0x54, 0x52, 0x53, 0x54, 0x0a, 0x02, 0x08, 0x54, 0x43, 0x4d, 0x46, 0x00,
	0x08, 0x54, 0x4d, 0x46, 0x31, 0x00, 0x08, 0x54, 0x4d, 0x46, 0x32, 0x00, 0x08, 0x54, 0x4d, 0x46,
	0x33, 0x00, 0x08, 0x54, 0x54, 0x50, 0x46, 0x00, 0x08, 0x44, 0x54, 0x50, 0x54, 0x00, 0x08, 0x54,
	0x54, 0x44, 0x50, 0x01, 0x08, 0x54, 0x50, 0x4d, 0x42, 0x0c, 0x00, 0xa0, 0x81, 0xca, 0x08, 0x54,
	0x50, 0x42, 0x53, 0x0b, 0x00, 0x40, 0x08, 0x54, 0x50, 0x4d, 0x43, 0x0c, 0x00, 0xe0, 0x81, 0xca,
	0x08, 0x54, 0x50, 0x43, 0x53, 0x0b, 0x00, 0x40, 0x08, 0x54, 0x50, 0x4d, 0x4d, 0x0c, 0x10, 0x05,
	0x21, 0xfd, 0x08, 0x46, 0x54, 0x50, 0x4d, 0x0c, 0x10, 0x05, 0x21, 0xfd, 0x08, 0x50, 0x50, 0x49,
	0x4d, 0x0c, 0x98, 0x6c, 0xe7, 0xca, 0x08, 0x50, 0x50, 0x49, 0x4c, 0x0a, 0x1c, 0x08, 0x41, 0x4d,
	0x44, 0x54, 0x01, 0x08, 0x54, 0x50, 0x4d, 0x46, 0x01, 0x08, 0x50, 0x50, 0x49, 0x56, 0x01, 0x08,
	0x41, 0x4d, 0x57, 0x56, 0x0a, 0x09, 0x08, 0x53, 0x4d, 0x49, 0x4d, 0x0c, 0x09, 0x00, 0x00, 0x80,
	0x08, 0x48, 0x49, 0x44, 0x4b, 0x0d, 0x4d, 0x53, 0x46, 0x54, 0x30, 0x30, 0x30, 0x31, 0x00, 0x08,
	0x48, 0x49, 0x44, 0x4d, 0x0d, 0x4d, 0x53, 0x46, 0x54, 0x30, 0x30, 0x30, 0x33, 0x00, 0x08, 0x43,
	0x49, 0x44, 0x4b, 0x0c, 0x41, 0xd0, 0x03, 0x03, 0x08, 0x43, 0x49, 0x44, 0x4d, 0x0c, 0x41, 0xd0,
	0x0f, 0x03, 0x08, 0x41, 0x54, 0x49, 0x53, 0x0a, 0xb0, 0x08, 0x4d, 0x42, 0x45, 0x43, 0x00, 0x08,
	0x54, 0x48, 0x50, 0x4e, 0x00, 0x08, 0x41, 0x4c, 0x53, 0x54, 0x00, 0x08, 0x4e, 0x42, 0x54, 0x50,
	0x0c, 0x00, 0x30, 0xc0, 0xfe, 0x08, 0x43, 0x4e, 0x53, 0x42, 0x00, 0x08, 0x53, 0x4d, 0x49, 0x50,
	0x0a, 0xb2, 0x08, 0x49, 0x4f, 0x31, 0x42, 0x00, 0x08, 0x49, 0x4f, 0x31, 0x4c, 0x00, 0x08, 0x49,
	0x4f, 0x32, 0x42, 0x0b, 0x90, 0x02, 0x08, 0x49, 0x4f, 0x32, 0x4c, 0x0a, 0x10, 0x08, 0x49, 0x4f,
	0x33, 0x42, 0x0b, 0x00, 0x02, 0x08, 0x49, 0x4f, 0x33, 0x4c, 0x0a, 0x20, 0x08, 0x49, 0x4f, 0x34,
	0x42, 0x00, 0x08, 0x49, 0x4f, 0x34, 0x4c, 0x00, 0x08, 0x50, 0x4e, 0x50, 0x4d, 0x01, 0x14, 0x27,
	0x5f, 0x50, 0x49, 0x43, 0x01, 0xa0, 0x1b, 0x68, 0x5c, 0x2e, 0x5f, 0x53, 0x42, 0x5f, 0x44, 0x53,
	0x50, 0x49, 0x5c, 0x2f, 0x03, 0x5f, 0x53, 0x42, 0x5f, 0x50, 0x43, 0x49, 0x30, 0x4e, 0x41, 0x50,
	0x45, 0x50, 0x58, 0x58, 0x58, 0x68, 0x08, 0x50, 0x49, 0x43, 0x4d, 0x00, 0x14, 0x1f, 0x50, 0x58,
	0x58, 0x58, 0x01, 0xa0, 0x09, 0x68, 0x70, 0x0a, 0xaa, 0x44, 0x42, 0x47, 0x38, 0xa1, 0x08, 0x70,
	0x0a, 0xac, 0x44, 0x42, 0x47, 0x38, 0x70, 0x68, 0x50, 0x49, 0x43, 0x4d, 0x08, 0x4f, 0x53, 0x56,
	0x52, 0xff, 0x14, 0x45, 0x28, 0x4f, 0x53, 0x46, 0x4c, 0x00, 0xa0, 0x0d, 0x92, 0x93, 0x4f, 0x53,
	0x56, 0x52, 0xff, 0xa4, 0x4f, 0x53, 0x56, 0x52, 0xa0, 0x0e, 0x93, 0x50, 0x49, 0x43, 0x4d, 0x00,
	0x70, 0x0a, 0xac, 0x44, 0x42, 0x47, 0x38, 0x70, 0x0a, 0x03, 0x4f, 0x53, 0x56, 0x52, 0xa0, 0x4a,
	0x16, 0x5b, 0x12, 0x5c, 0x5f, 0x4f, 0x53, 0x49, 0x60, 0xa0, 0x1a, 0x5f, 0x4f, 0x53, 0x49, 0x0d,
	0x57, 0x69, 0x6e, 0x64, 0x6f, 0x77, 0x73, 0x20, 0x32, 0x30, 0x30, 0x31, 0x00, 0x70, 0x0a, 0x04,
	0x4f, 0x53, 0x56, 0x52, 0xa0, 0x1c, 0x5f, 0x4f, 0x53, 0x49, 0x0d, 0x57, 0x69, 0x6e, 0x64, 0x6f,
	0x77, 0x73, 0x20, 0x32, 0x30, 0x30, 0x31, 0x2e, 0x31, 0x00, 0x70, 0x0a, 0x05, 0x4f, 0x53, 0x56,
	0x52, 0xa0, 0x15, 0x5f, 0x4f, 0x53, 0x49, 0x0d, 0x46, 0x72, 0x65, 0x65, 0x42, 0x53, 0x44, 0x00,
	0x70, 0x0a, 0x06, 0x4f, 0x53, 0x56, 0x52, 0xa0, 0x13, 0x5f, 0x4f, 0x53, 0x49, 0x0d, 0x48, 0x50,
	0x2d, 0x55, 0x58, 0x00, 0x70, 0x0a, 0x07, 0x4f, 0x53, 0x56, 0x52, 0xa0, 0x15, 0x5f, 0x4f, 0x53,
	0x49, 0x0d, 0x4f, 0x70, 0x65, 0x6e, 0x56, 0x4d, 0x53, 0x00, 0x70, 0x0a, 0x08, 0x4f, 0x53, 0x56,
	0x52, 0xa0, 0x1e, 0x5f, 0x4f, 0x53, 0x49, 0x0d, 0x57, 0x69, 0x6e, 0x64, 0x6f, 0x77, 0x73, 0x20,
	0x32, 0x30, 0x30, 0x31, 0x20, 0x53, 0x50, 0x31, 0x00, 0x70, 0x0a, 0x09, 0x4f, 0x53, 0x56, 0x52,
	0xa0, 0x1e, 0x5f, 0x4f, 0x53, 0x49, 0x0d, 0x57, 0x69, 0x6e, 0x64, 0x6f, 0x77, 0x73, 0x20, 0x32,
	0x30, 0x30, 0x31, 0x20, 0x53, 0x50, 0x32, 0x00, 0x70, 0x0a, 0x0a, 0x4f, 0x53, 0x56, 0x52, 0xa0,
	0x1e, 0x5f, 0x4f, 0x53, 0x49, 0x0d, 0x57, 0x69, 0x6e, 0x64, 0x6f, 0x77, 0x73, 0x20, 0x32, 0x30,
	0x30, 0x31, 0x20, 0x53, 0x50, 0x33, 0x00, 0x70, 0x0a, 0x0b, 0x4f, 0x53, 0x56, 0x52, 0xa0, 0x1a,
	0x5f, 0x4f, 0x53, 0x49, 0x0d, 0x57, 0x69, 0x6e, 0x64, 0x6f, 0x77, 0x73, 0x20, 0x32, 0x30, 0x30,
	0x36, 0x00, 0x70, 0x0a, 0x0c, 0x4f, 0x53, 0x56, 0x52, 0xa0, 0x1e, 0x5f, 0x4f, 0x53, 0x49, 0x0d,
	0x57, 0x69, 0x6e, 0x64, 0x6f, 0x77, 0x73, 0x20, 0x32, 0x30, 0x30, 0x36, 0x20, 0x53, 0x50, 0x31,
	0x00, 0x70, 0x0a, 0x0d, 0x4f, 0x53, 0x56, 0x52, 0xa0, 0x1a, 0x5f, 0x4f, 0x53, 0x49, 0x0d, 0x57,
	0x69, 0x6e, 0x64, 0x6f, 0x77, 0x73, 0x20, 0x32, 0x30, 0x30, 0x39, 0x00, 0x70, 0x0a, 0x0e, 0x4f,
	0x53, 0x56, 0x52, 0xa0, 0x1a, 0x5f, 0x4f, 0x53, 0x49, 0x0d, 0x57, 0x69, 0x6e, 0x64, 0x6f, 0x77,
	0x73, 0x20, 0x32, 0x30, 0x31, 0x32, 0x00, 0x70, 0x0a, 0x0f, 0x4f, 0x53, 0x56, 0x52, 0xa0, 0x1a,
	0x5f, 0x4f, 0x53, 0x49, 0x0d, 0x57, 0x69, 0x6e, 0x64, 0x6f, 0x77, 0x73, 0x20, 0x32, 0x30, 0x31,
	0x33, 0x00, 0x70, 0x0a, 0x10, 0x4f, 0x53, 0x56, 0x52, 0xa1, 0x49, 0x0e, 0xa0, 0x25, 0x4d, 0x43,
	0x54, 0x48, 0x5f, 0x4f, 0x53, 0x5f, 0x0d, 0x4d, 0x69, 0x63, 0x72, 0x6f, 0x73, 0x6f, 0x66, 0x74,
	0x20, 0x57, 0x69, 0x6e, 0x64, 0x6f, 0x77, 0x73, 0x20, 0x4e, 0x54, 0x00, 0x70, 0x00, 0x4f, 0x53,
	0x56, 0x52, 0xa0, 0x22, 0x4d, 0x43, 0x54, 0x48, 0x5f, 0x4f, 0x53, 0x5f, 0x0d, 0x4d, 0x69, 0x63,
	0x72, 0x6f, 0x73, 0x6f, 0x66, 0x74, 0x20, 0x57, 0x69, 0x6e, 0x64, 0x6f, 0x77, 0x73, 0x00, 0x70,
	0x01, 0x4f, 0x53, 0x56, 0x52, 0xa0, 0x39, 0x4d, 0x43, 0x54, 0x48, 0x5f, 0x4f, 0x53, 0x5f, 0x0d,
	0x4d, 0x69, 0x63, 0x72, 0x6f, 0x73, 0x6f, 0x66, 0x74, 0x20, 0x57, 0x69, 0x6e, 0x64, 0x6f, 0x77,
	0x73, 0x4d, 0x45, 0x3a, 0x20, 0x4d, 0x69, 0x6c, 0x6c, 0x65, 0x6e, 0x6e, 0x69, 0x75, 0x6d, 0x20,
	0x45, 0x64, 0x69, 0x74, 0x69, 0x6f, 0x6e, 0x00, 0x70, 0x0a, 0x02, 0x4f, 0x53, 0x56, 0x52, 0xa0,
	0x17, 0x4d, 0x43, 0x54, 0x48, 0x5f, 0x4f, 0x53, 0x5f, 0x0d, 0x4c, 0x69, 0x6e, 0x75, 0x78, 0x00,
	0x70, 0x0a, 0x03, 0x4f, 0x53, 0x56, 0x52, 0xa0, 0x19, 0x4d, 0x43, 0x54, 0x48, 0x5f, 0x4f, 0x53,
	0x5f, 0x0d, 0x46, 0x72, 0x65, 0x65, 0x42, 0x53, 0x44, 0x00, 0x70, 0x0a, 0x06, 0x4f, 0x53, 0x56,
	0x52, 0xa0, 0x17, 0x4d, 0x43, 0x54, 0x48, 0x5f, 0x4f, 0x53, 0x5f, 0x0d, 0x48, 0x50, 0x2d, 0x55,
	0x58, 0x00, 0x70, 0x0a, 0x07, 0x4f, 0x53, 0x56, 0x52, 0xa0, 0x19, 0x4d, 0x43, 0x54, 0x48, 0x5f,
	0x4f, 0x53, 0x5f, 0x0d, 0x4f, 0x70, 0x65, 0x6e, 0x56, 0x4d, 0x53, 0x00, 0x70, 0x0a, 0x08, 0x4f,
	0x53, 0x56, 0x52, 0xa4, 0x4f, 0x53, 0x56, 0x52, 0x14, 0x4e, 0x04, 0x4d, 0x43, 0x54, 0x48, 0x02,
	0xa0, 0x08, 0x95, 0x87, 0x68, 0x87, 0x69, 0xa4, 0x00, 0x72, 0x87, 0x68, 0x01, 0x60, 0x08, 0x42,
	0x55, 0x46, 0x30, 0x11, 0x02, 0x60, 0x08, 0x42, 0x55, 0x46, 0x31, 0x11, 0x02, 0x60, 0x70, 0x68,
	0x42, 0x55, 0x46, 0x30, 0x70, 0x69, 0x42, 0x55, 0x46, 0x31, 0xa2, 0x1a, 0x60, 0x76, 0x60, 0xa0,
	0x15, 0x92, 0x93, 0x83, 0x88, 0x42, 0x55, 0x46, 0x30, 0x60, 0x00, 0x83, 0x88, 0x42, 0x55, 0x46,
	0x31, 0x60, 0x00, 0xa4, 0x00, 0xa4, 0x01, 0x08, 0x50, 0x52, 0x57, 0x50, 0x12, 0x04, 0x02, 0x00,
	0x00, 0x14, 0x4b, 0x07, 0x47, 0x50, 0x52, 0x57, 0x02, 0x70, 0x68, 0x88, 0x50, 0x52, 0x57, 0x50,
	0x00, 0x00, 0x70, 0x79, 0x53, 0x53, 0x31, 0x5f, 0x01, 0x00, 0x60, 0x7d, 0x60, 0x79, 0x53, 0x53,
	0x32, 0x5f, 0x0a, 0x02, 0x00, 0x60, 0x7d, 0x60, 0x79, 0x53, 0x53, 0x33, 0x5f, 0x0a, 0x03, 0x00,
	0x60, 0x7d, 0x60, 0x79, 0x53, 0x53, 0x34, 0x5f, 0x0a, 0x04, 0x00, 0x60, 0xa0, 0x11, 0x7b, 0x79,
	0x01, 0x69, 0x00, 0x60, 0x00, 0x70, 0x69, 0x88, 0x50, 0x52, 0x57, 0x50, 0x01, 0x00, 0xa1, 0x29,
	0x7a, 0x60, 0x01, 0x60, 0xa0, 0x18, 0x91, 0x93, 0x4f, 0x53, 0x46, 0x4c, 0x01, 0x93, 0x4f, 0x53,
	0x46, 0x4c, 0x0a, 0x02, 0x81, 0x60, 0x88, 0x50, 0x52, 0x57, 0x50, 0x01, 0x00, 0xa1, 0x0a, 0x82,
	0x60, 0x88, 0x50, 0x52, 0x57, 0x50, 0x01, 0x00, 0xa4, 0x50, 0x52, 0x57, 0x50, 0x08, 0x57, 0x41,
	0x4b, 0x50, 0x12, 0x04, 0x02, 0x00, 0x00, 0x14, 0x24, 0x55, 0x50, 0x57, 0x50, 0x01, 0xa0, 0x12,
	0x83, 0x88, 0x57, 0x41, 0x4b, 0x50, 0x00, 0x00, 0x70, 0x00, 0x88, 0x57, 0x41, 0x4b, 0x50, 0x01,
	0x00, 0xa1, 0x0a, 0x70, 0x68, 0x88, 0x57, 0x41, 0x4b, 0x50, 0x01, 0x00, 0x5b, 0x80, 0x44, 0x45,
	0x42, 0x30, 0x01, 0x0a, 0x80, 0x01, 0x5b, 0x81, 0x0b, 0x44, 0x45, 0x42, 0x30, 0x01, 0x44, 0x42,
	0x47, 0x38, 0x08, 0x5b, 0x80, 0x44, 0x45, 0x42, 0x31, 0x01, 0x0a, 0x90, 0x0a, 0x02, 0x5b, 0x81,
	0x0b, 0x44, 0x45, 0x42, 0x31, 0x02, 0x44, 0x42, 0x47, 0x39, 0x10, 0x08, 0x53, 0x53, 0x31, 0x5f,
	0x00, 0x08, 0x53, 0x53, 0x32, 0x5f, 0x00, 0x08, 0x53, 0x53, 0x33, 0x5f, 0x01, 0x08, 0x53, 0x53,
	0x34, 0x5f, 0x01, 0x08, 0x49, 0x4f, 0x53, 0x54, 0x0b, 0x01, 0x00, 0x08, 0x54, 0x4f, 0x50, 0x4d,
	0x0c, 0x00, 0x00, 0x00, 0x00, 0x08, 0x52, 0x4f, 0x4d, 0x53, 0x0c, 0x00, 0x00, 0xe0, 0xff, 0x08,
	0x56, 0x47, 0x41, 0x46, 0x01, 0x5b, 0x80, 0x44, 0x45, 0x42, 0x32, 0x01, 0x0a, 0x80, 0x0a, 0x02,
	0x5b, 0x81, 0x0b, 0x44, 0x45, 0x42, 0x32, 0x02, 0x50, 0x38, 0x30, 0x48, 0x10, 0x08, 0x4f, 0x53,
	0x54, 0x59, 0xff, 0x5b, 0x80, 0x41, 0x43, 0x4d, 0x53, 0x01, 0x0a, 0x72, 0x0a, 0x02, 0x5b, 0x81,
	0x10, 0x41, 0x43, 0x4d, 0x53, 0x01, 0x41, 0x43, 0x4d, 0x58, 0x08, 0x41, 0x43, 0x4d, 0x41, 0x08,
	0x5b, 0x86, 0x12, 0x41, 0x43, 0x4d, 0x58, 0x41, 0x43, 0x4d, 0x41, 0x01, 0x00, 0x48, 0x5c, 0x49,
	0x4d, 0x45, 0x4e, 0x08, 0x5b, 0x80, 0x50, 0x53, 0x4d, 0x49, 0x01, 0x53, 0x4d, 0x49, 0x4f, 0x0a,
	0x02, 0x5b, 0x81, 0x10, 0x50, 0x53, 0x4d, 0x49, 0x01, 0x41, 0x50, 0x4d, 0x43, 0x08, 0x41, 0x50,
	0x4d, 0x44, 0x08, 0x5b, 0x80, 0x50, 0x4d, 0x52, 0x47, 0x00, 0x0c, 0x00, 0x03, 0xd8, 0xfe, 0x0b,
	0x00, 0x01, 0x5b, 0x81, 0x30, 0x50, 0x4d, 0x52, 0x47, 0x00, 0x00, 0x06, 0x48, 0x50, 0x45, 0x4e,
	0x01, 0x00, 0x49, 0x2f, 0x50, 0x31, 0x45, 0x42, 0x10, 0x00, 0x40, 0x0b, 0x00, 0x14, 0x53, 0x49,
	0x33, 0x56, 0x01, 0x00, 0x2b, 0x53, 0x49, 0x33, 0x52, 0x01, 0x00, 0x4f, 0x37, 0x00, 0x03, 0x52,
	0x53, 0x54, 0x55, 0x01, 0x5b, 0x80, 0x47, 0x53, 0x4d, 0x4d, 0x00, 0x0c, 0x00, 0x00, 0xd8, 0xfe,
	0x0b, 0x00, 0x10, 0x5b, 0x81, 0x37, 0x47, 0x53, 0x4d, 0x4d, 0x00, 0x00, 0x80, 0x44, 0x01, 0x00,
	0x01, 0x43, 0x4c, 0x50, 0x53, 0x01, 0x00, 0x4e, 0x06, 0x00, 0x07, 0x54, 0x4d, 0x53, 0x45, 0x01,
	0x00, 0x48, 0x0c, 0x00, 0x02, 0x53, 0x4c, 0x50, 0x53, 0x02, 0x00, 0x44, 0x85, 0x00, 0x06, 0x50,
	0x57, 0x44, 0x45, 0x01, 0x00, 0x41, 0x14, 0x42, 0x4c, 0x4e, 0x4b, 0x02, 0x5b, 0x80, 0x50, 0x31,
	0x45, 0x30, 0x01, 0x50, 0x31, 0x45, 0x42, 0x0a, 0x04, 0x5b, 0x81, 0x1d, 0x50, 0x31, 0x45, 0x30,
	0x01, 0x00, 0x08, 0x00, 0x06, 0x50, 0x45, 0x57, 0x53, 0x01, 0x57, 0x53, 0x54, 0x41, 0x01, 0x00,
	0x08, 0x00, 0x06, 0x50, 0x45, 0x57, 0x44, 0x01, 0x5b, 0x80, 0x49, 0x4f, 0x43, 0x43, 0x01, 0x50,
	0x4d, 0x42, 0x53, 0x0a, 0x80, 0x5b, 0x81, 0x0f, 0x49, 0x4f, 0x43, 0x43, 0x01, 0x00, 0x08, 0x00,
	0x02, 0x52, 0x54, 0x43, 0x53, 0x01, 0x14, 0x45, 0x07, 0x53, 0x50, 0x54, 0x53, 0x01, 0x70, 0x68,
	0x50, 0x38, 0x30, 0x48, 0xa0, 0x0b, 0x93, 0x68, 0x0a, 0x03, 0x70, 0x01, 0x42, 0x4c, 0x4e, 0x4b,
	0xa0, 0x10, 0x91, 0x93, 0x68, 0x0a, 0x04, 0x93, 0x68, 0x0a, 0x05, 0x70, 0x00, 0x42, 0x4c, 0x4e,
	0x4b, 0xa0, 0x0b, 0x93, 0x68, 0x0a, 0x03, 0x70, 0x00, 0x52, 0x53, 0x54, 0x55, 0x70, 0x01, 0x43,
	0x4c, 0x50, 0x53, 0x70, 0x01, 0x53, 0x4c, 0x50, 0x53, 0x70, 0x50, 0x45, 0x57, 0x53, 0x50, 0x45,
	0x57, 0x53, 0xa0, 0x0b, 0x93, 0x68, 0x0a, 0x03, 0x70, 0x01, 0x53, 0x4c, 0x50, 0x53, 0xa0, 0x11,
	0x93, 0x68, 0x0a, 0x04, 0x70, 0x01, 0x53, 0x4c, 0x50, 0x53, 0x70, 0x01, 0x52, 0x53, 0x54, 0x55,
	0xa0, 0x0b, 0x93, 0x68, 0x0a, 0x05, 0x70, 0x01, 0x50, 0x57, 0x44, 0x45, 0x14, 0x4b, 0x06, 0x53,
	0x57, 0x41, 0x4b, 0x01, 0x70, 0x0a, 0x03, 0x42, 0x4c, 0x4e, 0x4b, 0xa0, 0x0b, 0x93, 0x68, 0x0a,
	0x03, 0x70, 0x01, 0x52, 0x53, 0x54, 0x55, 0x70, 0x50, 0x45, 0x57, 0x53, 0x50, 0x45, 0x57, 0x53,
	0x70, 0x00, 0x50, 0x45, 0x57, 0x44, 0xa0, 0x0f, 0x50, 0x49, 0x43, 0x4d, 0x5c, 0x2e, 0x5f, 0x53,
	0x42, 0x5f, 0x44, 0x53, 0x50, 0x49, 0xa0, 0x0b, 0x54, 0x4d, 0x53, 0x45, 0x70, 0x00, 0x54, 0x4d,
	0x53, 0x45, 0xa0, 0x12, 0x93, 0x68, 0x0a, 0x03, 0x86, 0x5c, 0x2e, 0x5f, 0x53, 0x42, 0x5f, 0x50,
	0x57, 0x52, 0x42, 0x0a, 0x02, 0xa0, 0x12, 0x93, 0x68, 0x0a, 0x04, 0x86, 0x5c, 0x2e, 0x5f, 0x53,
	0x42, 0x5f, 0x50, 0x57, 0x52, 0x42, 0x0a, 0x02, 0x10, 0x05, 0x5f, 0x47, 0x50, 0x45, 0x10, 0x42,
	0x2b, 0x5c, 0x00, 0x5b, 0x82, 0x4c, 0x2a, 0x41, 0x57, 0x57, 0x30, 0x08, 0x5f, 0x48, 0x49, 0x44,
	0x0c, 0x41, 0xd0, 0x0c, 0x14, 0x08, 0x5f, 0x55, 0x49, 0x44, 0x0d, 0x41, 0x57, 0x57, 0x00, 0x08,
	0x5f, 0x57, 0x44, 0x47, 0x11, 0x2b, 0x0a, 0x28, 0x13, 0x12, 0x02, 0xc3, 0xbc, 0xd0, 0xa2, 0x41,
	0xba, 0x17, 0x81, 0x6c, 0xd5, 0xed, 0x77, 0x44, 0x42, 0x43, 0x01, 0x02, 0x21, 0x12, 0x90, 0x05,
	0x66, 0xd5, 0xd1, 0x11, 0xb2, 0xf0, 0x00, 0xa0, 0xc9, 0x06, 0x29, 0x10, 0x4d, 0x4f, 0x01, 0x00,
	0x14, 0x14, 0x57, 0x4d, 0x42, 0x43, 0x03, 0x70, 0x5c, 0x2e, 0x5f, 0x53, 0x42, 0x5f, 0x43, 0x54,
	0x52, 0x4c, 0x60, 0xa4, 0x60, 0x08, 0x57, 0x51, 0x4d, 0x4f, 0x11, 0x46, 0x24, 0x0b, 0x41, 0x02,
	0x46, 0x4f, 0x4d, 0x42, 0x01, 0x00, 0x00, 0x00, 0x31, 0x02, 0x00, 0x00, 0x9c, 0x04, 0x00, 0x00,
	0x44, 0x53, 0x00, 0x01, 0x1a, 0x7d, 0xda, 0x54, 0x28, 0x5a, 0x82, 0x00, 0x01, 0x06, 0x18, 0x42,
	0x20, 0xa4, 0x02, 0x89, 0xc0, 0xa1, 0x21, 0x14, 0x45, 0x01, 0x0c, 0x86, 0xcb, 0x72, 0x20, 0xe4,
	0x82, 0x89, 0x09, 0x10, 0x01, 0x21, 0xaf, 0x02, 0x6c, 0x0a, 0x30, 0x09, 0xa2, 0xfe, 0xfd, 0x21,
	0x4a, 0x82, 0x43, 0x09, 0x81, 0x90, 0x44, 0x01, 0xe6, 0x05, 0xe8, 0x16, 0x60, 0x58, 0x80, 0x6d,
	0x01, 0xa6, 0x05, 0x38, 0x86, 0xa4, 0xd2, 0xc0, 0x29, 0x81, 0xa5, 0x40, 0x48, 0xa8, 0x00, 0xe5,
	0x02, 0x7c, 0x0b, 0xd0, 0x8e, 0x28, 0xc9, 0x02, 0x2c, 0xc3, 0x88, 0xc0, 0xa3, 0x88, 0x6c, 0x34,
	0x4e, 0x50, 0x36, 0x34, 0x4a, 0x06, 0x84, 0x3c, 0x0b, 0xb0, 0x0e, 0x4c, 0x08, 0xec, 0x5e, 0x80,
	0x43, 0x01, 0xce, 0x04, 0x08, 0x13, 0xa0, 0x4c, 0x80, 0x31, 0x08, 0x02, 0xd3, 0xd6, 0x70, 0x04,
	0x54, 0x21, 0x98, 0x50, 0xce, 0x25, 0x52, 0x83, 0x60, 0x42, 0x09, 0x14, 0x24, 0x4c, 0x6f, 0x28,
	0x12, 0x07, 0x22, 0x6d, 0x78, 0xc2, 0x6c, 0x4d, 0x80, 0x45, 0x0c, 0x41, 0x45, 0x08, 0x1a, 0xa1,
	0xfd, 0x41, 0x90, 0x58, 0x0b, 0xd6, 0x50, 0x1d, 0x69, 0x34, 0xa8, 0xe1, 0x25, 0x38, 0x5c, 0x0f,
	0xf5, 0x1c, 0x3b, 0x17, 0x20, 0x7d, 0x92, 0x02, 0x39, 0xc8, 0x73, 0xab, 0x73, 0x9c, 0x04, 0x24,
	0x81, 0xb1, 0x12, 0x74, 0x30, 0x70, 0x28, 0xae, 0x01, 0x35, 0xe3, 0xe3, 0x65, 0x82, 0xe0, 0x50,
	0x43, 0xf4, 0x40, 0xc3, 0x9d, 0xc0, 0x21, 0x32, 0x40, 0xcf, 0xee, 0x68, 0x30, 0x07, 0x00, 0x8f,
	0xec, 0x64, 0xde, 0x03, 0x4a, 0x15, 0x60, 0x76, 0xcc, 0x9a, 0x5a, 0x82, 0xe3, 0x31, 0xf4, 0xe9,
	0x9e, 0xcf, 0x09, 0x27, 0xb0, 0xfc, 0x41, 0xa0, 0x46, 0x66, 0x68, 0xcf, 0xf4, 0xb4, 0x62, 0x86,
	0x3c, 0xfc, 0xc3, 0x62, 0x62, 0x21, 0xf4, 0x41, 0xf0, 0x78, 0xe0, 0xfd, 0xff, 0xc7, 0x03, 0x1e,
	0xc5, 0x67, 0x02, 0x21, 0xbc, 0x12, 0xc4, 0xf6, 0x80, 0x12, 0x94, 0x07, 0x8c, 0x1e, 0x90, 0xfd,
	0x0a, 0x40, 0x08, 0x5e, 0xe6, 0x88, 0xe4, 0x14, 0x41, 0x63, 0xf2, 0xe4, 0x5e, 0x0d, 0x42, 0x3c,
	0x24, 0x14, 0x3e, 0x00, 0xcd, 0xea, 0x31, 0x81, 0x11, 0x14, 0x09, 0x8f, 0x12, 0x03, 0x8f, 0x3a,
	0x04, 0x44, 0x3e, 0x9a, 0x73, 0x09, 0x7f, 0x34, 0x51, 0x4e, 0xe1, 0x70, 0x7c, 0x62, 0x30, 0x42,
	0xf8, 0x72, 0x0f, 0x0e, 0x44, 0xf3, 0x7c, 0x34, 0x89, 0x33, 0x7a, 0x17, 0xf0, 0xd9, 0x80, 0x1d,
	0x2e, 0x1c, 0x89, 0x42, 0x36, 0x16, 0xea, 0xa1, 0x52, 0x61, 0x40, 0x9a, 0x78, 0xdc, 0x98, 0x47,
	0xd1, 0xfb, 0x78, 0x28, 0xca, 0xeb, 0x01, 0x83, 0x38, 0x29, 0x8f, 0x4e, 0xf0, 0x14, 0xc2, 0x12,
	0x48, 0xe8, 0x90, 0x3c, 0x02, 0x47, 0x06, 0xa3, 0x20, 0x1e, 0xbf, 0xe3, 0x40, 0xc8, 0xc9, 0x51,
	0x00, 0x35, 0x3a, 0xdf, 0x04, 0x3c, 0xae, 0x53, 0x3a, 0x8c, 0x03, 0x39, 0x8b, 0x28, 0xaf, 0x0c,
	0x26, 0x30, 0xce, 0x23, 0x03, 0xac, 0x11, 0x1e, 0xce, 0xd9, 0x79, 0x22, 0x86, 0x33, 0xa4, 0xe1,
	0xf8, 0x55, 0xe0, 0x8d, 0x22, 0x01, 0x3f, 0x12, 0xc0, 0xbf, 0x6e, 0xf8, 0x40, 0x70, 0x0a, 0x8f,
	0x1a, 0x6f, 0x19, 0x09, 0x2c, 0xf0, 0x48, 0x00, 0x0a, 0x20, 0x5f, 0x02, 0xac, 0xf4, 0x20, 0x40,
	0xe7, 0x10, 0x22, 0x4c, 0x34, 0x13, 0xfc, 0xff, 0xc3, 0x73, 0xc1, 0x63, 0xa5, 0xb2, 0xc6, 0x85,
	0x1a, 0xaa, 0x4f, 0x07, 0x0c, 0xfb, 0x1d, 0xc0, 0xa2, 0x67, 0xa8, 0x1b, 0xc1, 0x41, 0xbd, 0x3d,
	0x58, 0xa2, 0x53, 0xa9, 0x4e, 0x61, 0x3d, 0x52, 0x0e, 0x6b, 0xb4, 0xb0, 0x07, 0xfc, 0xe4, 0xe0,
	0x5b, 0x87, 0x67, 0x66, 0x8c, 0xb0, 0x1e, 0xad, 0x15, 0xda, 0xf4, 0xa9, 0xd1, 0xa8, 0x55, 0x83,
	0x32, 0x35, 0xca, 0x34, 0xa8, 0xd5, 0xa7, 0x52, 0x63, 0xc6, 0x4e, 0x22, 0x8e, 0xf1, 0x12, 0xd0,
	0x58, 0x2c, 0x62, 0x39, 0x02, 0xb1, 0x74, 0x0a, 0x19, 0x01, 0x51, 0x10, 0x10, 0x01, 0xf9, 0xff,
	0x0f, 0x10, 0x40, 0xd7, 0x5f, 0x53, 0x42, 0x5f, 0x08, 0x50, 0x52, 0x53, 0x41, 0x11, 0x09, 0x0a,
	0x06, 0x23, 0xb0, 0xcc, 0x18, 0x79, 0x00, 0x06, 0x50, 0x52, 0x53, 0x41, 0x50, 0x52, 0x53, 0x42,
	0x06, 0x50, 0x52, 0x53, 0x41, 0x50, 0x52, 0x53, 0x43, 0x06, 0x50, 0x52, 0x53, 0x41, 0x50, 0x52,
	0x53, 0x44, 0x06, 0x50, 0x52, 0x53, 0x41, 0x50, 0x52, 0x53, 0x45, 0x06, 0x50, 0x52, 0x53, 0x41,
	0x50, 0x52, 0x53, 0x46, 0x06, 0x50, 0x52, 0x53, 0x41, 0x50, 0x52, 0x53, 0x47, 0x06, 0x50, 0x52,
	0x53, 0x41, 0x50, 0x52, 0x53, 0x48, 0x08, 0x50, 0x44, 0x30, 0x31, 0x12, 0x34, 0x04, 0x12, 0x0b,
	0x04, 0x0b, 0xff, 0xff, 0x00, 0x4c, 0x4e, 0x4b, 0x41, 0x00, 0x12, 0x0b, 0x04, 0x0b, 0xff, 0xff,
	0x01, 0x4c, 0x4e, 0x4b, 0x42, 0x00, 0x12, 0x0c, 0x04, 0x0b, 0xff, 0xff, 0x0a, 0x02, 0x4c, 0x4e,
	0x4b, 0x43, 0x00, 0x12, 0x0c, 0x04, 0x0b, 0xff, 0xff, 0x0a, 0x03, 0x4c, 0x4e, 0x4b, 0x44, 0x00,
	0x08, 0x41, 0x52, 0x30, 0x31, 0x12, 0x2c, 0x04, 0x12, 0x09, 0x04, 0x0b, 0xff, 0xff, 0x00, 0x00,
	0x0a, 0x18, 0x12, 0x09, 0x04, 0x0b, 0xff, 0xff, 0x01, 0x00, 0x0a, 0x19, 0x12, 0x0a, 0x04, 0x0b,
	0xff, 0xff, 0x0a, 0x02, 0x00, 0x0a, 0x1a, 0x12, 0x0a, 0x04, 0x0b, 0xff, 0xff, 0x0a, 0x03, 0x00,
	0x0a, 0x1b, 0x08, 0x50, 0x44, 0x30, 0x33, 0x12, 0x34, 0x04, 0x12, 0x0b, 0x04, 0x0b, 0xff, 0xff,
	0x00, 0x4c, 0x4e, 0x4b, 0x41, 0x00, 0x12, 0x0b, 0x04, 0x0b, 0xff, 0xff, 0x01, 0x4c, 0x4e, 0x4b,
	0x42, 0x00, 0x12, 0x0c, 0x04, 0x0b, 0xff, 0xff, 0x0a, 0x02, 0x4c, 0x4e, 0x4b, 0x43, 0x00, 0x12,
	0x0c, 0x04, 0x0b, 0xff, 0xff, 0x0a, 0x03, 0x4c, 0x4e, 0x4b, 0x44, 0x00, 0x08, 0x41, 0x52, 0x30,
	0x33, 0x12, 0x2c, 0x04, 0x12, 0x09, 0x04, 0x0b, 0xff, 0xff, 0x00, 0x00, 0x0a, 0x20, 0x12, 0x09,
	0x04, 0x0b, 0xff, 0xff, 0x01, 0x00, 0x0a, 0x21, 0x12, 0x0a, 0x04, 0x0b, 0xff, 0xff, 0x0a, 0x02,
	0x00, 0x0a, 0x22, 0x12, 0x0a, 0x04, 0x0b, 0xff, 0xff, 0x0a, 0x03, 0x00, 0x0a, 0x23, 0x08, 0x50,
	0x44, 0x30, 0x34, 0x12, 0x34, 0x04, 0x12, 0x0b, 0x04, 0x0b, 0xff, 0xff, 0x00, 0x4c, 0x4e, 0x4b,
	0x45, 0x00, 0x12, 0x0b, 0x04, 0x0b, 0xff, 0xff, 0x01, 0x4c, 0x4e, 0x4b, 0x46, 0x00, 0x12, 0x0c,
	0x04, 0x0b, 0xff, 0xff, 0x0a, 0x02, 0x4c, 0x4e, 0x4b, 0x47, 0x00, 0x12, 0x0c, 0x04, 0x0b, 0xff,
	0xff, 0x0a, 0x03, 0x4c, 0x4e, 0x4b, 0x48, 0x00, 0x08, 0x41, 0x52, 0x30, 0x34, 0x12, 0x2c, 0x04,
	0x12, 0x09, 0x04, 0x0b, 0xff, 0xff, 0x00, 0x00, 0x0a, 0x24, 0x12, 0x09, 0x04, 0x0b, 0xff, 0xff,
	0x01, 0x00, 0x0a, 0x25, 0x12, 0x0a, 0x04, 0x0b, 0xff, 0xff, 0x0a, 0x02, 0x00, 0x0a, 0x26, 0x12,
	0x0a, 0x04, 0x0b, 0xff, 0xff, 0x0a, 0x03, 0x00, 0x0a, 0x27, 0x08, 0x50, 0x44, 0x30, 0x35, 0x12,
	0x34, 0x04, 0x12, 0x0b, 0x04, 0x0b, 0xff, 0xff, 0x00, 0x4c, 0x4e, 0x4b, 0x41, 0x00, 0x12, 0x0b,
	0x04, 0x0b, 0xff, 0xff, 0x01, 0x4c, 0x4e, 0x4b, 0x42, 0x00, 0x12, 0x0c, 0x04, 0x0b, 0xff, 0xff,
	0x0a, 0x02, 0x4c, 0x4e, 0x4b, 0x43, 0x00, 0x12, 0x0c, 0x04, 0x0b, 0xff, 0xff, 0x0a, 0x03, 0x4c,
	0x4e, 0x4b, 0x44, 0x00, 0x08, 0x41, 0x52, 0x30, 0x35, 0x12, 0x2c, 0x04, 0x12, 0x09, 0x04, 0x0b,
	0xff, 0xff, 0x00, 0x00, 0x0a, 0x28, 0x12, 0x09, 0x04, 0x0b, 0xff, 0xff, 0x01, 0x00, 0x0a, 0x29,
	0x12, 0x0a, 0x04, 0x0b, 0xff, 0xff, 0x0a, 0x02, 0x00, 0x0a, 0x2a, 0x12, 0x0a, 0x04, 0x0b, 0xff,
	0xff, 0x0a, 0x03, 0x00, 0x0a, 0x2b, 0x08, 0x50, 0x44, 0x30, 0x36, 0x12, 0x34, 0x04, 0x12, 0x0b,
	0x04, 0x0b, 0xff, 0xff, 0x00, 0x4c, 0x4e, 0x4b, 0x45, 0x00, 0x12, 0x0b, 0x04, 0x0b, 0xff, 0xff,
	0x01, 0x4c, 0x4e, 0x4b, 0x46, 0x00, 0x12, 0x0c, 0x04, 0x0b, 0xff, 0xff, 0x0a, 0x02, 0x4c, 0x4e,
	0x4b, 0x47, 0x00, 0x12, 0x0c, 0x04, 0x0b, 0xff, 0xff, 0x0a, 0x03, 0x4c, 0x4e, 0x4b, 0x48, 0x00,
	0x08, 0x41, 0x52, 0x30, 0x36, 0x12, 0x2c, 0x04, 0x12, 0x09, 0x04, 0x0b, 0xff, 0xff, 0x00, 0x00,
	0x0a, 0x2c, 0x12, 0x09, 0x04, 0x0b, 0xff, 0xff, 0x01, 0x00, 0x0a, 0x2d, 0x12, 0x0a, 0x04, 0x0b,
	0xff, 0xff, 0x0a, 0x02, 0x00, 0x0a, 0x2e, 0x12, 0x0a, 0x04, 0x0b, 0xff, 0xff, 0x0a, 0x03, 0x00,
	0x0a, 0x2f, 0x08, 0x50, 0x44, 0x30, 0x37, 0x12, 0x34, 0x04, 0x12, 0x0b, 0x04, 0x0b, 0xff, 0xff,
	0x00, 0x4c, 0x4e, 0x4b, 0x41, 0x00, 0x12, 0x0b, 0x04, 0x0b, 0xff, 0xff, 0x01, 0x4c, 0x4e, 0x4b,
	0x42, 0x00, 0x12, 0x0c, 0x04, 0x0b, 0xff, 0xff, 0x0a, 0x02, 0x4c, 0x4e, 0x4b, 0x43, 0x00, 0x12,
	0x0c, 0x04, 0x0b, 0xff, 0xff, 0x0a, 0x03, 0x4c, 0x4e, 0x4b, 0x44, 0x00, 0x08, 0x41, 0x52, 0x30,
	0x37, 0x12, 0x2c, 0x04, 0x12, 0x09, 0x04, 0x0b, 0xff, 0xff, 0x00, 0x00, 0x0a, 0x30, 0x12, 0x09,
	0x04, 0x0b, 0xff, 0xff, 0x01, 0x00, 0x0a, 0x31, 0x12, 0x0a, 0x04, 0x0b, 0xff, 0xff, 0x0a, 0x02,
	0x00, 0x0a, 0x32, 0x12, 0x0a, 0x04, 0x0b, 0xff, 0xff, 0x0a, 0x03, 0x00, 0x0a, 0x33, 0x08, 0x50,
	0x44, 0x30, 0x38, 0x12, 0x34, 0x04, 0x12, 0x0b, 0x04, 0x0b, 0xff, 0xff, 0x00, 0x4c, 0x4e, 0x4b,
	0x45, 0x00, 0x12, 0x0b, 0x04, 0x0b, 0xff, 0xff, 0x01, 0x4c, 0x4e, 0x4b, 0x46, 0x00, 0x12, 0x0c,
	0x04, 0x0b, 0xff, 0xff, 0x0a, 0x02, 0x4c, 0x4e, 0x4b, 0x47, 0x00, 0x12, 0x0c, 0x04, 0x0b, 0xff,
	0xff, 0x0a, 0x03, 0x4c, 0x4e, 0x4b, 0x48, 0x00, 0x08, 0x41, 0x52, 0x30, 0x38, 0x12, 0x2c, 0x04,
	0x12, 0x09, 0x04, 0x0b, 0xff, 0xff, 0x00, 0x00, 0x0a, 0x34, 0x12, 0x09, 0x04, 0x0b, 0xff, 0xff,
	0x01, 0x00, 0x0a, 0x35, 0x12, 0x0a, 0x04, 0x0b, 0xff, 0xff, 0x0a, 0x02, 0x00, 0x0a, 0x36, 0x12,
	0x0a, 0x04, 0x0b, 0xff, 0xff, 0x0a, 0x03, 0x00, 0x0a, 0x37, 0x08, 0x50, 0x44, 0x30, 0x39, 0x12,
	0x34, 0x04, 0x12, 0x0b, 0x04, 0x0b, 0xff, 0xff, 0x00, 0x4c, 0x4e, 0x4b, 0x47, 0x00, 0x12, 0x0b,
	0x04, 0x0b, 0xff, 0xff, 0x01, 0x4c, 0x4e, 0x4b, 0x48, 0x00, 0x12, 0x0c, 0x04, 0x0b, 0xff, 0xff,
	0x0a, 0x02, 0x4c, 0x4e, 0x4b, 0x45, 0x00, 0x12, 0x0c, 0x04, 0x0b, 0xff, 0xff, 0x0a, 0x03, 0x4c,
	0x4e, 0x4b, 0x46, 0x00, 0x08, 0x41, 0x52, 0x30, 0x39, 0x12, 0x2c, 0x04, 0x12, 0x09, 0x04, 0x0b,
	0xff, 0xff, 0x00, 0x00, 0x0a, 0x36, 0x12, 0x09, 0x04, 0x0b, 0xff, 0xff, 0x01, 0x00, 0x0a, 0x37,
	0x12, 0x0a, 0x04, 0x0b, 0xff, 0xff, 0x0a, 0x02, 0x00, 0x0a, 0x34, 0x12, 0x0a, 0x04, 0x0b, 0xff,
	0xff, 0x0a, 0x03, 0x00, 0x0a, 0x35, 0x08, 0x50, 0x44, 0x30, 0x41, 0x12, 0x34, 0x04, 0x12, 0x0b,
	0x04, 0x0b, 0xff, 0xff, 0x00, 0x4c, 0x4e, 0x4b, 0x43, 0x00, 0x12, 0x0b, 0x04, 0x0b, 0xff, 0xff,
	0x01, 0x4c, 0x4e, 0x4b, 0x44, 0x00, 0x12, 0x0c, 0x04, 0x0b, 0xff, 0xff, 0x0a, 0x02, 0x4c, 0x4e,
	0x4b, 0x41, 0x00, 0x12, 0x0c, 0x04, 0x0b, 0xff, 0xff, 0x0a, 0x03, 0x4c, 0x4e, 0x4b, 0x42, 0x00,
	0x08, 0x41, 0x52, 0x30, 0x41, 0x12, 0x2c, 0x04, 0x12, 0x09, 0x04, 0x0b, 0xff, 0xff, 0x00, 0x00,
	0x0a, 0x32, 0x12, 0x09, 0x04, 0x0b, 0xff, 0xff, 0x01, 0x00, 0x0a, 0x33, 0x12, 0x0a, 0x04, 0x0b,
	0xff, 0xff, 0x0a, 0x02, 0x00, 0x0a, 0x30, 0x12, 0x0a, 0x04, 0x0b, 0xff, 0xff, 0x0a, 0x03, 0x00,
	0x0a, 0x31, 0x08, 0x50, 0x44, 0x30, 0x42, 0x12, 0x34, 0x04, 0x12, 0x0b, 0x04, 0x0b, 0xff, 0xff,
	0x00, 0x4c, 0x4e, 0x4b, 0x47, 0x00, 0x12, 0x0b, 0x04, 0x0b, 0xff, 0xff, 0x01, 0x4c, 0x4e, 0x4b,
	0x48, 0x00, 0x12, 0x0c, 0x04, 0x0b, 0xff, 0xff, 0x0a, 0x02, 0x4c, 0x4e, 0x4b, 0x45, 0x00, 0x12,
	0x0c, 0x04, 0x0b, 0xff, 0xff, 0x0a, 0x03, 0x4c, 0x4e, 0x4b, 0x46, 0x00, 0x08, 0x41, 0x52, 0x30,
	0x42, 0x12, 0x2c, 0x04, 0x12, 0x09, 0x04, 0x0b, 0xff, 0xff, 0x00, 0x00, 0x0a, 0x2e, 0x12, 0x09,
	0x04, 0x0b, 0xff, 0xff, 0x01, 0x00, 0x0a, 0x2f, 0x12, 0x0a, 0x04, 0x0b, 0xff, 0xff, 0x0a, 0x02,
	0x00, 0x0a, 0x2c, 0x12, 0x0a, 0x04, 0x0b, 0xff, 0xff, 0x0a, 0x03, 0x00, 0x0a, 0x2d, 0x08, 0x50,
	0x44, 0x30, 0x43, 0x12, 0x34, 0x04, 0x12, 0x0b, 0x04, 0x0b, 0xff, 0xff, 0x00, 0x4c, 0x4e, 0x4b,
	0x43, 0x00, 0x12, 0x0b, 0x04, 0x0b, 0xff, 0xff, 0x01, 0x4c, 0x4e, 0x4b, 0x44, 0x00, 0x12, 0x0c,
	0x04, 0x0b, 0xff, 0xff, 0x0a, 0x02, 0x4c, 0x4e, 0x4b, 0x41, 0x00, 0x12, 0x0c, 0x04, 0x0b, 0xff,
	0xff, 0x0a, 0x03, 0x4c, 0x4e, 0x4b, 0x42, 0x00, 0x08, 0x41, 0x52, 0x30, 0x43, 0x12, 0x2c, 0x04,
	0x12, 0x09, 0x04, 0x0b, 0xff, 0xff, 0x00, 0x00, 0x0a, 0x2a, 0x12, 0x09, 0x04, 0x0b, 0xff, 0xff,
	0x01, 0x00, 0x0a, 0x2b, 0x12, 0x0a, 0x04, 0x0b, 0xff, 0xff, 0x0a, 0x02, 0x00, 0x0a, 0x28, 0x12,
	0x0a, 0x04, 0x0b, 0xff, 0xff, 0x0a, 0x03, 0x00, 0x0a, 0x29, 0x08, 0x50, 0x44, 0x30, 0x44, 0x12,
	0x34, 0x04, 0x12, 0x0b, 0x04, 0x0b, 0xff, 0xff, 0x00, 0x4c, 0x4e, 0x4b, 0x47, 0x00, 0x12, 0x0b,
	0x04, 0x0b, 0xff, 0xff, 0x01, 0x4c, 0x4e, 0x4b, 0x48, 0x00, 0x12, 0x0c, 0x04, 0x0b, 0xff, 0xff,
	0x0a, 0x02, 0x4c, 0x4e, 0x4b, 0x45, 0x00, 0x12, 0x0c, 0x04, 0x0b, 0xff, 0xff, 0x0a, 0x03, 0x4c,
	0x4e, 0x4b, 0x46, 0x00, 0x08, 0x41, 0x52, 0x30, 0x44, 0x12, 0x2c, 0x04, 0x12, 0x09, 0x04, 0x0b,
	0xff, 0xff, 0x00, 0x00, 0x0a, 0x26, 0x12, 0x09, 0x04, 0x0b, 0xff, 0xff, 0x01, 0x00, 0x0a, 0x27,
	0x12, 0x0a, 0x04, 0x0b, 0xff, 0xff, 0x0a, 0x02, 0x00, 0x0a, 0x24, 0x12, 0x0a, 0x04, 0x0b, 0xff,
	0xff, 0x0a, 0x03, 0x00, 0x0a, 0x25, 0x08, 0x50, 0x44, 0x30, 0x45, 0x12, 0x34, 0x04, 0x12, 0x0b,
	0x04, 0x0b, 0xff, 0xff, 0x00, 0x4c, 0x4e, 0x4b, 0x43, 0x00, 0x12, 0x0b, 0x04, 0x0b, 0xff, 0xff,
	0x01, 0x4c, 0x4e, 0x4b, 0x44, 0x00, 0x12, 0x0c, 0x04, 0x0b, 0xff, 0xff, 0x0a, 0x02, 0x4c, 0x4e,
	0x4b, 0x41, 0x00, 0x12, 0x0c, 0x04, 0x0b, 0xff, 0xff, 0x0a, 0x03, 0x4c, 0x4e, 0x4b, 0x42, 0x00,
	0x08, 0x41, 0x52, 0x30, 0x45, 0x12, 0x2c, 0x04, 0x12, 0x09, 0x04, 0x0b, 0xff, 0xff, 0x00, 0x00,
	0x0a, 0x22, 0x12, 0x09, 0x04, 0x0b, 0xff, 0xff, 0x01, 0x00, 0x0a, 0x23, 0x12, 0x0a, 0x04, 0x0b,
	0xff, 0xff, 0x0a, 0x02, 0x00, 0x0a, 0x20, 0x12, 0x0a, 0x04, 0x0b, 0xff, 0xff, 0x0a, 0x03, 0x00,
	0x0a, 0x21, 0x08, 0x50, 0x44, 0x30, 0x46, 0x12, 0x34, 0x04, 0x12, 0x0b, 0x04, 0x0b, 0xff, 0xff,
	0x00, 0x4c, 0x4e, 0x4b, 0x47, 0x00, 0x12, 0x0b, 0x04, 0x0b, 0xff, 0xff, 0x01, 0x4c, 0x4e, 0x4b,
	0x48, 0x00, 0x12, 0x0c, 0x04, 0x0b, 0xff, 0xff, 0x0a, 0x02, 0x4c, 0x4e, 0x4b, 0x45, 0x00, 0x12,
	0x0c, 0x04, 0x0b, 0xff, 0xff, 0x0a, 0x03, 0x4c, 0x4e, 0x4b, 0x46, 0x00, 0x08, 0x41, 0x52, 0x30,
	0x46, 0x12, 0x2c, 0x04, 0x12, 0x09, 0x04, 0x0b, 0xff, 0xff, 0x00, 0x00, 0x0a, 0x1e, 0x12, 0x09,
	0x04, 0x0b, 0xff, 0xff, 0x01, 0x00, 0x0a, 0x1f, 0x12, 0x0a, 0x04, 0x0b, 0xff, 0xff, 0x0a, 0x02,
	0x00, 0x0a, 0x1c, 0x12, 0x0a, 0x04, 0x0b, 0xff, 0xff, 0x0a, 0x03, 0x00, 0x0a, 0x1d, 0x08, 0x50,
	0x44, 0x31, 0x30, 0x12, 0x34, 0x04, 0x12, 0x0b, 0x04, 0x0b, 0xff, 0xff, 0x00, 0x4c, 0x4e, 0x4b,
	0x43, 0x00, 0x12, 0x0b, 0x04, 0x0b, 0xff, 0xff, 0x01, 0x4c, 0x4e, 0x4b, 0x44, 0x00, 0x12, 0x0c,
	0x04, 0x0b, 0xff, 0xff, 0x0a, 0x02, 0x4c, 0x4e, 0x4b, 0x41, 0x00, 0x12, 0x0c, 0x04, 0x0b, 0xff,
	0xff, 0x0a, 0x03, 0x4c, 0x4e, 0x4b, 0x42, 0x00, 0x08, 0x41, 0x52, 0x31, 0x30, 0x12, 0x2c, 0x04,
	0x12, 0x09, 0x04, 0x0b, 0xff, 0xff, 0x00, 0x00, 0x0a, 0x1a, 0x12, 0x09, 0x04, 0x0b, 0xff, 0xff,
	0x01, 0x00, 0x0a, 0x1b, 0x12, 0x0a, 0x04, 0x0b, 0xff, 0xff, 0x0a, 0x02, 0x00, 0x0a, 0x18, 0x12,
	0x0a, 0x04, 0x0b, 0xff, 0xff, 0x0a, 0x03, 0x00, 0x0a, 0x19, 0x08, 0x50, 0x44, 0x31, 0x31, 0x12,
	0x34, 0x04, 0x12, 0x0b, 0x04, 0x0b, 0xff, 0xff, 0x00, 0x4c, 0x4e, 0x4b, 0x42, 0x00, 0x12, 0x0b,
	0x04, 0x0b, 0xff, 0xff, 0x01, 0x4c, 0x4e, 0x4b, 0x43, 0x00, 0x12, 0x0c, 0x04, 0x0b, 0xff, 0xff,
	0x0a, 0x02, 0x4c, 0x4e, 0x4b, 0x44, 0x00, 0x12, 0x0c, 0x04, 0x0b, 0xff, 0xff, 0x0a, 0x03, 0x4c,
	0x4e, 0x4b, 0x41, 0x00, 0x08, 0x41, 0x52, 0x31, 0x31, 0x12, 0x2c, 0x04, 0x12, 0x09, 0x04, 0x0b,
	0xff, 0xff, 0x00, 0x00, 0x0a, 0x19, 0x12, 0x09, 0x04, 0x0b, 0xff, 0xff, 0x01, 0x00, 0x0a, 0x1a,
	0x12, 0x0a, 0x04, 0x0b, 0xff, 0xff, 0x0a, 0x02, 0x00, 0x0a, 0x1b, 0x12, 0x0a, 0x04, 0x0b, 0xff,
	0xff, 0x0a, 0x03, 0x00, 0x0a, 0x18, 0x08, 0x50, 0x44, 0x31, 0x33, 0x12, 0x34, 0x04, 0x12, 0x0b,
	0x04, 0x0b, 0xff, 0xff, 0x00, 0x4c, 0x4e, 0x4b, 0x42, 0x00, 0x12, 0x0b, 0x04, 0x0b, 0xff, 0xff,
	0x01, 0x4c, 0x4e, 0x4b, 0x43, 0x00, 0x12, 0x0c, 0x04, 0x0b, 0xff, 0xff, 0x0a, 0x02, 0x4c, 0x4e,
	0x4b, 0x44, 0x00, 0x12, 0x0c, 0x04, 0x0b, 0xff, 0xff, 0x0a, 0x03, 0x4c, 0x4e, 0x4b, 0x41, 0x00,
	0x08, 0x41, 0x52, 0x31, 0x33, 0x12, 0x2c, 0x04, 0x12, 0x09, 0x04, 0x0b, 0xff, 0xff, 0x00, 0x00,
	0x0a, 0x21, 0x12, 0x09, 0x04, 0x0b, 0xff, 0xff, 0x01, 0x00, 0x0a, 0x22, 0x12, 0x0a, 0x04, 0x0b,
	0xff, 0xff, 0x0a, 0x02, 0x00, 0x0a, 0x23, 0x12, 0x0a, 0x04, 0x0b, 0xff, 0xff, 0x0a, 0x03, 0x00,
	0x0a, 0x20, 0x08, 0x50, 0x44, 0x31, 0x34, 0x12, 0x34, 0x04, 0x12, 0x0b, 0x04, 0x0b, 0xff, 0xff,
	0x00, 0x4c, 0x4e, 0x4b, 0x46, 0x00, 0x12, 0x0b, 0x04, 0x0b, 0xff, 0xff, 0x01, 0x4c, 0x4e, 0x4b,
	0x47, 0x00, 0x12, 0x0c, 0x04, 0x0b, 0xff, 0xff, 0x0a, 0x02, 0x4c, 0x4e, 0x4b, 0x48, 0x00, 0x12,
	0x0c, 0x04, 0x0b, 0xff, 0xff, 0x0a, 0x03, 0x4c, 0x4e, 0x4b, 0x45, 0x00, 0x08, 0x41, 0x52, 0x31,
	0x34, 0x12, 0x2c, 0x04, 0x12, 0x09, 0x04, 0x0b, 0xff, 0xff, 0x00, 0x00, 0x0a, 0x25, 0x12, 0x09,
	0x04, 0x0b, 0xff, 0xff, 0x01, 0x00, 0x0a, 0x26, 0x12, 0x0a, 0x04, 0x0b, 0xff, 0xff, 0x0a, 0x02,
	0x00, 0x0a, 0x27, 0x12, 0x0a, 0x04, 0x0b, 0xff, 0xff, 0x0a, 0x03, 0x00, 0x0a, 0x24, 0x08, 0x50,
	0x44, 0x33, 0x30, 0x12, 0x34, 0x04, 0x12, 0x0b, 0x04, 0x0b, 0xff, 0xff, 0x00, 0x4c, 0x4e, 0x4b,
	0x42, 0x00, 0x12, 0x0b, 0x04, 0x0b, 0xff, 0xff, 0x01, 0x4c, 0x4e, 0x4b, 0x43, 0x00, 0x12, 0x0c,
	0x04, 0x0b, 0xff, 0xff, 0x0a, 0x02, 0x4c, 0x4e, 0x4b, 0x44, 0x00, 0x12, 0x0c, 0x04, 0x0b, 0xff,
	0xff, 0x0a, 0x03, 0x4c, 0x4e, 0x4b, 0x41, 0x00, 0x08, 0x41, 0x52, 0x33, 0x30, 0x12, 0x2c, 0x04,
	0x12, 0x09, 0x04, 0x0b, 0xff, 0xff, 0x00, 0x00, 0x0a, 0x29, 0x12, 0x09, 0x04, 0x0b, 0xff, 0xff,
	0x01, 0x00, 0x0a, 0x2a, 0x12, 0x0a, 0x04, 0x0b, 0xff, 0xff, 0x0a, 0x02, 0x00, 0x0a, 0x2b, 0x12,
	0x0a, 0x04, 0x0b, 0xff, 0xff, 0x0a, 0x03, 0x00, 0x0a, 0x28, 0x08, 0x50, 0x44, 0x33, 0x31, 0x12,
	0x34, 0x04, 0x12, 0x0b, 0x04, 0x0b, 0xff, 0xff, 0x00, 0x4c, 0x4e, 0x4b, 0x46, 0x00, 0x12, 0x0b,
	0x04, 0x0b, 0xff, 0xff, 0x01, 0x4c, 0x4e, 0x4b, 0x47, 0x00, 0x12, 0x0c, 0x04, 0x0b, 0xff, 0xff,
	0x0a, 0x02, 0x4c, 0x4e, 0x4b, 0x48, 0x00, 0x12, 0x0c, 0x04, 0x0b, 0xff, 0xff, 0x0a, 0x03, 0x4c,
	0x4e, 0x4b, 0x45, 0x00, 0x08, 0x41, 0x52, 0x33, 0x31, 0x12, 0x2c, 0x04, 0x12, 0x09, 0x04, 0x0b,
	0xff, 0xff, 0x00, 0x00, 0x0a, 0x2d, 0x12, 0x09, 0x04, 0x0b, 0xff, 0xff, 0x01, 0x00, 0x0a, 0x2e,
	0x12, 0x0a, 0x04, 0x0b, 0xff, 0xff, 0x0a, 0x02, 0x00, 0x0a, 0x2f, 0x12, 0x0a, 0x04, 0x0b, 0xff,
	0xff, 0x0a, 0x03, 0x00, 0x0a, 0x2c, 0x08, 0x50, 0x44, 0x32, 0x32, 0x12, 0x02, 0x00, 0x08, 0x41,
	0x52, 0x32, 0x32, 0x12, 0x02, 0x00, 0x08, 0x50, 0x44, 0x32, 0x33, 0x12, 0x02, 0x00, 0x08, 0x41,
	0x52, 0x32, 0x33, 0x12, 0x02, 0x00, 0x08, 0x50, 0x44, 0x32, 0x34, 0x12, 0x02, 0x00, 0x08, 0x41,
	0x52, 0x32, 0x34, 0x12, 0x02, 0x00, 0x08, 0x50, 0x44, 0x32, 0x35, 0x12, 0x02, 0x00, 0x08, 0x41,
	0x52, 0x32, 0x35, 0x12, 0x02, 0x00, 0x08, 0x50, 0x44, 0x32, 0x36, 0x12, 0x02, 0x00, 0x08, 0x41,
	0x52, 0x32, 0x36, 0x12, 0x02, 0x00, 0x08, 0x50, 0x44, 0x32, 0x37, 0x12, 0x02, 0x00, 0x08, 0x41,
	0x52, 0x32, 0x37, 0x12, 0x02, 0x00, 0x08, 0x50, 0x44, 0x32, 0x38, 0x12, 0x02, 0x00, 0x08, 0x41,
	0x52, 0x32, 0x38, 0x12, 0x02, 0x00, 0x08, 0x50, 0x44, 0x32, 0x39, 0x12, 0x02, 0x00, 0x08, 0x41,
	0x52, 0x32, 0x39, 0x12, 0x02, 0x00, 0x08, 0x50, 0x44, 0x32, 0x41, 0x12, 0x02, 0x00, 0x08, 0x41,
	0x52, 0x32, 0x41, 0x12, 0x02, 0x00, 0x08, 0x50, 0x44, 0x32, 0x42, 0x12, 0x02, 0x00, 0x08, 0x41,
	0x52, 0x32, 0x42, 0x12, 0x02, 0x00, 0x08, 0x50, 0x44, 0x32, 0x43, 0x12, 0x02, 0x00, 0x08, 0x41,
	0x52, 0x32, 0x43, 0x12, 0x02, 0x00, 0x08, 0x50, 0x44, 0x30, 0x30, 0x12, 0x44, 0x11, 0x13, 0x12,
	0x0d, 0x04, 0x0c, 0xff, 0xff, 0x01, 0x00, 0x00, 0x4c, 0x4e, 0x4b, 0x41, 0x00, 0x12, 0x0d, 0x04,
	0x0c, 0xff, 0xff, 0x01, 0x00, 0x01, 0x4c, 0x4e, 0x4b, 0x42, 0x00, 0x12, 0x0e, 0x04, 0x0c, 0xff,
	0xff, 0x01, 0x00, 0x0a, 0x02, 0x4c, 0x4e, 0x4b, 0x43, 0x00, 0x12, 0x0e, 0x04, 0x0c, 0xff, 0xff,
	0x01, 0x00, 0x0a, 0x03, 0x4c, 0x4e, 0x4b, 0x44, 0x00, 0x12, 0x0d, 0x04, 0x0c, 0xff, 0xff, 0x02,
	0x00, 0x00, 0x4c, 0x4e, 0x4b, 0x44, 0x00, 0x12, 0x0d, 0x04, 0x0c, 0xff, 0xff, 0x03, 0x00, 0x00,
	0x4c, 0x4e, 0x4b, 0x45, 0x00, 0x12, 0x0d, 0x04, 0x0c, 0xff, 0xff, 0x03, 0x00, 0x01, 0x4c, 0x4e,
	0x4b, 0x46, 0x00, 0x12, 0x0e, 0x04, 0x0c, 0xff, 0xff, 0x03, 0x00, 0x0a, 0x02, 0x4c, 0x4e, 0x4b,
	0x47, 0x00, 0x12, 0x0e, 0x04, 0x0c, 0xff, 0xff, 0x03, 0x00, 0x0a, 0x03, 0x4c, 0x4e, 0x4b, 0x48,
	0x00, 0x12, 0x0d, 0x04, 0x0c, 0xff, 0xff, 0x04, 0x00, 0x00, 0x4c, 0x4e, 0x4b, 0x48, 0x00, 0x12,
	0x0d, 0x04, 0x0c, 0xff, 0xff, 0x05, 0x00, 0x00, 0x4c, 0x4e, 0x4b, 0x41, 0x00, 0x12, 0x0d, 0x04,
	0x0c, 0xff, 0xff, 0x07, 0x00, 0x00, 0x4c, 0x4e, 0x4b, 0x43, 0x00, 0x12, 0x0d, 0x04, 0x0c, 0xff,
	0xff, 0x08, 0x00, 0x00, 0x4c, 0x4e, 0x4b, 0x44, 0x00, 0x12, 0x0d, 0x04, 0x0c, 0xff, 0xff, 0x08,
	0x00, 0x01, 0x4c, 0x4e, 0x4b, 0x43, 0x00, 0x12, 0x0e, 0x04, 0x0c, 0xff, 0xff, 0x08, 0x00, 0x0a,
	0x02, 0x4c, 0x4e, 0x4b, 0x44, 0x00, 0x12, 0x0d, 0x04, 0x0c, 0xff, 0xff, 0x14, 0x00, 0x00, 0x4c,
	0x4e, 0x4b, 0x41, 0x00, 0x12, 0x0d, 0x04, 0x0c, 0xff, 0xff, 0x14, 0x00, 0x01, 0x4c, 0x4e, 0x4b,
	0x42, 0x00, 0x12, 0x0e, 0x04, 0x0c, 0xff, 0xff, 0x14, 0x00, 0x0a, 0x02, 0x4c, 0x4e, 0x4b, 0x43,
	0x00, 0x12, 0x0e, 0x04, 0x0c, 0xff, 0xff, 0x14, 0x00, 0x0a, 0x03, 0x4c, 0x4e, 0x4b, 0x44, 0x00,
	0x08, 0x41, 0x52, 0x30, 0x30, 0x12, 0x4e, 0x0e, 0x13, 0x12, 0x0b, 0x04, 0x0c, 0xff, 0xff, 0x01,
	0x00, 0x00, 0x00, 0x0a, 0x28, 0x12, 0x0b, 0x04, 0x0c, 0xff, 0xff, 0x01, 0x00, 0x01, 0x00, 0x0a,
	0x29, 0x12, 0x0c, 0x04, 0x0c, 0xff, 0xff, 0x01, 0x00, 0x0a, 0x02, 0x00, 0x0a, 0x2a, 0x12, 0x0c,
	0x04, 0x0c, 0xff, 0xff, 0x01, 0x00, 0x0a, 0x03, 0x00, 0x0a, 0x2b, 0x12, 0x0b, 0x04, 0x0c, 0xff,
	0xff, 0x02, 0x00, 0x00, 0x00, 0x0a, 0x2b, 0x12, 0x0b, 0x04, 0x0c, 0xff, 0xff, 0x03, 0x00, 0x00,
	0x00, 0x0a, 0x24, 0x12, 0x0b, 0x04, 0x0c, 0xff, 0xff, 0x03, 0x00, 0x01, 0x00, 0x0a, 0x25, 0x12,
	0x0c, 0x04, 0x0c, 0xff, 0xff, 0x03, 0x00, 0x0a, 0x02, 0x00, 0x0a, 0x26, 0x12, 0x0c, 0x04, 0x0c,
	0xff, 0xff, 0x03, 0x00, 0x0a, 0x03, 0x00, 0x0a, 0x27, 0x12, 0x0b, 0x04, 0x0c, 0xff, 0xff, 0x04,
	0x00, 0x00, 0x00, 0x0a, 0x27, 0x12, 0x0b, 0x04, 0x0c, 0xff, 0xff, 0x05, 0x00, 0x00, 0x00, 0x0a,
	0x20, 0x12, 0x0b, 0x04, 0x0c, 0xff, 0xff, 0x07, 0x00, 0x00, 0x00, 0x0a, 0x22, 0x12, 0x0b, 0x04,
	0x0c, 0xff, 0xff, 0x08, 0x00, 0x00, 0x00, 0x0a, 0x23, 0x12, 0x0b, 0x04, 0x0c, 0xff, 0xff, 0x08,
	0x00, 0x01, 0x00, 0x0a, 0x22, 0x12, 0x0c, 0x04, 0x0c, 0xff, 0xff, 0x08, 0x00, 0x0a, 0x02, 0x00,
	0x0a, 0x23, 0x12, 0x0b, 0x04, 0x0c, 0xff, 0xff, 0x14, 0x00, 0x00, 0x00, 0x0a, 0x10, 0x12, 0x0b,
	0x04, 0x0c, 0xff, 0xff, 0x14, 0x00, 0x01, 0x00, 0x0a, 0x11, 0x12, 0x0c, 0x04, 0x0c, 0xff, 0xff,
	0x14, 0x00, 0x0a, 0x02, 0x00, 0x0a, 0x12, 0x12, 0x0c, 0x04, 0x0c, 0xff, 0xff, 0x14, 0x00, 0x0a,
	0x03, 0x00, 0x0a, 0x13, 0x08, 0x50, 0x44, 0x32, 0x30, 0x12, 0x34, 0x04, 0x12, 0x0b, 0x04, 0x0b,
	0xff, 0xff, 0x00, 0x4c, 0x4e, 0x4b, 0x45, 0x00, 0x12, 0x0b, 0x04, 0x0b, 0xff, 0xff, 0x01, 0x4c,
	0x4e, 0x4b, 0x46, 0x00, 0x12, 0x0c, 0x04, 0x0b, 0xff, 0xff, 0x0a, 0x02, 0x4c, 0x4e, 0x4b, 0x47,
	0x00, 0x12, 0x0c, 0x04, 0x0b, 0xff, 0xff, 0x0a, 0x03, 0x4c, 0x4e, 0x4b, 0x48, 0x00, 0x08, 0x41,
	0x52, 0x32, 0x30, 0x12, 0x2c, 0x04, 0x12, 0x09, 0x04, 0x0b, 0xff, 0xff, 0x00, 0x00, 0x0a, 0x1c,
	0x12, 0x09, 0x04, 0x0b, 0xff, 0xff, 0x01, 0x00, 0x0a, 0x1d, 0x12, 0x0a, 0x04, 0x0b, 0xff, 0xff,
	0x0a, 0x02, 0x00, 0x0a, 0x1e, 0x12, 0x0a, 0x04, 0x0b, 0xff, 0xff, 0x0a, 0x03, 0x00, 0x0a, 0x1f,
	0x08, 0x50, 0x44, 0x32, 0x31, 0x12, 0x49, 0x0c, 0x0e, 0x12, 0x0b, 0x04, 0x0b, 0xff, 0xff, 0x00,
	0x4c, 0x4e, 0x4b, 0x45, 0x00, 0x12, 0x0d, 0x04, 0x0c, 0xff, 0xff, 0x01, 0x00, 0x00, 0x4c, 0x4e,
	0x4b, 0x46, 0x00, 0x12, 0x0d, 0x04, 0x0c, 0xff, 0xff, 0x01, 0x00, 0x01, 0x4c, 0x4e, 0x4b, 0x47,
	0x00, 0x12, 0x0e, 0x04, 0x0c, 0xff, 0xff, 0x01, 0x00, 0x0a, 0x02, 0x4c, 0x4e, 0x4b, 0x48, 0x00,
	0x12, 0x0e, 0x04, 0x0c, 0xff, 0xff, 0x01, 0x00, 0x0a, 0x03, 0x4c, 0x4e, 0x4b, 0x45, 0x00, 0x12,
	0x0d, 0x04, 0x0c, 0xff, 0xff, 0x02, 0x00, 0x00, 0x4c, 0x4e, 0x4b, 0x47, 0x00, 0x12, 0x0d, 0x04,
	0x0c, 0xff, 0xff, 0x02, 0x00, 0x01, 0x4c, 0x4e, 0x4b, 0x48, 0x00, 0x12, 0x0e, 0x04, 0x0c, 0xff,
	0xff, 0x02, 0x00, 0x0a, 0x02, 0x4c, 0x4e, 0x4b, 0x45, 0x00, 0x12, 0x0e, 0x04, 0x0c, 0xff, 0xff,
	0x02, 0x00, 0x0a, 0x03, 0x4c, 0x4e, 0x4b, 0x46, 0x00, 0x12, 0x0d, 0x04, 0x0c, 0xff, 0xff, 0x03,
	0x00, 0x00, 0x4c, 0x4e, 0x4b, 0x48, 0x00, 0x12, 0x0d, 0x04, 0x0c, 0xff, 0xff, 0x04, 0x00, 0x00,
	0x4c, 0x4e, 0x4b, 0x45, 0x00, 0x12, 0x0d, 0x04, 0x0c, 0xff, 0xff, 0x05, 0x00, 0x00, 0x4c, 0x4e,
	0x4b, 0x46, 0x00, 0x12, 0x0d, 0x04, 0x0c, 0xff, 0xff, 0x06, 0x00, 0x00, 0x4c, 0x4e, 0x4b, 0x47,
	0x00, 0x12, 0x0d, 0x04, 0x0c, 0xff, 0xff, 0x07, 0x00, 0x00, 0x4c, 0x4e, 0x4b, 0x48, 0x00, 0x08,
	0x41, 0x52, 0x32, 0x31, 0x12, 0x4d, 0x0a, 0x0e, 0x12, 0x09, 0x04, 0x0b, 0xff, 0xff, 0x00, 0x00,
	0x0a, 0x1c, 0x12, 0x0b, 0x04, 0x0c, 0xff, 0xff, 0x01, 0x00, 0x00, 0x00, 0x0a, 0x1d, 0x12, 0x0b,
	0x04, 0x0c, 0xff, 0xff, 0x01, 0x00, 0x01, 0x00, 0x0a, 0x1e, 0x12, 0x0c, 0x04, 0x0c, 0xff, 0xff,
	0x01, 0x00, 0x0a, 0x02, 0x00, 0x0a, 0x1f, 0x12, 0x0c, 0x04, 0x0c, 0xff, 0xff, 0x01, 0x00, 0x0a,
	0x03, 0x00, 0x0a, 0x1c, 0x12, 0x0b, 0x04, 0x0c, 0xff, 0xff, 0x02, 0x00, 0x00, 0x00, 0x0a, 0x1e,
	0x12, 0x0b, 0x04, 0x0c, 0xff, 0xff, 0x02, 0x00, 0x01, 0x00, 0x0a, 0x1f, 0x12, 0x0c, 0x04, 0x0c,
	0xff, 0xff, 0x02, 0x00, 0x0a, 0x02, 0x00, 0x0a, 0x1c, 0x12, 0x0c, 0x04, 0x0c, 0xff, 0xff, 0x02,
	0x00, 0x0a, 0x03, 0x00, 0x0a, 0x1d, 0x12, 0x0b, 0x04, 0x0c, 0xff, 0xff, 0x03, 0x00, 0x00, 0x00,
	0x0a, 0x1f, 0x12, 0x0b, 0x04, 0x0c, 0xff, 0xff, 0x04, 0x00, 0x00, 0x00, 0x0a, 0x1c, 0x12, 0x0b,
	0x04, 0x0c, 0xff, 0xff, 0x05, 0x00, 0x00, 0x00, 0x0a, 0x1d, 0x12, 0x0b, 0x04, 0x0c, 0xff, 0xff,
	0x06, 0x00, 0x00, 0x00, 0x0a, 0x1e, 0x12, 0x0b, 0x04, 0x0c, 0xff, 0xff, 0x07, 0x00, 0x00, 0x00,
	0x0a, 0x1f, 0x10, 0x86, 0x91, 0x02, 0x5f, 0x53, 0x42, 0x5f, 0x5b, 0x82, 0x8d, 0x90, 0x02, 0x50,
	0x43, 0x49, 0x30, 0x08, 0x5f, 0x48, 0x49, 0x44, 0x0c, 0x41, 0xd0, 0x0a, 0x08, 0x08, 0x5f, 0x43,
	0x49, 0x44, 0x0c, 0x41, 0xd0, 0x0a, 0x03, 0x08, 0x5f, 0x41, 0x44, 0x52, 0x00, 0x14, 0x09, 0x5e,
	0x42, 0x4e, 0x30, 0x30, 0x00, 0xa4, 0x00, 0x14, 0x0b, 0x5f, 0x42, 0x42, 0x4e, 0x00, 0xa4, 0x42,
	0x4e, 0x30, 0x30, 0x08, 0x5f, 0x55, 0x49, 0x44, 0x00, 0x14, 0x16, 0x5f, 0x50, 0x52, 0x54, 0x00,
	0xa0, 0x0a, 0x50, 0x49, 0x43, 0x4d, 0xa4, 0x41, 0x52, 0x30, 0x30, 0xa4, 0x50, 0x44, 0x30, 0x30,
	0x5b, 0x82, 0x49, 0x06, 0x41, 0x4d, 0x44, 0x4e, 0x08, 0x5f, 0x48, 0x49, 0x44, 0x0c, 0x41, 0xd0,
	0x0c, 0x01, 0x08, 0x5f, 0x55, 0x49, 0x44, 0x0a, 0xc8, 0x08, 0x5f, 0x53, 0x54, 0x41, 0x0a, 0x0f,
	0x08, 0x4e, 0x50, 0x54, 0x52, 0x11, 0x11, 0x0a, 0x0e, 0x86, 0x09, 0x00, 0x01, 0x00, 0x00, 0x00,
	0x00, 0x00, 0x00, 0x00, 0x00, 0x79, 0x00, 0x14, 0x33, 0x5f, 0x43, 0x52, 0x53, 0x00, 0x8a, 0x4e,
	0x50, 0x54, 0x52, 0x0a, 0x08, 0x50, 0x4c, 0x5f, 0x5f, 0x8a, 0x4e, 0x50, 0x54, 0x52, 0x0a, 0x04,
	0x50, 0x42, 0x5f, 0x5f, 0x70, 0x50, 0x45, 0x42, 0x53, 0x50, 0x42, 0x5f, 0x5f, 0x70, 0x50, 0x45,
	0x42, 0x4c, 0x50, 0x4c, 0x5f, 0x5f, 0xa4, 0x4e, 0x50, 0x54, 0x52, 0x14, 0x0b, 0x4e, 0x50, 0x54,
	0x53, 0x01, 0x41, 0x50, 0x54, 0x53, 0x68, 0x14, 0x0b, 0x4e, 0x57, 0x41, 0x4b, 0x01, 0x41, 0x57,
	0x41, 0x4b, 0x68, 0x08, 0x43, 0x50, 0x52, 0x42, 0x01, 0x08, 0x4c, 0x56, 0x47, 0x41, 0x0a, 0x01,
	0x08, 0x53, 0x54, 0x41, 0x56, 0x0a, 0x0f, 0x08, 0x42, 0x52, 0x42, 0x5f, 0x0b, 0x00, 0x00, 0x08,
	0x42, 0x52, 0x4c, 0x5f, 0x0b, 0x00, 0x01, 0x08, 0x49, 0x4f, 0x42, 0x5f, 0x0b, 0x00, 0x10, 0x08,
	0x49, 0x4f, 0x4c, 0x5f, 0x0b, 0x00, 0xf0, 0x08, 0x4d, 0x42, 0x42, 0x5f, 0x0c, 0x00, 0x00, 0x00,
	0xd0, 0x08, 0x4d, 0x42, 0x4c, 0x5f, 0x0c, 0x00, 0x00, 0x00, 0x2d, 0x08, 0x4d, 0x41, 0x42, 0x5f,
	0x0e, 0x00, 0x00, 0x00, 0x30, 0x04, 0x00, 0x00, 0x00, 0x08, 0x4d, 0x41, 0x4c, 0x5f, 0x0e, 0x00,
	0x00, 0x00, 0xd0, 0x7b, 0x00, 0x00, 0x00, 0x08, 0x4d, 0x41, 0x4d, 0x5f, 0x0e, 0xff, 0xff, 0xff,
	0xff, 0x7f, 0x00, 0x00, 0x00, 0x08, 0x43, 0x52, 0x53, 0x31, 0x11, 0x44, 0x0f, 0x0a, 0xf0, 0x88,
	0x0d, 0x00, 0x02, 0x0c, 0x00, 0x00, 0x00, 0x00, 0x00, 0x7f, 0x00, 0x00, 0x00, 0x80, 0x00, 0x47,
	0x01, 0xf8, 0x0c, 0xf8, 0x0c, 0x01, 0x08, 0x88, 0x0d, 0x00, 0x01, 0x0c, 0x03, 0x00, 0x00, 0x00,
	0x00, 0xaf, 0x03, 0x00, 0x00, 0xb0, 0x03, 0x88, 0x0d, 0x00, 0x01, 0x0c, 0x03, 0x00, 0x00, 0xe0,
	0x03, 0xf7, 0x0c, 0x00, 0x00, 0x18, 0x09, 0x88, 0x0d, 0x00, 0x01, 0x0c, 0x03, 0x00, 0x00, 0x00,
	0x00, 0x00, 0x00, 0x00, 0x00, 0x00, 0x00, 0x88, 0x0d, 0x00, 0x01, 0x0c, 0x03, 0x00, 0x00, 0x00,
	0x0d, 0xff, 0x0f, 0x00, 0x00, 0x00, 0x03, 0x87, 0x17, 0x00, 0x00, 0x0c, 0x03, 0x00, 0x00, 0x00,
	0x00, 0x00, 0x00, 0x00, 0x00, 0x00, 0x00, 0x00, 0x00, 0x00, 0x00, 0x00, 0x00, 0x00, 0x00, 0x00,
	0x00, 0x87, 0x17, 0x00, 0x00, 0x0c, 0x01, 0x00, 0x00, 0x00, 0x00, 0x00, 0x00, 0x0c, 0x00, 0xff,
	0xff, 0x0d, 0x00, 0x00, 0x00, 0x00, 0x00, 0x00, 0x00, 0x02, 0x00, 0x87, 0x17, 0x00, 0x00, 0x0c,
	0x03, 0x00, 0x00, 0x00, 0x00, 0x00, 0x00, 0x00, 0x02, 0xff, 0xff, 0xdf, 0xff, 0x00, 0x00, 0x00,
	0x00, 0x00, 0x00, 0xe0, 0xfd, 0x87, 0x17, 0x00, 0x00, 0x0c, 0x03, 0x00, 0x00, 0x00, 0x00, 0x00,
	0x00, 0x00, 0x02, 0xff, 0xff, 0xdf, 0xff, 0x00, 0x00, 0x00, 0x00, 0x00, 0x00, 0xe0, 0xfd, 0x8a,
	0x2b, 0x00, 0x00, 0x0c, 0x03, 0x00, 0x00, 0x00, 0x00, 0x00, 0x00, 0x00, 0x00, 0x00, 0x00, 0x00,
	0x00, 0x00, 0x00, 0x00, 0x00, 0x00, 0x00, 0x00, 0x00, 0x00, 0x00, 0x00, 0x00, 0x00, 0x00, 0x00,
	0x00, 0x00, 0x00, 0x00, 0x00, 0x00, 0x00, 0x00, 0x00, 0x00, 0x00, 0x00, 0x00, 0x79, 0x00, 0x08,
	0x43, 0x52, 0x53, 0x32, 0x11, 0x42, 0x0b, 0x0a, 0xae, 0x88, 0x0d, 0x00, 0x02, 0x0c, 0x00, 0x00,
	0x00, 0x80, 0x00, 0xff, 0x00, 0x00, 0x00, 0x80, 0x00, 0x88, 0x0d, 0x00, 0x01, 0x0c, 0x03, 0x00,
	0x00, 0x00, 0x00, 0x00, 0x00, 0x00, 0x00, 0x00, 0x00, 0x88, 0x0d, 0x00, 0x01, 0x0c, 0x03, 0x00,
	0x00, 0x00, 0x00, 0x00, 0x00, 0x00, 0x00, 0x00, 0x00, 0x87, 0x17, 0x00, 0x00, 0x0c, 0x03, 0x00,
	0x00, 0x00, 0x00, 0x00, 0x00, 0x00, 0x00, 0x00, 0x00, 0x00, 0x00, 0x00, 0x00, 0x00, 0x00, 0x00,
	0x00, 0x00, 0x00, 0x87, 0x17, 0x00, 0x00, 0x0c, 0x03, 0x00, 0x00, 0x00, 0x00, 0x00, 0x00, 0x00,
	0x80, 0xff, 0xff, 0xff, 0xff, 0x00, 0x00, 0x00, 0x00, 0x00, 0x00, 0x00, 0x80, 0x87, 0x17, 0x00,
	0x00, 0x0c, 0x03, 0x00, 0x00, 0x00, 0x00, 0x00, 0x00, 0x00, 0x80, 0xff, 0xff, 0xff, 0xff, 0x00,
	0x00, 0x00, 0x00, 0x00, 0x00, 0x00, 0x80, 0x8a, 0x2b, 0x00, 0x00, 0x0c, 0x03, 0x00, 0x00, 0x00,
	0x00, 0x00, 0x00, 0x00, 0x00, 0x00, 0x00, 0x00, 0x00, 0x00, 0x00, 0x00, 0x00, 0x00, 0x00, 0x00,
	0x00, 0x00, 0x00, 0x00, 0x00, 0x00, 0x00, 0x00, 0x00, 0x00, 0x00, 0x00, 0x00, 0x00, 0x00, 0x00,
	0x00, 0x00, 0x00, 0x00, 0x00, 0x79, 0x00, 0x14, 0x0b, 0x5f, 0x53, 0x54, 0x41, 0x00, 0xa4, 0x53,
	0x54, 0x41, 0x56, 0x14, 0x41, 0x49, 0x5f, 0x43, 0x52, 0x53, 0x08, 0xa0, 0x41, 0x29, 0x43, 0x50,
	0x52, 0x42, 0x8b, 0x43, 0x52, 0x53, 0x31, 0x0a, 0x08, 0x4d, 0x49, 0x4e, 0x30, 0x8b, 0x43, 0x52,
	0x53, 0x31, 0x0a, 0x0a, 0x4d, 0x41, 0x58, 0x30, 0x8b, 0x43, 0x52, 0x53, 0x31, 0x0a, 0x0e, 0x4c,
	0x45, 0x4e, 0x30, 0x70, 0x42, 0x52, 0x42, 0x5f, 0x4d, 0x49, 0x4e, 0x30, 0x70, 0x42, 0x52, 0x4c,
	0x5f, 0x4c, 0x45, 0x4e, 0x30, 0x70, 0x4c, 0x45, 0x4e, 0x30, 0x60, 0x72, 0x4d, 0x49, 0x4e, 0x30,
	0x76, 0x60, 0x4d, 0x41, 0x58, 0x30, 0x8b, 0x43, 0x52, 0x53, 0x31, 0x0a, 0x50, 0x4d, 0x49, 0x4e,
	0x31, 0x8b, 0x43, 0x52, 0x53, 0x31, 0x0a, 0x52, 0x4d, 0x41, 0x58, 0x31, 0x8b, 0x43, 0x52, 0x53,
	0x31, 0x0a, 0x56, 0x4c, 0x45, 0x4e, 0x31, 0xa0, 0x2b, 0x93, 0x49, 0x4f, 0x42, 0x5f, 0x0b, 0x00,
	0x10, 0x70, 0x49, 0x4f, 0x4c, 0x5f, 0x60, 0x72, 0x49, 0x4f, 0x42, 0x5f, 0x76, 0x60, 0x4d, 0x41,
	0x58, 0x31, 0x74, 0x4d, 0x41, 0x58, 0x31, 0x4d, 0x49, 0x4e, 0x31, 0x60, 0x72, 0x60, 0x01, 0x4c,
	0x45, 0x4e, 0x31, 0xa1, 0x24, 0x70, 0x49, 0x4f, 0x42, 0x5f, 0x4d, 0x49, 0x4e, 0x31, 0x70, 0x49,
	0x4f, 0x4c, 0x5f, 0x4c, 0x45, 0x4e, 0x31, 0x70, 0x4c, 0x45, 0x4e, 0x31, 0x60, 0x72, 0x4d, 0x49,
	0x4e, 0x31, 0x76, 0x60, 0x4d, 0x41, 0x58, 0x31, 0xa0, 0x44, 0x09, 0x91, 0x93, 0x4c, 0x56, 0x47,
	0x41, 0x01, 0x93, 0x4c, 0x56, 0x47, 0x41, 0x0a, 0x55, 0xa0, 0x43, 0x08, 0x56, 0x47, 0x41, 0x46,
	0x8b, 0x43, 0x52, 0x53, 0x31, 0x0a, 0x40, 0x49, 0x4d, 0x4e, 0x31, 0x8b, 0x43, 0x52, 0x53, 0x31,
	0x0a, 0x42, 0x49, 0x4d, 0x58, 0x31, 0x8b, 0x43, 0x52, 0x53, 0x31, 0x0a, 0x46, 0x49, 0x4c, 0x4e,
	0x31, 0x70, 0x0b, 0xb0, 0x03, 0x49, 0x4d, 0x4e, 0x31, 0x70, 0x0b, 0xdf, 0x03, 0x49, 0x4d, 0x58,
	0x31, 0x70, 0x0a, 0x30, 0x49, 0x4c, 0x4e, 0x31, 0x8a, 0x43, 0x52, 0x53, 0x31, 0x0a, 0x62, 0x56,
	0x4d, 0x4e, 0x31, 0x8a, 0x43, 0x52, 0x53, 0x31, 0x0a, 0x66, 0x56, 0x4d, 0x58, 0x31, 0x8a, 0x43,
	0x52, 0x53, 0x31, 0x0a, 0x6e, 0x56, 0x4c, 0x4e, 0x31, 0x70, 0x0c, 0x00, 0x00, 0x0a, 0x00, 0x56,
	0x4d, 0x4e, 0x31, 0x70, 0x0c, 0xff, 0xff, 0x0b, 0x00, 0x56, 0x4d, 0x58, 0x31, 0x70, 0x0c, 0x00,
	0x00, 0x02, 0x00, 0x56, 0x4c, 0x4e, 0x31, 0x70, 0x00, 0x56, 0x47, 0x41, 0x46, 0x8a, 0x43, 0x52,
	0x53, 0x31, 0x0a, 0x96, 0x4d, 0x49, 0x4e, 0x33, 0x8a, 0x43, 0x52, 0x53, 0x31, 0x0a, 0x9a, 0x4d,
	0x41, 0x58, 0x33, 0x8a, 0x43, 0x52, 0x53, 0x31, 0x0a, 0xa2, 0x4c, 0x45, 0x4e, 0x33, 0x8a, 0x43,
	0x52, 0x53, 0x31, 0x0a, 0xb0, 0x4d, 0x49, 0x4e, 0x37, 0x8a, 0x43, 0x52, 0x53, 0x31, 0x0a, 0xb4,
	0x4d, 0x41, 0x58, 0x37, 0x8a, 0x43, 0x52, 0x53, 0x31, 0x0a, 0xbc, 0x4c, 0x45, 0x4e, 0x37, 0x72,
	0x4d, 0x42, 0x42, 0x5f, 0x4d, 0x42, 0x4c, 0x5f, 0x60, 0xa0, 0x3c, 0x95, 0x60, 0x4e, 0x42, 0x54,
	0x50, 0x70, 0x4d, 0x42, 0x42, 0x5f, 0x4d, 0x49, 0x4e, 0x33, 0x70, 0x4d, 0x42, 0x4c, 0x5f, 0x4c,
	0x45, 0x4e, 0x33, 0x70, 0x4c, 0x45, 0x4e, 0x33, 0x60, 0x72, 0x4d, 0x49, 0x4e, 0x33, 0x76, 0x60,
	0x4d, 0x41, 0x58, 0x33, 0x70, 0x00, 0x4d, 0x49, 0x4e, 0x37, 0x70, 0x00, 0x4d, 0x41, 0x58, 0x37,
	0x70, 0x00, 0x4c, 0x45, 0x4e, 0x37, 0xa1, 0x4e, 0x06, 0x70, 0x4d, 0x42, 0x42, 0x5f, 0x4d, 0x49,
	0x4e, 0x33, 0x70, 0x74, 0x4e, 0x42, 0x54, 0x50, 0x4d, 0x42, 0x42, 0x5f, 0x00, 0x4c, 0x45, 0x4e,
	0x33, 0x70, 0x4c, 0x45, 0x4e, 0x33, 0x60, 0x72, 0x4d, 0x49, 0x4e, 0x33, 0x76, 0x60, 0x4d, 0x41,
	0x58, 0x33, 0x70, 0x0c, 0x00, 0x00, 0xe0, 0xfe, 0x4d, 0x49, 0x4e, 0x37, 0x70, 0x74, 0x0c, 0x00,
	0x00, 0xe0, 0xfe, 0x4e, 0x42, 0x54, 0x50, 0x00, 0x60, 0x70, 0x74, 0x4d, 0x42, 0x4c, 0x5f, 0x60,
	0x00, 0x4c, 0x45, 0x4e, 0x37, 0x70, 0x74, 0x4c, 0x45, 0x4e, 0x37, 0x4c, 0x45, 0x4e, 0x33, 0x00,
	0x4c, 0x45, 0x4e, 0x37, 0x70, 0x4c, 0x45, 0x4e, 0x37, 0x60, 0x72, 0x4d, 0x49, 0x4e, 0x37, 0x76,
	0x60, 0x4d, 0x41, 0x58, 0x37, 0xa0, 0x42, 0x04, 0x4d, 0x41, 0x4c, 0x5f, 0x8f, 0x43, 0x52, 0x53,
	0x31, 0x0a, 0xce, 0x4d, 0x4e, 0x38, 0x5f, 0x8f, 0x43, 0x52, 0x53, 0x31, 0x0a, 0xd6, 0x4d, 0x58,
	0x38, 0x5f, 0x8f, 0x43, 0x52, 0x53, 0x31, 0x0a, 0xe6, 0x4c, 0x4e, 0x38, 0x5f, 0x70, 0x4d, 0x41,
	0x42, 0x5f, 0x4d, 0x4e, 0x38, 0x5f, 0x70, 0x4d, 0x41, 0x4c, 0x5f, 0x4c, 0x4e, 0x38, 0x5f, 0x70,
	0x4d, 0x41, 0x4d, 0x5f, 0x4d, 0x58, 0x38, 0x5f, 0xa4, 0x43, 0x52, 0x53, 0x31, 0xa1, 0x47, 0x1f,
	0x8b, 0x43, 0x52, 0x53, 0x32, 0x0a, 0x08, 0x4d, 0x49, 0x4e, 0x32, 0x8b, 0x43, 0x52, 0x53, 0x32,
	0x0a, 0x0a, 0x4d, 0x41, 0x58, 0x32, 0x8b, 0x43, 0x52, 0x53, 0x32, 0x0a, 0x0e, 0x4c, 0x45, 0x4e,
	0x32, 0x70, 0x42, 0x52, 0x42, 0x5f, 0x4d, 0x49, 0x4e, 0x32, 0x70, 0x42, 0x52, 0x4c, 0x5f, 0x4c,
	0x45, 0x4e, 0x32, 0x70, 0x4c, 0x45, 0x4e, 0x32, 0x61, 0x72, 0x4d, 0x49, 0x4e, 0x32, 0x76, 0x61,
	0x4d, 0x41, 0x58, 0x32, 0x8b, 0x43, 0x52, 0x53, 0x32, 0x0a, 0x28, 0x4d, 0x49, 0x4e, 0x34, 0x8b,
	0x43, 0x52, 0x53, 0x32, 0x0a, 0x2a, 0x4d, 0x41, 0x58, 0x34, 0x8b, 0x43, 0x52, 0x53, 0x32, 0x0a,
	0x2e, 0x4c, 0x45, 0x4e, 0x34, 0x70, 0x49, 0x4f, 0x42, 0x5f, 0x4d, 0x49, 0x4e, 0x34, 0x70, 0x49,
	0x4f, 0x4c, 0x5f, 0x4c, 0x45, 0x4e, 0x34, 0x70, 0x4c, 0x45, 0x4e, 0x34, 0x61, 0x72, 0x4d, 0x49,
	0x4e, 0x34, 0x76, 0x61, 0x4d, 0x41, 0x58, 0x34, 0xa0, 0x4d, 0x07, 0x4c, 0x56, 0x47, 0x41, 0x8b,
	0x43, 0x52, 0x53, 0x32, 0x0a, 0x18, 0x49, 0x4d, 0x4e, 0x32, 0x8b, 0x43, 0x52, 0x53, 0x32, 0x0a,
	0x1a, 0x49, 0x4d, 0x58, 0x32, 0x8b, 0x43, 0x52, 0x53, 0x32, 0x0a, 0x1e, 0x49, 0x4c, 0x4e, 0x32,
	0x70, 0x0b, 0xb0, 0x03, 0x49, 0x4d, 0x4e, 0x32, 0x70, 0x0b, 0xdf, 0x03, 0x49, 0x4d, 0x58, 0x32,
	0x70, 0x0a, 0x30, 0x49, 0x4c, 0x4e, 0x32, 0x8a, 0x43, 0x52, 0x53, 0x32, 0x0a, 0x3a, 0x56, 0x4d,
	0x4e, 0x32, 0x8a, 0x43, 0x52, 0x53, 0x32, 0x0a, 0x3e, 0x56, 0x4d, 0x58, 0x32, 0x8a, 0x43, 0x52,
	0x53, 0x32, 0x0a, 0x46, 0x56, 0x4c, 0x4e, 0x32, 0x70, 0x0c, 0x00, 0x00, 0x0a, 0x00, 0x56, 0x4d,
	0x4e, 0x32, 0x70, 0x0c, 0xff, 0xff, 0x0b, 0x00, 0x56, 0x4d, 0x58, 0x32, 0x70, 0x0c, 0x00, 0x00,
	0x02, 0x00, 0x56, 0x4c, 0x4e, 0x32, 0x8a, 0x43, 0x52, 0x53, 0x32, 0x0a, 0x54, 0x4d, 0x49, 0x4e,
	0x35, 0x8a, 0x43, 0x52, 0x53, 0x32, 0x0a, 0x58, 0x4d, 0x41, 0x58, 0x35, 0x8a, 0x43, 0x52, 0x53,
	0x32, 0x0a, 0x60, 0x4c, 0x45, 0x4e, 0x35, 0x70, 0x4d, 0x42, 0x42, 0x5f, 0x4d, 0x49, 0x4e, 0x35,
	0x70, 0x74, 0x4e, 0x42, 0x54, 0x50, 0x4d, 0x42, 0x42, 0x5f, 0x00, 0x4c, 0x45, 0x4e, 0x35, 0x70,
	0x4c, 0x45, 0x4e, 0x35, 0x61, 0x72, 0x4d, 0x49, 0x4e, 0x35, 0x76, 0x61, 0x4d, 0x41, 0x58, 0x35,
	0x8a, 0x43, 0x52, 0x53, 0x32, 0x0a, 0x6e, 0x4d, 0x49, 0x4e, 0x36, 0x8a, 0x43, 0x52, 0x53, 0x32,
	0x0a, 0x72, 0x4d, 0x41, 0x58, 0x36, 0x8a, 0x43, 0x52, 0x53, 0x32, 0x0a, 0x7a, 0x4c, 0x45, 0x4e,
	0x36, 0x72, 0x4e, 0x42, 0x54, 0x50, 0x4e, 0x42, 0x54, 0x53, 0x4d, 0x49, 0x4e, 0x36, 0x70, 0x74,
	0x4d, 0x42, 0x4c, 0x5f, 0x4e, 0x42, 0x54, 0x53, 0x00, 0x4c, 0x45, 0x4e, 0x36, 0x70, 0x74, 0x4c,
	0x45, 0x4e, 0x36, 0x4c, 0x45, 0x4e, 0x35, 0x00, 0x4c, 0x45, 0x4e, 0x36, 0x70, 0x4c, 0x45, 0x4e,
	0x36, 0x60, 0x72, 0x4d, 0x49, 0x4e, 0x36, 0x76, 0x60, 0x4d, 0x41, 0x58, 0x36, 0xa0, 0x42, 0x04,
	0x4d, 0x41, 0x4c, 0x5f, 0x8f, 0x43, 0x52, 0x53, 0x32, 0x0a, 0x8c, 0x4d, 0x4e, 0x39, 0x5f, 0x8f,
	0x43, 0x52, 0x53, 0x32, 0x0a, 0x94, 0x4d, 0x58, 0x39, 0x5f, 0x8f, 0x43, 0x52, 0x53, 0x32, 0x0a,
	0xa4, 0x4c, 0x4e, 0x39, 0x5f, 0x70, 0x4d, 0x41, 0x42, 0x5f, 0x4d, 0x4e, 0x39, 0x5f, 0x70, 0x4d,
	0x41, 0x4c, 0x5f, 0x4c, 0x4e, 0x39, 0x5f, 0x70, 0x4d, 0x41, 0x4d, 0x5f, 0x4d, 0x58, 0x39, 0x5f,
	0xa4, 0x43, 0x52, 0x53, 0x32, 0x14, 0x49, 0x14, 0x5f, 0x4f, 0x53, 0x43, 0x0c, 0x08, 0x53, 0x55,
	0x50, 0x50, 0x00, 0x08, 0x43, 0x54, 0x52, 0x4c, 0x00, 0x8a, 0x6b, 0x00, 0x43, 0x44, 0x57, 0x31,
	0x8a, 0x6b, 0x0a, 0x04, 0x43, 0x44, 0x57, 0x32, 0x8a, 0x6b, 0x0a, 0x08, 0x43, 0x44, 0x57, 0x33,
	0xa0, 0x4f, 0x10, 0x93, 0x68, 0x11, 0x13, 0x0a, 0x10, 0x5b, 0x4d, 0xdb, 0x33, 0xf7, 0x1f, 0x1c,
	0x40, 0x96, 0x57, 0x74, 0x41, 0xc0, 0x3d, 0xd7, 0x66, 0x70, 0x43, 0x44, 0x57, 0x32, 0x53, 0x55,
	0x50, 0x50, 0x70, 0x43, 0x44, 0x57, 0x33, 0x43, 0x54, 0x52, 0x4c, 0xa0, 0x18, 0x92, 0x93, 0x7b,
	0x53, 0x55, 0x50, 0x50, 0x0a, 0x16, 0x00, 0x0a, 0x16, 0x7b, 0x43, 0x54, 0x52, 0x4c, 0x0a, 0x1e,
	0x43, 0x54, 0x52, 0x4c, 0xa0, 0x11, 0x92, 0x50, 0x45, 0x48, 0x50, 0x7b, 0x43, 0x54, 0x52, 0x4c,
	0x0a, 0x1e, 0x43, 0x54, 0x52, 0x4c, 0xa0, 0x11, 0x92, 0x53, 0x48, 0x50, 0x43, 0x7b, 0x43, 0x54,
	0x52, 0x4c, 0x0a, 0x1d, 0x43, 0x54, 0x52, 0x4c, 0xa0, 0x11, 0x92, 0x50, 0x45, 0x50, 0x4d, 0x7b,
	0x43, 0x54, 0x52, 0x4c, 0x0a, 0x1b, 0x43, 0x54, 0x52, 0x4c, 0xa0, 0x11, 0x92, 0x50, 0x45, 0x45,
	0x52, 0x7b, 0x43, 0x54, 0x52, 0x4c, 0x0a, 0x15, 0x43, 0x54, 0x52, 0x4c, 0xa0, 0x11, 0x92, 0x50,
	0x45, 0x43, 0x53, 0x7b, 0x43, 0x54, 0x52, 0x4c, 0x0a, 0x0f, 0x43, 0x54, 0x52, 0x4c, 0xa0, 0x17,
	0x90, 0x92, 0x53, 0x52, 0x49, 0x4f, 0x92, 0x43, 0x4e, 0x53, 0x42, 0x7b, 0x43, 0x54, 0x52, 0x4c,
	0x0a, 0x1a, 0x43, 0x54, 0x52, 0x4c, 0xa0, 0x12, 0x93, 0x53, 0x48, 0x50, 0x43, 0x01, 0x7d, 0x43,
	0x54, 0x52, 0x4c, 0x0a, 0x1d, 0x43, 0x54, 0x52, 0x4c, 0xa0, 0x13, 0x92, 0x93, 0x50, 0x4e, 0x50,
	0x4d, 0x01, 0x7b, 0x43, 0x54, 0x52, 0x4c, 0x0a, 0x1a, 0x43, 0x54, 0x52, 0x4c, 0xa0, 0x10, 0x92,
	0x93, 0x69, 0x01, 0x7d, 0x43, 0x44, 0x57, 0x31, 0x0a, 0x08, 0x43, 0x44, 0x57, 0x31, 0xa0, 0x16,
	0x92, 0x93, 0x43, 0x44, 0x57, 0x33, 0x43, 0x54, 0x52, 0x4c, 0x7d, 0x43, 0x44, 0x57, 0x31, 0x0a,
	0x10, 0x43, 0x44, 0x57, 0x31, 0x70, 0x43, 0x54, 0x52, 0x4c, 0x43, 0x44, 0x57, 0x33, 0xa4, 0x6b,
	0xa1, 0x0e, 0x7d, 0x43, 0x44, 0x57, 0x31, 0x0a, 0x04, 0x43, 0x44, 0x57, 0x31, 0xa4, 0x6b, 0x5b,
	0x80, 0x4e, 0x41, 0x50, 0x43, 0x02, 0x0a, 0xb8, 0x0a, 0x08, 0x5b, 0x81, 0x10, 0x4e, 0x41, 0x50,
	0x43, 0x03, 0x4e, 0x41, 0x50, 0x58, 0x20, 0x4e, 0x41, 0x50, 0x44, 0x20, 0x5b, 0x01, 0x4e, 0x41,
	0x50, 0x4d, 0x00, 0x14, 0x32, 0x4e, 0x41, 0x50, 0x45, 0x00, 0x5b, 0x23, 0x4e, 0x41, 0x50, 0x4d,
	0xff, 0xff, 0x70, 0x0c, 0x00, 0x00, 0x60, 0x14, 0x4e, 0x41, 0x50, 0x58, 0x70, 0x4e, 0x41, 0x50,
	0x44, 0x60, 0x7b, 0x60, 0x0c, 0xef, 0xff, 0xff, 0xff, 0x60, 0x70, 0x60, 0x4e, 0x41, 0x50, 0x44,
	0x5b, 0x27, 0x4e, 0x41, 0x50, 0x4d, 0x14, 0x06, 0x47, 0x50, 0x54, 0x53, 0x01, 0x14, 0x10, 0x47,
	0x57, 0x41, 0x4b, 0x01, 0xa0, 0x09, 0x50, 0x49, 0x43, 0x4d, 0x4e, 0x41, 0x50, 0x45, 0x5b, 0x82,
	0x34, 0x49, 0x4f, 0x4d, 0x41, 0x08, 0x5f, 0x41, 0x44, 0x52, 0x0a, 0x02, 0x08, 0x5f, 0x48, 0x49,
	0x44, 0x0c, 0x41, 0xd0, 0x0c, 0x02, 0x08, 0x5f, 0x55, 0x49, 0x44, 0x0a, 0x15, 0x08, 0x5f, 0x43,
	0x52, 0x53, 0x11, 0x11, 0x0a, 0x0e, 0x86, 0x09, 0x00, 0x00, 0x00, 0x00, 0xb8, 0xfe, 0x00, 0x00,
	0x08, 0x00, 0x79, 0x00, 0x5b, 0x82, 0x0b, 0x44, 0x30, 0x30, 0x32, 0x08, 0x5f, 0x41, 0x44, 0x52,
	0x00, 0x5b, 0x82, 0x45, 0x04, 0x47, 0x50, 0x50, 0x30, 0x08, 0x5f, 0x41, 0x44, 0x52, 0x0c, 0x01,
	0x00, 0x01, 0x00, 0x14, 0x0f, 0x5f, 0x50, 0x52, 0x57, 0x00, 0xa4, 0x47, 0x50, 0x52, 0x57, 0x0a,
	0x08, 0x0a, 0x04, 0x14, 0x16, 0x5f, 0x50, 0x52, 0x54, 0x00, 0xa0, 0x0a, 0x50, 0x49, 0x43, 0x4d,
	0xa4, 0x41, 0x52, 0x30, 0x31, 0xa4, 0x50, 0x44, 0x30, 0x31, 0x5b, 0x82, 0x0c, 0x44, 0x30, 0x30,
	0x34, 0x08, 0x5f, 0x41, 0x44, 0x52, 0x0a, 0xff, 0x5b, 0x82, 0x45, 0x04, 0x47, 0x50, 0x50, 0x32,
	0x08, 0x5f, 0x41, 0x44, 0x52, 0x0c, 0x03, 0x00, 0x01, 0x00, 0x14, 0x0f, 0x5f, 0x50, 0x52, 0x57,
	0x00, 0xa4, 0x47, 0x50, 0x52, 0x57, 0x0a, 0x08, 0x0a, 0x04, 0x14, 0x16, 0x5f, 0x50, 0x52, 0x54,
	0x00, 0xa0, 0x0a, 0x50, 0x49, 0x43, 0x4d, 0xa4, 0x41, 0x52, 0x30, 0x33, 0xa4, 0x50, 0x44, 0x30,
	0x33, 0x5b, 0x82, 0x0c, 0x44, 0x30, 0x30, 0x36, 0x08, 0x5f, 0x41, 0x44, 0x52, 0x0a, 0xff, 0x5b,
	0x82, 0x45, 0x04, 0x47, 0x50, 0x50, 0x33, 0x08, 0x5f, 0x41, 0x44, 0x52, 0x0c, 0x04, 0x00, 0x01,
	0x00, 0x14, 0x0f, 0x5f, 0x50, 0x52, 0x57, 0x00, 0xa4, 0x47, 0x50, 0x52, 0x57, 0x0a, 0x08, 0x0a,
	0x04, 0x14, 0x16, 0x5f, 0x50, 0x52, 0x54, 0x00, 0xa0, 0x0a, 0x50, 0x49, 0x43, 0x4d, 0xa4, 0x41,
	0x52, 0x30, 0x34, 0xa4, 0x50, 0x44, 0x30, 0x34, 0x5b, 0x82, 0x0c, 0x44, 0x30, 0x30, 0x38, 0x08,
	0x5f, 0x41, 0x44, 0x52, 0x0a, 0xff, 0x5b, 0x82, 0x45, 0x04, 0x47, 0x50, 0x50, 0x34, 0x08, 0x5f,
	0x41, 0x44, 0x52, 0x0c, 0x05, 0x00, 0x01, 0x00, 0x14, 0x0f, 0x5f, 0x50, 0x52, 0x57, 0x00, 0xa4,
	0x47, 0x50, 0x52, 0x57, 0x0a, 0x08, 0x0a, 0x04, 0x14, 0x16, 0x5f, 0x50, 0x52, 0x54, 0x00, 0xa0,
	0x0a, 0x50, 0x49, 0x43, 0x4d, 0xa4, 0x41, 0x52, 0x30, 0x35, 0xa4, 0x50, 0x44, 0x30, 0x35, 0x5b,
	0x82, 0x0c, 0x44, 0x30, 0x30, 0x41, 0x08, 0x5f, 0x41, 0x44, 0x52, 0x0a, 0xff, 0x5b, 0x82, 0x45,
	0x04, 0x47, 0x50, 0x50, 0x35, 0x08, 0x5f, 0x41, 0x44, 0x52, 0x0c, 0x06, 0x00, 0x01, 0x00, 0x14,
	0x0f, 0x5f, 0x50, 0x52, 0x57, 0x00, 0xa4, 0x47, 0x50, 0x52, 0x57, 0x0a, 0x08, 0x0a, 0x04, 0x14,
	0x16, 0x5f, 0x50, 0x52, 0x54, 0x00, 0xa0, 0x0a, 0x50, 0x49, 0x43, 0x4d, 0xa4, 0x41, 0x52, 0x30,
	0x36, 0xa4, 0x50, 0x44, 0x30, 0x36, 0x5b, 0x82, 0x0c, 0x44, 0x30, 0x30, 0x43, 0x08, 0x5f, 0x41,
	0x44, 0x52, 0x0a, 0xff, 0x5b, 0x82, 0x45, 0x04, 0x47, 0x50, 0x50, 0x36, 0x08, 0x5f, 0x41, 0x44,
	0x52, 0x0c, 0x07, 0x00, 0x01, 0x00, 0x14, 0x0f, 0x5f, 0x50, 0x52, 0x57, 0x00, 0xa4, 0x47, 0x50,
	0x52, 0x57, 0x0a, 0x08, 0x0a, 0x04, 0x14, 0x16, 0x5f, 0x50, 0x52, 0x54, 0x00, 0xa0, 0x0a, 0x50,
	0x49, 0x43, 0x4d, 0xa4, 0x41, 0x52, 0x30, 0x37, 0xa4, 0x50, 0x44, 0x30, 0x37, 0x5b, 0x82, 0x0c,
	0x44, 0x30, 0x30, 0x45, 0x08, 0x5f, 0x41, 0x44, 0x52, 0x0a, 0xff, 0x5b, 0x82, 0x45, 0x04, 0x47,
	0x50, 0x50, 0x37, 0x08, 0x5f, 0x41, 0x44, 0x52, 0x0c, 0x01, 0x00, 0x02, 0x00, 0x14, 0x0f, 0x5f,
	0x50, 0x52, 0x57, 0x00, 0xa4, 0x47, 0x50, 0x52, 0x57, 0x0a, 0x08, 0x0a, 0x04, 0x14, 0x16, 0x5f,
	0x50, 0x52, 0x54, 0x00, 0xa0, 0x0a, 0x50, 0x49, 0x43, 0x4d, 0xa4, 0x41, 0x52, 0x30, 0x38, 0xa4,
	0x50, 0x44, 0x30, 0x38, 0x5b, 0x82, 0x0c, 0x44, 0x30, 0x31, 0x30, 0x08, 0x5f, 0x41, 0x44, 0x52,
	0x0a, 0xff, 0x5b, 0x82, 0x44, 0x04, 0x47, 0x50, 0x50, 0x38, 0x08, 0x5f, 0x41, 0x44, 0x52, 0x0c,
	0x01, 0x00, 0x03, 0x00, 0x14, 0x16, 0x5f, 0x50, 0x52, 0x54, 0x00, 0xa0, 0x0a, 0x50, 0x49, 0x43,
	0x4d, 0xa4, 0x41, 0x52, 0x30, 0x39, 0xa4, 0x50, 0x44, 0x30, 0x39, 0x5b, 0x82, 0x1b, 0x58, 0x31,
	0x36, 0x31, 0x08, 0x5f, 0x41, 0x44, 0x52, 0x00, 0x14, 0x0f, 0x5f, 0x50, 0x52, 0x57, 0x00, 0xa4,
	0x47, 0x50, 0x52, 0x57, 0x0a, 0x08, 0x0a, 0x04, 0x5b, 0x82, 0x44, 0x04, 0x47, 0x50, 0x50, 0x39,
	0x08, 0x5f, 0x41, 0x44, 0x52, 0x0c, 0x02, 0x00, 0x03, 0x00, 0x14, 0x16, 0x5f, 0x50, 0x52, 0x54,
	0x00, 0xa0, 0x0a, 0x50, 0x49, 0x43, 0x4d, 0xa4, 0x41, 0x52, 0x30, 0x41, 0xa4, 0x50, 0x44, 0x30,
	0x41, 0x5b, 0x82, 0x1b, 0x58, 0x31, 0x36, 0x32, 0x08, 0x5f, 0x41, 0x44, 0x52, 0x00, 0x14, 0x0f,
	0x5f, 0x50, 0x52, 0x57, 0x00, 0xa4, 0x47, 0x50, 0x52, 0x57, 0x0a, 0x08, 0x0a, 0x04, 0x5b, 0x82,
	0x45, 0x04, 0x47, 0x50, 0x50, 0x41, 0x08, 0x5f, 0x41, 0x44, 0x52, 0x0c, 0x03, 0x00, 0x03, 0x00,
	0x14, 0x0f, 0x5f, 0x50, 0x52, 0x57, 0x00, 0xa4, 0x47, 0x50, 0x52, 0x57, 0x0a, 0x08, 0x0a, 0x04,
	0x14, 0x16, 0x5f, 0x50, 0x52, 0x54, 0x00, 0xa0, 0x0a, 0x50, 0x49, 0x43, 0x4d, 0xa4, 0x41, 0x52,
	0x30, 0x42, 0xa4, 0x50, 0x44, 0x30, 0x42, 0x5b, 0x82, 0x0c, 0x44, 0x30, 0x31, 0x34, 0x08, 0x5f,
	0x41, 0x44, 0x52, 0x0a, 0xff, 0x5b, 0x82, 0x45, 0x04, 0x47, 0x50, 0x50, 0x42, 0x08, 0x5f, 0x41,
	0x44, 0x52, 0x0c, 0x04, 0x00, 0x03, 0x00, 0x14, 0x0f, 0x5f, 0x50, 0x52, 0x57, 0x00, 0xa4, 0x47,
	0x50, 0x52, 0x57, 0x0a, 0x08, 0x0a, 0x04, 0x14, 0x16, 0x5f, 0x50, 0x52, 0x54, 0x00, 0xa0, 0x0a,
	0x50, 0x49, 0x43, 0x4d, 0xa4, 0x41, 0x52, 0x30, 0x43, 0xa4, 0x50, 0x44, 0x30, 0x43, 0x5b, 0x82,
	0x0c, 0x44, 0x30, 0x31, 0x36, 0x08, 0x5f, 0x41, 0x44, 0x52, 0x0a, 0xff, 0x5b, 0x82, 0x45, 0x04,
	0x47, 0x50, 0x50, 0x43, 0x08, 0x5f, 0x41, 0x44, 0x52, 0x0c, 0x05, 0x00, 0x03, 0x00, 0x14, 0x0f,
	0x5f, 0x50, 0x52, 0x57, 0x00, 0xa4, 0x47, 0x50, 0x52, 0x57, 0x0a, 0x08, 0x0a, 0x04, 0x14, 0x16,
	0x5f, 0x50, 0x52, 0x54, 0x00, 0xa0, 0x0a, 0x50, 0x49, 0x43, 0x4d, 0xa4, 0x41, 0x52, 0x30, 0x44,
	0xa4, 0x50, 0x44, 0x30, 0x44, 0x5b, 0x82, 0x0c, 0x44, 0x30, 0x31, 0x38, 0x08, 0x5f, 0x41, 0x44,
	0x52, 0x0a, 0xff, 0x5b, 0x82, 0x45, 0x04, 0x47, 0x50, 0x50, 0x44, 0x08, 0x5f, 0x41, 0x44, 0x52,
	0x0c, 0x06, 0x00, 0x03, 0x00, 0x14, 0x0f, 0x5f, 0x50, 0x52, 0x57, 0x00, 0xa4, 0x47, 0x50, 0x52,
	0x57, 0x0a, 0x08, 0x0a, 0x04, 0x14, 0x16, 0x5f, 0x50, 0x52, 0x54, 0x00, 0xa0, 0x0a, 0x50, 0x49,
	0x43, 0x4d, 0xa4, 0x41, 0x52, 0x30, 0x45, 0xa4, 0x50, 0x44, 0x30, 0x45, 0x5b, 0x82, 0x0c, 0x44,
	0x30, 0x31, 0x41, 0x08, 0x5f, 0x41, 0x44, 0x52, 0x0a, 0xff, 0x5b, 0x82, 0x45, 0x04, 0x47, 0x50,
	0x50, 0x45, 0x08, 0x5f, 0x41, 0x44, 0x52, 0x0c, 0x07, 0x00, 0x03, 0x00, 0x14, 0x0f, 0x5f, 0x50,
	0x52, 0x57, 0x00, 0xa4, 0x47, 0x50, 0x52, 0x57, 0x0a, 0x08, 0x0a, 0x04, 0x14, 0x16, 0x5f, 0x50,
	0x52, 0x54, 0x00, 0xa0, 0x0a, 0x50, 0x49, 0x43, 0x4d, 0xa4, 0x41, 0x52, 0x30, 0x46, 0xa4, 0x50,
	0x44, 0x30, 0x46, 0x5b, 0x82, 0x0c, 0x44, 0x30, 0x31, 0x43, 0x08, 0x5f, 0x41, 0x44, 0x52, 0x0a,
	0xff, 0x5b, 0x82, 0x45, 0x04, 0x47, 0x50, 0x50, 0x46, 0x08, 0x5f, 0x41, 0x44, 0x52, 0x0c, 0x01,
	0x00, 0x04, 0x00, 0x14, 0x0f, 0x5f, 0x50, 0x52, 0x57, 0x00, 0xa4, 0x47, 0x50, 0x52, 0x57, 0x0a,
	0x08, 0x0a, 0x04, 0x14, 0x16, 0x5f, 0x50, 0x52, 0x54, 0x00, 0xa0, 0x0a, 0x50, 0x49, 0x43, 0x4d,
	0xa4, 0x41, 0x52, 0x31, 0x30, 0xa4, 0x50, 0x44, 0x31, 0x30, 0x5b, 0x82, 0x0c, 0x44, 0x30, 0x31,
	0x45, 0x08, 0x5f, 0x41, 0x44, 0x52, 0x0a, 0xff, 0x5b, 0x82, 0x45, 0x04, 0x47, 0x50, 0x31, 0x30,
	0x08, 0x5f, 0x41, 0x44, 0x52, 0x0c, 0x01, 0x00, 0x05, 0x00, 0x14, 0x0f, 0x5f, 0x50, 0x52, 0x57,
	0x00, 0xa4, 0x47, 0x50, 0x52, 0x57, 0x0a, 0x08, 0x0a, 0x04, 0x14, 0x16, 0x5f, 0x50, 0x52, 0x54,
	0x00, 0xa0, 0x0a, 0x50, 0x49, 0x43, 0x4d, 0xa4, 0x41, 0x52, 0x31, 0x31, 0xa4, 0x50, 0x44, 0x31,
	0x31, 0x5b, 0x82, 0x0c, 0x44, 0x30, 0x32, 0x30, 0x08, 0x5f, 0x41, 0x44, 0x52, 0x0a, 0xff, 0x5b,
	0x82, 0x1f, 0x47, 0x50, 0x31, 0x31, 0x08, 0x5f, 0x41, 0x44, 0x52, 0x0c, 0x02, 0x00, 0x05, 0x00,
	0x14, 0x0f, 0x5f, 0x50, 0x52, 0x57, 0x00, 0xa4, 0x47, 0x50, 0x52, 0x57, 0x0a, 0x08, 0x0a, 0x04,
	0x5b, 0x82, 0x44, 0x04, 0x47, 0x50, 0x31, 0x32, 0x08, 0x5f, 0x41, 0x44, 0x52, 0x0c, 0x01, 0x00,
	0x07, 0x00, 0x14, 0x0f, 0x5f, 0x50, 0x52, 0x57, 0x00, 0xa4, 0x47, 0x50, 0x52, 0x57, 0x0a, 0x19,
	0x0a, 0x04, 0x14, 0x16, 0x5f, 0x50, 0x52, 0x54, 0x00, 0xa0, 0x0a, 0x50, 0x49, 0x43, 0x4d, 0xa4,
	0x41, 0x52, 0x31, 0x33, 0xa4, 0x50, 0x44, 0x31, 0x33, 0x5b, 0x82, 0x0b, 0x44, 0x30, 0x32, 0x33,
	0x08, 0x5f, 0x41, 0x44, 0x52, 0x00, 0x5b, 0x82, 0x49, 0x0d, 0x47, 0x50, 0x31, 0x33, 0x08, 0x5f,
	0x41, 0x44, 0x52, 0x0c, 0x01, 0x00, 0x08, 0x00, 0x14, 0x0f, 0x5f, 0x50, 0x52, 0x57, 0x00, 0xa4,
	0x47, 0x50, 0x52, 0x57, 0x0a, 0x19, 0x0a, 0x04, 0x14, 0x16, 0x5f, 0x50, 0x52, 0x54, 0x00, 0xa0,
	0x0a, 0x50, 0x49, 0x43, 0x4d, 0xa4, 0x41, 0x52, 0x31, 0x34, 0xa4, 0x50, 0x44, 0x31, 0x34, 0x5b,
	0x82, 0x0c, 0x41, 0x5a, 0x41, 0x4c, 0x08, 0x5f, 0x41, 0x44, 0x52, 0x0a, 0x04, 0x5b, 0x82, 0x1c,
	0x58, 0x48, 0x43, 0x30, 0x08, 0x5f, 0x41, 0x44, 0x52, 0x0a, 0x03, 0x14, 0x0f, 0x5f, 0x50, 0x52,
	0x57, 0x00, 0xa4, 0x47, 0x50, 0x52, 0x57, 0x0a, 0x19, 0x0a, 0x04, 0x5b, 0x82, 0x44, 0x07, 0x41,
	0x50, 0x53, 0x50, 0x08, 0x5f, 0x41, 0x44, 0x52, 0x0a, 0x02, 0x08, 0x5f, 0x48, 0x49, 0x44, 0x0c,
	0x41, 0xd0, 0x0c, 0x02, 0x08, 0x50, 0x53, 0x50, 0x42, 0x0c, 0x00, 0x00, 0x20, 0xfd, 0x08, 0x5f,
	0x53, 0x54, 0x41, 0x0a, 0x0f, 0x08, 0x43, 0x52, 0x53, 0x5f, 0x11, 0x11, 0x0a, 0x0e, 0x86, 0x09,
	0x00, 0x01, 0x00, 0x00, 0x00, 0x00, 0x00, 0x00, 0x00, 0x00, 0x79, 0x00, 0x14, 0x34, 0x5f, 0x43,
	0x52, 0x53, 0x00, 0x8a, 0x43, 0x52, 0x53, 0x5f, 0x0a, 0x04, 0x50, 0x42, 0x41, 0x53, 0x8a, 0x43,
	0x52, 0x53, 0x5f, 0x0a, 0x08, 0x50, 0x4c, 0x45, 0x4e, 0x70, 0x50, 0x53, 0x50, 0x42, 0x50, 0x42,
	0x41, 0x53, 0x70, 0x0c, 0x00, 0x00, 0x10, 0x00, 0x50, 0x4c, 0x45, 0x4e, 0xa4, 0x43, 0x52, 0x53,
	0x5f, 0x5b, 0x82, 0x44, 0x04, 0x47, 0x50, 0x33, 0x30, 0x08, 0x5f, 0x41, 0x44, 0x52, 0x0c, 0x02,
	0x00, 0x08, 0x00, 0x14, 0x0f, 0x5f, 0x50, 0x52, 0x57, 0x00, 0xa4, 0x47, 0x50, 0x52, 0x57, 0x0a,
	0x19, 0x0a, 0x04, 0x14, 0x16, 0x5f, 0x50, 0x52, 0x54, 0x00, 0xa0, 0x0a, 0x50, 0x49, 0x43, 0x4d,
	0xa4, 0x41, 0x52, 0x33, 0x30, 0xa4, 0x50, 0x44, 0x33, 0x30, 0x5b, 0x82, 0x0b, 0x53, 0x41, 0x54,
	0x41, 0x08, 0x5f, 0x41, 0x44, 0x52, 0x00, 0x5b, 0x82, 0x44, 0x04, 0x47, 0x50, 0x33, 0x31, 0x08,
	0x5f, 0x41, 0x44, 0x52, 0x0c, 0x03, 0x00, 0x08, 0x00, 0x14, 0x0f, 0x5f, 0x50, 0x52, 0x57, 0x00,
	0xa4, 0x47, 0x50, 0x52, 0x57, 0x0a, 0x19, 0x0a, 0x04, 0x14, 0x16, 0x5f, 0x50, 0x52, 0x54, 0x00,
	0xa0, 0x0a, 0x50, 0x49, 0x43, 0x4d, 0xa4, 0x41, 0x52, 0x33, 0x31, 0xa4, 0x50, 0x44, 0x33, 0x31,
	0x5b, 0x82, 0x0b, 0x53, 0x41, 0x54, 0x31, 0x08, 0x5f, 0x41, 0x44, 0x52, 0x00, 0x5b, 0x82, 0x0f,
	0x44, 0x30, 0x32, 0x41, 0x08, 0x5f, 0x41, 0x44, 0x52, 0x0c, 0x00, 0x00, 0x14, 0x00, 0x5b, 0x82,
	0x8c, 0x1c, 0x01, 0x53, 0x42, 0x52, 0x47, 0x08, 0x5f, 0x41, 0x44, 0x52, 0x0c, 0x03, 0x00, 0x14,
	0x00, 0x5b, 0x82, 0x2b, 0x50, 0x49, 0x43, 0x5f, 0x08, 0x5f, 0x48, 0x49, 0x44, 0x0b, 0x41, 0xd0,
	0x08, 0x5f, 0x43, 0x52, 0x53, 0x11, 0x18, 0x0a, 0x15, 0x47, 0x01, 0x20, 0x00, 0x20, 0x00, 0x00,
	0x02, 0x47, 0x01, 0xa0, 0x00, 0xa0, 0x00, 0x00, 0x02, 0x22, 0x04, 0x00, 0x79, 0x00, 0x5b, 0x82,
	0x4e, 0x04, 0x44, 0x4d, 0x41, 0x44, 0x08, 0x5f, 0x48, 0x49, 0x44, 0x0c, 0x41, 0xd0, 0x02, 0x00,
	0x08, 0x5f, 0x43, 0x52, 0x53, 0x11, 0x38, 0x0a, 0x35, 0x2a, 0x10, 0x04, 0x47, 0x01, 0x00, 0x00,
	0x00, 0x00, 0x00, 0x10, 0x47, 0x01, 0x81, 0x00, 0x81, 0x00, 0x00, 0x03, 0x47, 0x01, 0x87, 0x00,
	0x87, 0x00, 0x00, 0x01, 0x47, 0x01, 0x89, 0x00, 0x89, 0x00, 0x00, 0x03, 0x47, 0x01, 0x8f, 0x00,
	0x8f, 0x00, 0x00, 0x01, 0x47, 0x01, 0xc0, 0x00, 0xc0, 0x00, 0x00, 0x20, 0x79, 0x00, 0x5b, 0x82,
	0x25, 0x54, 0x4d, 0x52, 0x5f, 0x08, 0x5f, 0x48, 0x49, 0x44, 0x0c, 0x41, 0xd0, 0x01, 0x00, 0x08,
	0x5f, 0x43, 0x52, 0x53, 0x11, 0x10, 0x0a, 0x0d, 0x47, 0x01, 0x40, 0x00, 0x40, 0x00, 0x00, 0x04,
	0x22, 0x01, 0x00, 0x79, 0x00, 0x5b, 0x82, 0x42, 0x05, 0x52, 0x54, 0x43, 0x30, 0x08, 0x5f, 0x48,
	0x49, 0x44, 0x0c, 0x41, 0xd0, 0x0b, 0x00, 0x08, 0x42, 0x55, 0x46, 0x30, 0x11, 0x0d, 0x0a, 0x0a,
	0x47, 0x01, 0x70, 0x00, 0x70, 0x00, 0x00, 0x02, 0x79, 0x00, 0x08, 0x42, 0x55, 0x46, 0x31, 0x11,
	0x10, 0x0a, 0x0d, 0x47, 0x01, 0x70, 0x00, 0x70, 0x00, 0x00, 0x02, 0x22, 0x00, 0x01, 0x79, 0x00,
	0x14, 0x18, 0x5f, 0x43, 0x52, 0x53, 0x08, 0xa0, 0x0c, 0x93, 0x48, 0x50, 0x45, 0x4e, 0x01, 0xa4,
	0x42, 0x55, 0x46, 0x30, 0xa4, 0x42, 0x55, 0x46, 0x31, 0x5b, 0x82, 0x22, 0x53, 0x50, 0x4b, 0x52,
	0x08, 0x5f, 0x48, 0x49, 0x44, 0x0c, 0x41, 0xd0, 0x08, 0x00, 0x08, 0x5f, 0x43, 0x52, 0x53, 0x11,
	0x0d, 0x0a, 0x0a, 0x47, 0x01, 0x61, 0x00, 0x61, 0x00, 0x00, 0x01, 0x79, 0x00, 0x5b, 0x80, 0x53,
	0x4d, 0x49, 0x30, 0x01, 0x53, 0x4d, 0x49, 0x4f, 0x01, 0x5b, 0x81, 0x0b, 0x53, 0x4d, 0x49, 0x30,
	0x01, 0x53, 0x4d, 0x49, 0x43, 0x08, 0x10, 0x43, 0x31, 0x5c, 0x5f, 0x53, 0x42, 0x5f, 0x10, 0x4b,
	0x30, 0x50, 0x43, 0x49, 0x30, 0x5b, 0x82, 0x43, 0x30, 0x53, 0x39, 0x30, 0x30, 0x08, 0x5f, 0x48,
	0x49, 0x44, 0x0c, 0x41, 0xd0, 0x0c, 0x02, 0x08, 0x5f, 0x55, 0x49, 0x44, 0x0b, 0x00, 0x07, 0x08,
	0x5f, 0x53, 0x54, 0x41, 0x0a, 0x0f, 0x08, 0x43, 0x52, 0x53, 0x5f, 0x11, 0x4f, 0x15, 0x0b, 0x5a,
	0x01, 0x47, 0x01, 0x10, 0x00, 0x10, 0x00, 0x00, 0x10, 0x47, 0x01, 0x22, 0x00, 0x22, 0x00, 0x00,
	0x1e, 0x47, 0x01, 0x63, 0x00, 0x63, 0x00, 0x00, 0x01, 0x47, 0x01, 0x65, 0x00, 0x65, 0x00, 0x00,
	0x01, 0x47, 0x01, 0x67, 0x00, 0x67, 0x00, 0x00, 0x09, 0x47, 0x01, 0x72, 0x00, 0x72, 0x00, 0x00,
	0x0e, 0x47, 0x01, 0x80, 0x00, 0x80, 0x00, 0x00, 0x01, 0x47, 0x01, 0x84, 0x00, 0x84, 0x00, 0x00,
	0x03, 0x47, 0x01, 0x88, 0x00, 0x88, 0x00, 0x00, 0x01, 0x47, 0x01, 0x8c, 0x00, 0x8c, 0x00, 0x00,
	0x03, 0x47, 0x01, 0x90, 0x00, 0x90, 0x00, 0x00, 0x10, 0x47, 0x01, 0xa2, 0x00, 0xa2, 0x00, 0x00,
	0x1e, 0x47, 0x01, 0xb1, 0x00, 0xb1, 0x00, 0x00, 0x01, 0x47, 0x01, 0xe0, 0x00, 0xe0, 0x00, 0x00,
	0x10, 0x47, 0x01, 0xd0, 0x04, 0xd0, 0x04, 0x00, 0x02, 0x47, 0x01, 0x0b, 0x04, 0x0b, 0x04, 0x00,
	0x01, 0x47, 0x01, 0xd6, 0x04, 0xd6, 0x04, 0x00, 0x01, 0x47, 0x01, 0x00, 0x0c, 0x00, 0x0c, 0x00,
	0x02, 0x47, 0x01, 0x14, 0x0c, 0x14, 0x0c, 0x00, 0x01, 0x47, 0x01, 0x50, 0x0c, 0x50, 0x0c, 0x00,
	0x02, 0x47, 0x01, 0x52, 0x0c, 0x52, 0x0c, 0x00, 0x01, 0x47, 0x01, 0x6c, 0x0c, 0x6c, 0x0c, 0x00,
	0x01, 0x47, 0x01, 0x6f, 0x0c, 0x6f, 0x0c, 0x00, 0x01, 0x47, 0x01, 0xd8, 0x0c, 0xd8, 0x0c, 0x00,
	0x08, 0x47, 0x01, 0x00, 0x00, 0x00, 0x00, 0x00, 0x00, 0x47, 0x01, 0x00, 0x00, 0x00, 0x00, 0x00,
	0x00, 0x47, 0x01, 0x00, 0x00, 0x00, 0x00, 0x00, 0x00, 0x47, 0x01, 0x00, 0x09, 0x00, 0x09, 0x00,
	0x10, 0x47, 0x01, 0x10, 0x09, 0x10, 0x09, 0x00, 0x10, 0x47, 0x01, 0x60, 0x00, 0x60, 0x00, 0x00,
	0x00, 0x47, 0x01, 0x64, 0x00, 0x64, 0x00, 0x00, 0x00, 0x86, 0x09, 0x00, 0x01, 0x00, 0x00, 0x00,
	0x00, 0x00, 0x00, 0x00, 0x00, 0x86, 0x09, 0x00, 0x01, 0x00, 0x10, 0xc0, 0xfe, 0x00, 0x10, 0x00,
	0x00, 0x86, 0x09, 0x00, 0x01, 0x00, 0x00, 0xdc, 0xfe, 0x00, 0x10, 0x00, 0x00, 0x86, 0x09, 0x00,
	0x01, 0x00, 0x00, 0xe0, 0xfe, 0x00, 0x10, 0x00, 0x00, 0x86, 0x09, 0x00, 0x01, 0x00, 0x00, 0xd8,
	0xfe, 0x00, 0x00, 0x01, 0x00, 0x86, 0x09, 0x00, 0x01, 0x00, 0x00, 0x00, 0x00, 0x00, 0x00, 0x00,
	0x00, 0x86, 0x09, 0x00, 0x01, 0x00, 0x00, 0x00, 0x00, 0x00, 0x00, 0x00, 0x00, 0x86, 0x09, 0x00,
	0x01, 0x00, 0x00, 0x00, 0x00, 0x00, 0x00, 0x00, 0x00, 0x79, 0x00, 0x14, 0x4e, 0x17, 0x5f, 0x43,
	0x52, 0x53, 0x00, 0x8b, 0x43, 0x52, 0x53, 0x5f, 0x0a, 0xc2, 0x50, 0x42, 0x42, 0x5f, 0x8b, 0x43,
	0x52, 0x53, 0x5f, 0x0a, 0xc4, 0x50, 0x42, 0x48, 0x5f, 0x8c, 0x43, 0x52, 0x53, 0x5f, 0x0a, 0xc7,
	0x50, 0x4d, 0x4c, 0x5f, 0x70, 0x50, 0x4d, 0x42, 0x53, 0x50, 0x42, 0x42, 0x5f, 0x70, 0x50, 0x4d,
	0x42, 0x53, 0x50, 0x42, 0x48, 0x5f, 0x70, 0x50, 0x4d, 0x4c, 0x4e, 0x50, 0x4d, 0x4c, 0x5f, 0xa0,
	0x4e, 0x07, 0x53, 0x4d, 0x42, 0x42, 0x8b, 0x43, 0x52, 0x53, 0x5f, 0x0a, 0xd2, 0x53, 0x4d, 0x42,
	0x31, 0x8b, 0x43, 0x52, 0x53, 0x5f, 0x0a, 0xd4, 0x53, 0x4d, 0x48, 0x31, 0x8c, 0x43, 0x52, 0x53,
	0x5f, 0x0a, 0xd7, 0x53, 0x4d, 0x4c, 0x31, 0x70, 0x53, 0x4d, 0x42, 0x42, 0x53, 0x4d, 0x42, 0x31,
	0x70, 0x53, 0x4d, 0x42, 0x42, 0x53, 0x4d, 0x48, 0x31, 0x70, 0x53, 0x4d, 0x42, 0x4c, 0x53, 0x4d,
	0x4c, 0x31, 0x8b, 0x43, 0x52, 0x53, 0x5f, 0x0a, 0xca, 0x53, 0x4d, 0x42, 0x5a, 0x8b, 0x43, 0x52,
	0x53, 0x5f, 0x0a, 0xcc, 0x53, 0x4d, 0x48, 0x30, 0x8c, 0x43, 0x52, 0x53, 0x5f, 0x0a, 0xcf, 0x53,
	0x4d, 0x4c, 0x30, 0x70, 0x53, 0x4d, 0x42, 0x30, 0x53, 0x4d, 0x42, 0x5a, 0x70, 0x53, 0x4d, 0x42,
	0x30, 0x53, 0x4d, 0x48, 0x30, 0x70, 0x53, 0x4d, 0x42, 0x4d, 0x53, 0x4d, 0x4c, 0x30, 0xa0, 0x2e,
	0x41, 0x50, 0x43, 0x42, 0x8a, 0x43, 0x52, 0x53, 0x5f, 0x0a, 0xfc, 0x41, 0x50, 0x42, 0x5f, 0x8a,
	0x43, 0x52, 0x53, 0x5f, 0x0b, 0x00, 0x01, 0x41, 0x50, 0x4c, 0x5f, 0x70, 0x41, 0x50, 0x43, 0x42,
	0x41, 0x50, 0x42, 0x5f, 0x70, 0x41, 0x50, 0x43, 0x4c, 0x41, 0x50, 0x4c, 0x5f, 0x8a, 0x43, 0x52,
	0x53, 0x5f, 0x0b, 0x38, 0x01, 0x53, 0x50, 0x49, 0x42, 0x8a, 0x43, 0x52, 0x53, 0x5f, 0x0b, 0x3c,
	0x01, 0x53, 0x50, 0x49, 0x4c, 0x70, 0x0c, 0x00, 0x00, 0xc1, 0xfe, 0x53, 0x50, 0x49, 0x42, 0x70,
	0x0b, 0x00, 0x10, 0x53, 0x50, 0x49, 0x4c, 0xa0, 0x31, 0x57, 0x44, 0x54, 0x42, 0x8a, 0x43, 0x52,
	0x53, 0x5f, 0x0b, 0x44, 0x01, 0x57, 0x44, 0x54, 0x42, 0x8a, 0x43, 0x52, 0x53, 0x5f, 0x0b, 0x48,
	0x01, 0x57, 0x44, 0x54, 0x4c, 0x70, 0x5c, 0x57, 0x44, 0x54, 0x42, 0x57, 0x44, 0x54, 0x42, 0x70,
	0x5c, 0x57, 0x44, 0x54, 0x4c, 0x57, 0x44, 0x54, 0x4c, 0x8a, 0x43, 0x52, 0x53, 0x5f, 0x0b, 0x50,
	0x01, 0x52, 0x4f, 0x4d, 0x42, 0x8a, 0x43, 0x52, 0x53, 0x5f, 0x0b, 0x54, 0x01, 0x52, 0x4f, 0x4d,
	0x4c, 0x70, 0x0c, 0x00, 0x00, 0x00, 0xff, 0x52, 0x4f, 0x4d, 0x42, 0x70, 0x0c, 0x00, 0x00, 0x00,
	0x01, 0x52, 0x4f, 0x4d, 0x4c, 0xa4, 0x43, 0x52, 0x53, 0x5f, 0x10, 0x32, 0x5c, 0x5f, 0x53, 0x42,
	0x5f, 0x10, 0x2b, 0x50, 0x43, 0x49, 0x30, 0x10, 0x25, 0x53, 0x42, 0x52, 0x47, 0x14, 0x0f, 0x52,
	0x52, 0x49, 0x4f, 0x04, 0x70, 0x0d, 0x52, 0x52, 0x49, 0x4f, 0x00, 0x5b, 0x31, 0x14, 0x0f, 0x52,
	0x44, 0x4d, 0x41, 0x03, 0x70, 0x0d, 0x72, 0x44, 0x4d, 0x41, 0x00, 0x5b, 0x31, 0x5b, 0x82, 0x4f,
	0xa0, 0x53, 0x49, 0x4f, 0x31, 0x08, 0x5f, 0x48, 0x49, 0x44, 0x0c, 0x41, 0xd0, 0x0c, 0x02, 0x08,
	0x5f, 0x55, 0x49, 0x44, 0x00, 0x08, 0x43, 0x52, 0x53, 0x5f, 0x11, 0x2d, 0x0a, 0x2a, 0x47, 0x01,
	0x00, 0x00, 0x00, 0x00, 0x00, 0x00, 0x47, 0x01, 0x00, 0x00, 0x00, 0x00, 0x00, 0x00, 0x47, 0x01,
	0x00, 0x00, 0x00, 0x00, 0x00, 0x00, 0x47, 0x01, 0x00, 0x00, 0x00, 0x00, 0x00, 0x00, 0x47, 0x01,
	0x00, 0x00, 0x00, 0x00, 0x00, 0x00, 0x79, 0x00, 0x14, 0x45, 0x16, 0x5f, 0x43, 0x52, 0x53, 0x00,
	0xa0, 0x4c, 0x04, 0x90, 0x95, 0x53, 0x50, 0x31, 0x4f, 0x0b, 0xf0, 0x03, 0x94, 0x53, 0x50, 0x31,
	0x4f, 0x0a, 0xf0, 0x8b, 0x43, 0x52, 0x53, 0x5f, 0x0a, 0x02, 0x47, 0x50, 0x49, 0x30, 0x8b, 0x43,
	0x52, 0x53, 0x5f, 0x0a, 0x04, 0x47, 0x50, 0x49, 0x31, 0x8c, 0x43, 0x52, 0x53, 0x5f, 0x0a, 0x07,
	0x47, 0x50, 0x49, 0x4c, 0x70, 0x53, 0x50, 0x31, 0x4f, 0x47, 0x50, 0x49, 0x30, 0x70, 0x53, 0x50,
	0x31, 0x4f, 0x47, 0x50, 0x49, 0x31, 0x70, 0x0a, 0x02, 0x47, 0x50, 0x49, 0x4c, 0xa0, 0x42, 0x04,
	0x49, 0x4f, 0x31, 0x42, 0x8b, 0x43, 0x52, 0x53, 0x5f, 0x0a, 0x0a, 0x47, 0x50, 0x31, 0x30, 0x8b,
	0x43, 0x52, 0x53, 0x5f, 0x0a, 0x0c, 0x47, 0x50, 0x31, 0x31, 0x8c, 0x43, 0x52, 0x53, 0x5f, 0x0a,
	0x0f, 0x47, 0x50, 0x4c, 0x31, 0x70, 0x49, 0x4f, 0x31, 0x42, 0x47, 0x50, 0x31, 0x30, 0x70, 0x49,
	0x4f, 0x31, 0x42, 0x47, 0x50, 0x31, 0x31, 0x70, 0x49, 0x4f, 0x31, 0x4c, 0x47, 0x50, 0x4c, 0x31,
	0xa0, 0x42, 0x04, 0x49, 0x4f, 0x32, 0x42, 0x8b, 0x43, 0x52, 0x53, 0x5f, 0x0a, 0x12, 0x47, 0x50,
	0x32, 0x30, 0x8b, 0x43, 0x52, 0x53, 0x5f, 0x0a, 0x14, 0x47, 0x50, 0x32, 0x31, 0x8c, 0x43, 0x52,
	0x53, 0x5f, 0x0a, 0x17, 0x47, 0x50, 0x4c, 0x32, 0x70, 0x49, 0x4f, 0x32, 0x42, 0x47, 0x50, 0x32,
	0x30, 0x70, 0x49, 0x4f, 0x32, 0x42, 0x47, 0x50, 0x32, 0x31, 0x70, 0x49, 0x4f, 0x32, 0x4c, 0x47,
	0x50, 0x4c, 0x32, 0xa0, 0x42, 0x04, 0x49, 0x4f, 0x33, 0x42, 0x8b, 0x43, 0x52, 0x53, 0x5f, 0x0a,
	0x1a, 0x47, 0x50, 0x33, 0x30, 0x8b, 0x43, 0x52, 0x53, 0x5f, 0x0a, 0x1c, 0x47, 0x50, 0x33, 0x31,
	0x8c, 0x43, 0x52, 0x53, 0x5f, 0x0a, 0x1f, 0x47, 0x50, 0x4c, 0x33, 0x70, 0x49, 0x4f, 0x33, 0x42,
	0x47, 0x50, 0x33, 0x30, 0x70, 0x49, 0x4f, 0x33, 0x42, 0x47, 0x50, 0x33, 0x31, 0x70, 0x49, 0x4f,
	0x33, 0x4c, 0x47, 0x50, 0x4c, 0x33, 0xa0, 0x42, 0x04, 0x49, 0x4f, 0x34, 0x42, 0x8b, 0x43, 0x52,
	0x53, 0x5f, 0x0a, 0x22, 0x47, 0x50, 0x34, 0x30, 0x8b, 0x43, 0x52, 0x53, 0x5f, 0x0a, 0x24, 0x47,
	0x50, 0x34, 0x31, 0x8c, 0x43, 0x52, 0x53, 0x5f, 0x0a, 0x27, 0x47, 0x50, 0x4c, 0x34, 0x70, 0x49,
	0x4f, 0x34, 0x42, 0x47, 0x50, 0x34, 0x30, 0x70, 0x49, 0x4f, 0x34, 0x42, 0x47, 0x50, 0x34, 0x31,
	0x70, 0x49, 0x4f, 0x34, 0x4c, 0x47, 0x50, 0x4c, 0x34, 0xa4, 0x43, 0x52, 0x53, 0x5f, 0x08, 0x44,
	0x43, 0x41, 0x54, 0x12, 0x2b, 0x15, 0x0a, 0x02, 0x0a, 0x03, 0x01, 0x0a, 0xff, 0x0a, 0xff, 0x0a,
	0xff, 0x0a, 0xff, 0x0a, 0xff, 0x0a, 0xff, 0x0a, 0xff, 0x0a, 0x05, 0x0a, 0xff, 0x0a, 0xff, 0x0a,
	0xff, 0x0a, 0x05, 0x0a, 0xff, 0x0a, 0x06, 0x0a, 0xff, 0x0a, 0xff, 0x0a, 0xff, 0x0a, 0xff, 0x5b,
	0x01, 0x4d, 0x55, 0x54, 0x30, 0x00, 0x14, 0x26, 0x45, 0x4e, 0x46, 0x47, 0x01, 0x5b, 0x23, 0x4d,
	0x55, 0x54, 0x30, 0xff, 0x0f, 0x70, 0x45, 0x4e, 0x54, 0x4b, 0x49, 0x4e, 0x44, 0x58, 0x70, 0x45,
	0x4e, 0x54, 0x4b, 0x49, 0x4e, 0x44, 0x58, 0x70, 0x68, 0x4c, 0x44, 0x4e, 0x5f, 0x14, 0x15, 0x45,
	0x58, 0x46, 0x47, 0x00, 0x70, 0x45, 0x58, 0x54, 0x4b, 0x49, 0x4e, 0x44, 0x58, 0x5b, 0x27, 0x4d,
	0x55, 0x54, 0x30, 0x14, 0x1d, 0x4c, 0x50, 0x54, 0x4d, 0x01, 0x45, 0x4e, 0x46, 0x47, 0x43, 0x47,
	0x4c, 0x44, 0x68, 0x7b, 0x4f, 0x50, 0x54, 0x30, 0x0a, 0x02, 0x60, 0x45, 0x58, 0x46, 0x47, 0xa4,
	0x60, 0x14, 0x0c, 0x55, 0x48, 0x49, 0x44, 0x01, 0xa4, 0x0c, 0x41, 0xd0, 0x05, 0x01, 0x5b, 0x80,
	0x49, 0x4f, 0x49, 0x44, 0x01, 0x53, 0x50, 0x31, 0x4f, 0x0a, 0x02, 0x5b, 0x81, 0x10, 0x49, 0x4f,
	0x49, 0x44, 0x01, 0x49, 0x4e, 0x44, 0x58, 0x08, 0x44, 0x41, 0x54, 0x41, 0x08, 0x5b, 0x86, 0x4a,
	0x0d, 0x49, 0x4e, 0x44, 0x58, 0x44, 0x41, 0x54, 0x41, 0x01, 0x00, 0x38, 0x4c, 0x44, 0x4e, 0x5f,
	0x08, 0x00, 0x48, 0x0c, 0x53, 0x43, 0x46, 0x31, 0x08, 0x53, 0x43, 0x46, 0x32, 0x08, 0x53, 0x43,
	0x46, 0x33, 0x08, 0x53, 0x43, 0x46, 0x34, 0x08, 0x53, 0x43, 0x46, 0x35, 0x08, 0x53, 0x43, 0x46,
	0x36, 0x08, 0x00, 0x28, 0x43, 0x52, 0x32, 0x43, 0x08, 0x43, 0x52, 0x32, 0x44, 0x08, 0x00, 0x10,
	0x41, 0x43, 0x54, 0x52, 0x08, 0x00, 0x48, 0x17, 0x49, 0x4f, 0x41, 0x48, 0x08, 0x49, 0x4f, 0x41,
	0x4c, 0x08, 0x49, 0x4f, 0x48, 0x32, 0x08, 0x49, 0x4f, 0x4c, 0x32, 0x08, 0x00, 0x40, 0x06, 0x49,
	0x4e, 0x54, 0x52, 0x04, 0x49, 0x4e, 0x54, 0x54, 0x04, 0x00, 0x18, 0x44, 0x4d, 0x43, 0x48, 0x08,
	0x00, 0x48, 0x35, 0x52, 0x47, 0x45, 0x30, 0x08, 0x52, 0x47, 0x45, 0x31, 0x08, 0x52, 0x47, 0x45,
	0x32, 0x08, 0x52, 0x47, 0x45, 0x33, 0x08, 0x52, 0x47, 0x45, 0x34, 0x08, 0x52, 0x47, 0x45, 0x35,
	0x08, 0x52, 0x47, 0x45, 0x36, 0x08, 0x52, 0x47, 0x45, 0x37, 0x08, 0x52, 0x47, 0x45, 0x38, 0x08,
	0x52, 0x47, 0x45, 0x39, 0x08, 0x00, 0x30, 0x4f, 0x50, 0x54, 0x30, 0x08, 0x4f, 0x50, 0x54, 0x31,
	0x08, 0x4f, 0x50, 0x54, 0x32, 0x08, 0x4f, 0x50, 0x54, 0x33, 0x08, 0x4f, 0x50, 0x54, 0x34, 0x08,
	0x4f, 0x50, 0x54, 0x35, 0x08, 0x4f, 0x50, 0x54, 0x36, 0x08, 0x4f, 0x50, 0x54, 0x37, 0x08, 0x4f,
	0x50, 0x54, 0x38, 0x08, 0x4f, 0x50, 0x54, 0x39, 0x08, 0x14, 0x0f, 0x43, 0x47, 0x4c, 0x44, 0x01,
	0xa4, 0x83, 0x88, 0x44, 0x43, 0x41, 0x54, 0x68, 0x00, 0x14, 0x42, 0x07, 0x44, 0x53, 0x54, 0x41,
	0x01, 0x45, 0x4e, 0x46, 0x47, 0x43, 0x47, 0x4c, 0x44, 0x68, 0x70, 0x41, 0x43, 0x54, 0x52, 0x60,
	0x7d, 0x79, 0x49, 0x4f, 0x41, 0x48, 0x0a, 0x08, 0x00, 0x49, 0x4f, 0x41, 0x4c, 0x61, 0x45, 0x58,
	0x46, 0x47, 0xa0, 0x07, 0x93, 0x60, 0x0a, 0xff, 0xa4, 0x00, 0x7b, 0x60, 0x01, 0x60, 0xa0, 0x12,
	0x95, 0x68, 0x0a, 0x10, 0x7d, 0x49, 0x4f, 0x53, 0x54, 0x79, 0x60, 0x68, 0x00, 0x49, 0x4f, 0x53,
	0x54, 0xa0, 0x05, 0x60, 0xa4, 0x0a, 0x0f, 0xa1, 0x24, 0xa0, 0x18, 0x95, 0x68, 0x0a, 0x10, 0xa0,
	0x0e, 0x7b, 0x79, 0x01, 0x68, 0x00, 0x49, 0x4f, 0x53, 0x54, 0x00, 0xa4, 0x0a, 0x0d, 0xa1, 0x03,
	0xa4, 0x00, 0xa1, 0x09, 0xa0, 0x05, 0x61, 0xa4, 0x0a, 0x0d, 0xa4, 0x00, 0x14, 0x4f, 0x04, 0x44,
	0x43, 0x4e, 0x54, 0x02, 0x45, 0x4e, 0x46, 0x47, 0x43, 0x47, 0x4c, 0x44, 0x68, 0xa0, 0x1c, 0x90,
	0x95, 0x44, 0x4d, 0x43, 0x48, 0x0a, 0x04, 0x92, 0x93, 0x7b, 0x44, 0x4d, 0x43, 0x48, 0x0a, 0x03,
	0x61, 0x00, 0x52, 0x44, 0x4d, 0x41, 0x68, 0x69, 0x75, 0x61, 0x70, 0x69, 0x41, 0x43, 0x54, 0x52,
	0x79, 0x49, 0x4f, 0x41, 0x48, 0x0a, 0x08, 0x61, 0x7d, 0x49, 0x4f, 0x41, 0x4c, 0x61, 0x61, 0x52,
	0x52, 0x49, 0x4f, 0x68, 0x69, 0x61, 0x0a, 0x08, 0x45, 0x58, 0x46, 0x47, 0x08, 0x43, 0x52, 0x53,
	0x31, 0x11, 0x13, 0x0a, 0x10, 0x47, 0x01, 0x00, 0x00, 0x00, 0x00, 0x01, 0x00, 0x22, 0x00, 0x00,
	0x2a, 0x00, 0x00, 0x79, 0x00, 0x8b, 0x43, 0x52, 0x53, 0x31, 0x0a, 0x09, 0x49, 0x52, 0x51, 0x4d,
	0x8c, 0x43, 0x52, 0x53, 0x31, 0x0a, 0x0c, 0x44, 0x4d, 0x41, 0x4d, 0x8b, 0x43, 0x52, 0x53, 0x31,
	0x0a, 0x02, 0x49, 0x4f, 0x31, 0x31, 0x8b, 0x43, 0x52, 0x53, 0x31, 0x0a, 0x04, 0x49, 0x4f, 0x31,
	0x32, 0x8c, 0x43, 0x52, 0x53, 0x31, 0x0a, 0x07, 0x4c, 0x45, 0x4e, 0x31, 0x08, 0x43, 0x52, 0x53,
	0x32, 0x11, 0x1b, 0x0a, 0x18, 0x47, 0x01, 0x00, 0x00, 0x00, 0x00, 0x01, 0x00, 0x47, 0x01, 0x00,
	0x00, 0x00, 0x00, 0x01, 0x00, 0x22, 0x00, 0x00, 0x2a, 0x00, 0x00, 0x79, 0x00, 0x8b, 0x43, 0x52,
	0x53, 0x32, 0x0a, 0x11, 0x49, 0x52, 0x51, 0x45, 0x8c, 0x43, 0x52, 0x53, 0x32, 0x0a, 0x14, 0x44,
	0x4d, 0x41, 0x45, 0x8b, 0x43, 0x52, 0x53, 0x32, 0x0a, 0x02, 0x49, 0x4f, 0x32, 0x31, 0x8b, 0x43,
	0x52, 0x53, 0x32, 0x0a, 0x04, 0x49, 0x4f, 0x32, 0x32, 0x8c, 0x43, 0x52, 0x53, 0x32, 0x0a, 0x07,
	0x4c, 0x45, 0x4e, 0x32, 0x8b, 0x43, 0x52, 0x53, 0x32, 0x0a, 0x0a, 0x49, 0x4f, 0x33, 0x31, 0x8b,
	0x43, 0x52, 0x53, 0x32, 0x0a, 0x0c, 0x49, 0x4f, 0x33, 0x32, 0x8c, 0x43, 0x52, 0x53, 0x32, 0x0a,
	0x0f, 0x4c, 0x45, 0x4e, 0x33, 0x08, 0x43, 0x52, 0x53, 0x33, 0x11, 0x14, 0x0a, 0x11, 0x47, 0x01,
	0x00, 0x00, 0x00, 0x00, 0x01, 0x00, 0x23, 0x00, 0x00, 0x19, 0x2a, 0x00, 0x00, 0x79, 0x00, 0x8b,
	0x43, 0x52, 0x53, 0x33, 0x0a, 0x09, 0x49, 0x52, 0x51, 0x54, 0x8c, 0x43, 0x52, 0x53, 0x33, 0x0a,
	0x0b, 0x49, 0x52, 0x51, 0x53, 0x8c, 0x43, 0x52, 0x53, 0x33, 0x0a, 0x0d, 0x44, 0x4d, 0x41, 0x54,
	0x8b, 0x43, 0x52, 0x53, 0x33, 0x0a, 0x02, 0x49, 0x4f, 0x34, 0x31, 0x8b, 0x43, 0x52, 0x53, 0x33,
	0x0a, 0x04, 0x49, 0x4f, 0x34, 0x32, 0x8c, 0x43, 0x52, 0x53, 0x33, 0x0a, 0x07, 0x4c, 0x45, 0x4e,
	0x34, 0x14, 0x4d, 0x07, 0x44, 0x43, 0x52, 0x53, 0x02, 0x45, 0x4e, 0x46, 0x47, 0x43, 0x47, 0x4c,
	0x44, 0x68, 0x79, 0x49, 0x4f, 0x41, 0x48, 0x0a, 0x08, 0x49, 0x4f, 0x31, 0x31, 0x7d, 0x49, 0x4f,
	0x41, 0x4c, 0x49, 0x4f, 0x31, 0x31, 0x49, 0x4f, 0x31, 0x31, 0x70, 0x49, 0x4f, 0x31, 0x31, 0x49,
	0x4f, 0x31, 0x32, 0x70, 0x0a, 0x08, 0x4c, 0x45, 0x4e, 0x31, 0xa0, 0x0f, 0x49, 0x4e, 0x54, 0x52,
	0x79, 0x01, 0x49, 0x4e, 0x54, 0x52, 0x49, 0x52, 0x51, 0x4d, 0xa1, 0x07, 0x70, 0x00, 0x49, 0x52,
	0x51, 0x4d, 0xa0, 0x12, 0x91, 0x94, 0x44, 0x4d, 0x43, 0x48, 0x0a, 0x03, 0x93, 0x69, 0x00, 0x70,
	0x00, 0x44, 0x4d, 0x41, 0x4d, 0xa1, 0x10, 0x7b, 0x44, 0x4d, 0x43, 0x48, 0x0a, 0x03, 0x61, 0x79,
	0x01, 0x61, 0x44, 0x4d, 0x41, 0x4d, 0x45, 0x58, 0x46, 0x47, 0xa4, 0x43, 0x52, 0x53, 0x31, 0x14,
	0x45, 0x0a, 0x44, 0x43, 0x52, 0x32, 0x02, 0x45, 0x4e, 0x46, 0x47, 0x43, 0x47, 0x4c, 0x44, 0x68,
	0x79, 0x49, 0x4f, 0x41, 0x48, 0x0a, 0x08, 0x49, 0x4f, 0x32, 0x31, 0x7d, 0x49, 0x4f, 0x41, 0x4c,
	0x49, 0x4f, 0x32, 0x31, 0x49, 0x4f, 0x32, 0x31, 0x70, 0x49, 0x4f, 0x32, 0x31, 0x49, 0x4f, 0x32,
	0x32, 0x70, 0x0a, 0x08, 0x4c, 0x45, 0x4e, 0x32, 0x79, 0x49, 0x4f, 0x48, 0x32, 0x0a, 0x08, 0x49,
	0x4f, 0x33, 0x31, 0x7d, 0x49, 0x4f, 0x4c, 0x32, 0x49, 0x4f, 0x33, 0x31, 0x49, 0x4f, 0x33, 0x31,
	0x70, 0x49, 0x4f, 0x33, 0x31, 0x49, 0x4f, 0x33, 0x32, 0x70, 0x0a, 0x08, 0x4c, 0x45, 0x4e, 0x33,
	0xa0, 0x0f, 0x49, 0x4e, 0x54, 0x52, 0x79, 0x01, 0x49, 0x4e, 0x54, 0x52, 0x49, 0x52, 0x51, 0x45,
	0xa1, 0x07, 0x70, 0x00, 0x49, 0x52, 0x51, 0x45, 0xa0, 0x12, 0x91, 0x94, 0x44, 0x4d, 0x43, 0x48,
	0x0a, 0x03, 0x93, 0x69, 0x00, 0x70, 0x00, 0x44, 0x4d, 0x41, 0x45, 0xa1, 0x10, 0x7b, 0x44, 0x4d,
	0x43, 0x48, 0x0a, 0x03, 0x61, 0x79, 0x01, 0x61, 0x44, 0x4d, 0x41, 0x45, 0x45, 0x58, 0x46, 0x47,
	0xa4, 0x43, 0x52, 0x53, 0x32, 0x14, 0x4d, 0x07, 0x44, 0x43, 0x52, 0x33, 0x02, 0x45, 0x4e, 0x46,
	0x47, 0x43, 0x47, 0x4c, 0x44, 0x68, 0x79, 0x49, 0x4f, 0x41, 0x48, 0x0a, 0x08, 0x49, 0x4f, 0x34,
	0x31, 0x7d, 0x49, 0x4f, 0x41, 0x4c, 0x49, 0x4f, 0x34, 0x31, 0x49, 0x4f, 0x34, 0x31, 0x70, 0x49,
	0x4f, 0x34, 0x31, 0x49, 0x4f, 0x34, 0x32, 0x70, 0x0a, 0x08, 0x4c, 0x45, 0x4e, 0x34, 0xa0, 0x0f,
	0x49, 0x4e, 0x54, 0x52, 0x79, 0x01, 0x49, 0x4e, 0x54, 0x52, 0x49, 0x52, 0x51, 0x54, 0xa1, 0x07,
	0x70, 0x00, 0x49, 0x52, 0x51, 0x54, 0xa0, 0x12, 0x91, 0x94, 0x44, 0x4d, 0x43, 0x48, 0x0a, 0x03,
	0x93, 0x69, 0x00, 0x70, 0x00, 0x44, 0x4d, 0x41, 0x54, 0xa1, 0x10, 0x7b, 0x44, 0x4d, 0x43, 0x48,
	0x0a, 0x03, 0x61, 0x79, 0x01, 0x61, 0x44, 0x4d, 0x41, 0x54, 0x45, 0x58, 0x46, 0x47, 0xa4, 0x43,
	0x52, 0x53, 0x33, 0x14, 0x41, 0x0a, 0x44, 0x53, 0x52, 0x53, 0x02, 0xa0, 0x12, 0x7b, 0x93, 0x69,
	0x0a, 0x02, 0x4c, 0x50, 0x54, 0x4d, 0x69, 0x00, 0x44, 0x53, 0x52, 0x32, 0x68, 0x69, 0xa1, 0x46,
	0x08, 0x8b, 0x68, 0x0a, 0x09, 0x49, 0x52, 0x51, 0x4d, 0x8c, 0x68, 0x0a, 0x0c, 0x44, 0x4d, 0x41,
	0x4d, 0x8b, 0x68, 0x0a, 0x02, 0x49, 0x4f, 0x31, 0x31, 0x45, 0x4e, 0x46, 0x47, 0x43, 0x47, 0x4c,
	0x44, 0x69, 0x7b, 0x49, 0x4f, 0x31, 0x31, 0x0a, 0xff, 0x49, 0x4f, 0x41, 0x4c, 0x7a, 0x49, 0x4f,
	0x31, 0x31, 0x0a, 0x08, 0x49, 0x4f, 0x41, 0x48, 0xa0, 0x12, 0x49, 0x52, 0x51, 0x4d, 0x82, 0x49,
	0x52, 0x51, 0x4d, 0x60, 0x74, 0x60, 0x01, 0x49, 0x4e, 0x54, 0x52, 0xa1, 0x07, 0x70, 0x00, 0x49,
	0x4e, 0x54, 0x52, 0xa0, 0x12, 0x44, 0x4d, 0x41, 0x4d, 0x82, 0x44, 0x4d, 0x41, 0x4d, 0x60, 0x74,
	0x60, 0x01, 0x44, 0x4d, 0x43, 0x48, 0xa1, 0x08, 0x70, 0x0a, 0x04, 0x44, 0x4d, 0x43, 0x48, 0x45,
	0x58, 0x46, 0x47, 0x44, 0x43, 0x4e, 0x54, 0x69, 0x01, 0x70, 0x69, 0x62, 0xa0, 0x08, 0x94, 0x62,
	0x00, 0x74, 0x62, 0x01, 0x62, 0x14, 0x49, 0x0a, 0x44, 0x53, 0x52, 0x32, 0x02, 0x8b, 0x68, 0x0a,
	0x11, 0x49, 0x52, 0x51, 0x45, 0x8c, 0x68, 0x0a, 0x14, 0x44, 0x4d, 0x41, 0x45, 0x8b, 0x68, 0x0a,
	0x02, 0x49, 0x4f, 0x32, 0x31, 0x8b, 0x68, 0x0a, 0x0a, 0x49, 0x4f, 0x33, 0x31, 0x45, 0x4e, 0x46,
	0x47, 0x43, 0x47, 0x4c, 0x44, 0x69, 0x7b, 0x49, 0x4f, 0x32, 0x31, 0x0a, 0xff, 0x49, 0x4f, 0x41,
	0x4c, 0x7a, 0x49, 0x4f, 0x32, 0x31, 0x0a, 0x08, 0x49, 0x4f, 0x41, 0x48, 0x7b, 0x49, 0x4f, 0x33,
	0x31, 0x0a, 0xff, 0x49, 0x4f, 0x4c, 0x32, 0x7a, 0x49, 0x4f, 0x33, 0x31, 0x0a, 0x08, 0x49, 0x4f,
	0x48, 0x32, 0xa0, 0x12, 0x49, 0x52, 0x51, 0x45, 0x82, 0x49, 0x52, 0x51, 0x45, 0x60, 0x74, 0x60,
	0x01, 0x49, 0x4e, 0x54, 0x52, 0xa1, 0x07, 0x70, 0x00, 0x49, 0x4e, 0x54, 0x52, 0xa0, 0x12, 0x44,
	0x4d, 0x41, 0x45, 0x82, 0x44, 0x4d, 0x41, 0x45, 0x60, 0x74, 0x60, 0x01, 0x44, 0x4d, 0x43, 0x48,
	0xa1, 0x08, 0x70, 0x0a, 0x04, 0x44, 0x4d, 0x43, 0x48, 0x45, 0x58, 0x46, 0x47, 0x44, 0x43, 0x4e,
	0x54, 0x69, 0x01, 0x70, 0x69, 0x62, 0xa0, 0x08, 0x94, 0x62, 0x00, 0x74, 0x62, 0x01, 0x62, 0x14,
	0x43, 0x09, 0x44, 0x53, 0x52, 0x33, 0x02, 0x8b, 0x68, 0x0a, 0x02, 0x49, 0x4f, 0x34, 0x31, 0x8b,
	0x68, 0x0a, 0x09, 0x49, 0x52, 0x51, 0x54, 0x8c, 0x68, 0x0a, 0x0b, 0x49, 0x52, 0x51, 0x53, 0x8c,
	0x68, 0x0a, 0x0d, 0x44, 0x4d, 0x41, 0x54, 0x45, 0x4e, 0x46, 0x47, 0x43, 0x47, 0x4c, 0x44, 0x69,
	0x7b, 0x49, 0x4f, 0x34, 0x31, 0x0a, 0xff, 0x49, 0x4f, 0x41, 0x4c, 0x7a, 0x49, 0x4f, 0x34, 0x31,
	0x0a, 0x08, 0x49, 0x4f, 0x41, 0x48, 0xa0, 0x12, 0x49, 0x52, 0x51, 0x54, 0x82, 0x49, 0x52, 0x51,
	0x54, 0x60, 0x74, 0x60, 0x01, 0x49, 0x4e, 0x54, 0x52, 0xa1, 0x07, 0x70, 0x00, 0x49, 0x4e, 0x54,
	0x52, 0xa0, 0x12, 0x44, 0x4d, 0x41, 0x54, 0x82, 0x44, 0x4d, 0x41, 0x54, 0x60, 0x74, 0x60, 0x01,
	0x44, 0x4d, 0x43, 0x48, 0xa1, 0x08, 0x70, 0x0a, 0x04, 0x44, 0x4d, 0x43, 0x48, 0x45, 0x58, 0x46,
	0x47, 0x44, 0x43, 0x4e, 0x54, 0x69, 0x01, 0x70, 0x69, 0x62, 0xa0, 0x08, 0x94, 0x62, 0x00, 0x74,
	0x62, 0x01, 0x62, 0x08, 0x50, 0x4d, 0x46, 0x47, 0x00, 0x14, 0x4f, 0x0e, 0x53, 0x49, 0x4f, 0x53,
	0x01, 0x70, 0x0d, 0x53, 0x49, 0x4f, 0x53, 0x00, 0x5b, 0x31, 0xa0, 0x4e, 0x0d, 0x92, 0x93, 0x0a,
	0x05, 0x68, 0x45, 0x4e, 0x46, 0x47, 0x0a, 0x0a, 0xa0, 0x48, 0x06, 0x93, 0x68, 0x01, 0x70, 0x00,
	0x4f, 0x50, 0x54, 0x36, 0x70, 0x00, 0x4f, 0x50, 0x54, 0x37, 0xa0, 0x10, 0x4b, 0x42, 0x46, 0x47,
	0x7d, 0x4f, 0x50, 0x54, 0x36, 0x0a, 0x10, 0x4f, 0x50, 0x54, 0x36, 0xa1, 0x0c, 0x7b, 0x4f, 0x50,
	0x54, 0x36, 0x0a, 0xef, 0x4f, 0x50, 0x54, 0x36, 0xa0, 0x10, 0x4d, 0x53, 0x46, 0x47, 0x7d, 0x4f,
	0x50, 0x54, 0x36, 0x0a, 0x20, 0x4f, 0x50, 0x54, 0x36, 0xa1, 0x0c, 0x7b, 0x4f, 0x50, 0x54, 0x36,
	0x0a, 0xdf, 0x4f, 0x50, 0x54, 0x36, 0x70, 0x0a, 0xff, 0x4f, 0x50, 0x54, 0x33, 0x70, 0x0a, 0xff,
	0x4f, 0x50, 0x54, 0x34, 0x7d, 0x01, 0x4f, 0x50, 0x54, 0x32, 0x60, 0x70, 0x60, 0x4f, 0x50, 0x54,
	0x32, 0xa0, 0x43, 0x06, 0x92, 0x95, 0x68, 0x0a, 0x03, 0x7b, 0x52, 0x47, 0x45, 0x30, 0x0a, 0x9f,
	0x52, 0x47, 0x45, 0x30, 0x70, 0x52, 0x47, 0x45, 0x33, 0x60, 0x5b, 0x22, 0x0a, 0xc8, 0xa0, 0x10,
	0x4b, 0x42, 0x46, 0x47, 0x7d, 0x52, 0x47, 0x45, 0x30, 0x0a, 0x41, 0x52, 0x47, 0x45, 0x30, 0xa1,
	0x0c, 0x7b, 0x52, 0x47, 0x45, 0x30, 0x0a, 0xbe, 0x52, 0x47, 0x45, 0x30, 0xa0, 0x1b, 0x4d, 0x53,
	0x46, 0x47, 0x7b, 0x52, 0x47, 0x45, 0x36, 0x0a, 0x7f, 0x52, 0x47, 0x45, 0x36, 0x7d, 0x52, 0x47,
	0x45, 0x30, 0x0a, 0x22, 0x52, 0x47, 0x45, 0x30, 0xa1, 0x0c, 0x7b, 0x52, 0x47, 0x45, 0x30, 0x0a,
	0xdd, 0x52, 0x47, 0x45, 0x30, 0x45, 0x58, 0x46, 0x47, 0x14, 0x4d, 0x04, 0x53, 0x49, 0x4f, 0x57,
	0x01, 0x70, 0x0d, 0x53, 0x49, 0x4f, 0x57, 0x00, 0x5b, 0x31, 0x45, 0x4e, 0x46, 0x47, 0x0a, 0x0a,
	0x70, 0x0a, 0xff, 0x4f, 0x50, 0x54, 0x33, 0x7b, 0x4f, 0x50, 0x54, 0x36, 0x0a, 0xcf, 0x4f, 0x50,
	0x54, 0x36, 0x7b, 0x4f, 0x50, 0x54, 0x32, 0x0a, 0xfe, 0x4f, 0x50, 0x54, 0x32, 0x7b, 0x52, 0x47,
	0x45, 0x30, 0x0a, 0xbe, 0x52, 0x47, 0x45, 0x30, 0x7b, 0x52, 0x47, 0x45, 0x30, 0x0a, 0xdd, 0x52,
	0x47, 0x45, 0x30, 0x45, 0x58, 0x46, 0x47, 0x14, 0x06, 0x53, 0x49, 0x4f, 0x48, 0x00, 0x5b, 0x82,
	0x42, 0x0d, 0x55, 0x41, 0x52, 0x31, 0x08, 0x5f, 0x48, 0x49, 0x44, 0x0c, 0x41, 0xd0, 0x05, 0x01,
	0x08, 0x5f, 0x55, 0x49, 0x44, 0x00, 0x08, 0x4c, 0x44, 0x4e, 0x5f, 0x0a, 0x02, 0x14, 0x13, 0x5f,
	0x53, 0x54, 0x41, 0x00, 0xa4, 0x5e, 0x5e, 0x2e, 0x53, 0x49, 0x4f, 0x31, 0x44, 0x53, 0x54, 0x41,
	0x00, 0x14, 0x13, 0x5f, 0x44, 0x49, 0x53, 0x00, 0x5e, 0x5e, 0x2e, 0x53, 0x49, 0x4f, 0x31, 0x44,
	0x43, 0x4e, 0x54, 0x00, 0x00, 0x14, 0x14, 0x5f, 0x43, 0x52, 0x53, 0x00, 0xa4, 0x5e, 0x5e, 0x2e,
	0x53, 0x49, 0x4f, 0x31, 0x44, 0x43, 0x52, 0x53, 0x00, 0x00, 0x14, 0x13, 0x5f, 0x53, 0x52, 0x53,
	0x01, 0x5e, 0x5e, 0x2e, 0x53, 0x49, 0x4f, 0x31, 0x44, 0x53, 0x52, 0x53, 0x68, 0x00, 0x08, 0x5f,
	0x44, 0x44, 0x4e, 0x0d, 0x43, 0x4f, 0x4d, 0x31, 0x00, 0x08, 0x5f, 0x50, 0x52, 0x53, 0x11, 0x43,
	0x05, 0x0a, 0x4f, 0x31, 0x00, 0x47, 0x01, 0xf8, 0x03, 0xf8, 0x03, 0x01, 0x08, 0x22, 0x10, 0x00,
	0x2a, 0x00, 0x00, 0x30, 0x47, 0x01, 0xf8, 0x03, 0xf8, 0x03, 0x01, 0x08, 0x22, 0x10, 0x00, 0x2a,
	0x00, 0x00, 0x30, 0x47, 0x01, 0xf8, 0x02, 0xf8, 0x02, 0x01, 0x08, 0x22, 0x08, 0x00, 0x2a, 0x00,
	0x00, 0x30, 0x47, 0x01, 0xe8, 0x03, 0xe8, 0x03, 0x01, 0x08, 0x22, 0x10, 0x00, 0x2a, 0x00, 0x00,
	0x30, 0x47, 0x01, 0xe8, 0x02, 0xe8, 0x02, 0x01, 0x08, 0x22, 0x08, 0x00, 0x2a, 0x00, 0x00, 0x38,
	0x79, 0x00, 0x5b, 0x82, 0x46, 0x0a, 0x50, 0x53, 0x32, 0x4b, 0x08, 0x5f, 0x48, 0x49, 0x44, 0x0c,
	0x41, 0xd0, 0x03, 0x03, 0x08, 0x5f, 0x55, 0x49, 0x44, 0x00, 0x08, 0x4c, 0x44, 0x4e, 0x5f, 0x0a,
	0x05, 0x08, 0x5f, 0x43, 0x49, 0x44, 0x0c, 0x41, 0xd0, 0x03, 0x0b, 0x14, 0x18, 0x5f, 0x53, 0x54,
	0x41, 0x00, 0xa0, 0x0d, 0x7b, 0x49, 0x4f, 0x53, 0x54, 0x0b, 0x00, 0x04, 0x00, 0xa4, 0x0a, 0x0f,
	0xa1, 0x03, 0xa4, 0x00, 0x08, 0x5f, 0x43, 0x52, 0x53, 0x11, 0x18, 0x0a, 0x15, 0x47, 0x01, 0x60,
	0x00, 0x60, 0x00, 0x00, 0x01, 0x47, 0x01, 0x64, 0x00, 0x64, 0x00, 0x00, 0x01, 0x22, 0x02, 0x00,
	0x79, 0x00, 0x08, 0x5f, 0x50, 0x52, 0x53, 0x11, 0x1b, 0x0a, 0x18, 0x31, 0x00, 0x47, 0x01, 0x60,
	0x00, 0x60, 0x00, 0x00, 0x01, 0x47, 0x01, 0x64, 0x00, 0x64, 0x00, 0x00, 0x01, 0x22, 0x02, 0x00,
	0x38, 0x79, 0x00, 0x14, 0x0c, 0x5f, 0x50, 0x53, 0x57, 0x01, 0x70, 0x68, 0x4b, 0x42, 0x46, 0x47,
	0x10, 0x09, 0x5c, 0x00, 0x08, 0x4b, 0x42, 0x46, 0x47, 0x01, 0x14, 0x0f, 0x5f, 0x50, 0x52, 0x57,
	0x00, 0xa4, 0x47, 0x50, 0x52, 0x57, 0x0a, 0x1d, 0x0a, 0x03, 0x5b, 0x82, 0x42, 0x0c, 0x50, 0x53,
	0x32, 0x4d, 0x08, 0x5f, 0x48, 0x49, 0x44, 0x0c, 0x41, 0xd0, 0x0f, 0x03, 0x08, 0x5f, 0x55, 0x49,
	0x44, 0x00, 0x08, 0x4c, 0x44, 0x4e, 0x5f, 0x0a, 0x05, 0x08, 0x5f, 0x43, 0x49, 0x44, 0x0c, 0x41,
	0xd0, 0x0f, 0x13, 0x14, 0x18, 0x5f, 0x53, 0x54, 0x41, 0x00, 0xa0, 0x0d, 0x7b, 0x49, 0x4f, 0x53,
	0x54, 0x0b, 0x00, 0x40, 0x00, 0xa4, 0x0a, 0x0f, 0xa1, 0x03, 0xa4, 0x00, 0x08, 0x43, 0x52, 0x53,
	0x31, 0x11, 0x08, 0x0a, 0x05, 0x22, 0x00, 0x10, 0x79, 0x00, 0x08, 0x43, 0x52, 0x53, 0x32, 0x11,
	0x18, 0x0a, 0x15, 0x47, 0x01, 0x60, 0x00, 0x60, 0x00, 0x00, 0x01, 0x47, 0x01, 0x64, 0x00, 0x64,
	0x00, 0x00, 0x01, 0x22, 0x00, 0x10, 0x79, 0x00, 0x14, 0x1d, 0x5f, 0x43, 0x52, 0x53, 0x00, 0xa0,
	0x0f, 0x7b, 0x49, 0x4f, 0x53, 0x54, 0x0b, 0x00, 0x04, 0x00, 0xa4, 0x43, 0x52, 0x53, 0x31, 0xa1,
	0x06, 0xa4, 0x43, 0x52, 0x53, 0x32, 0x08, 0x5f, 0x50, 0x52, 0x53, 0x11, 0x0b, 0x0a, 0x08, 0x31,
	0x00, 0x22, 0x00, 0x10, 0x38, 0x79, 0x00, 0x14, 0x0c, 0x5f, 0x50, 0x53, 0x57, 0x01, 0x70, 0x68,
	0x4d, 0x53, 0x46, 0x47, 0x10, 0x09, 0x5c, 0x00, 0x08, 0x4d, 0x53, 0x46, 0x47, 0x01, 0x14, 0x0f,
	0x5f, 0x50, 0x52, 0x57, 0x00, 0xa4, 0x47, 0x50, 0x52, 0x57, 0x0a, 0x1d, 0x0a, 0x03, 0x5b, 0x82,
	0x25, 0x48, 0x48, 0x4d, 0x44, 0x08, 0x5f, 0x48, 0x49, 0x44, 0x0c, 0x41, 0xd0, 0x0c, 0x08, 0x08,
	0x5f, 0x55, 0x49, 0x44, 0x00, 0x08, 0x4c, 0x44, 0x4e, 0x5f, 0x0a, 0x0b, 0x14, 0x08, 0x5f, 0x53,
	0x54, 0x41, 0x00, 0xa4, 0x00, 0x5b, 0x82, 0x25, 0x53, 0x47, 0x50, 0x49, 0x08, 0x5f, 0x48, 0x49,
	0x44, 0x0c, 0x41, 0xd0, 0x0c, 0x08, 0x08, 0x5f, 0x55, 0x49, 0x44, 0x01, 0x08, 0x4c, 0x44, 0x4e,
	0x5f, 0x0a, 0x09, 0x14, 0x08, 0x5f, 0x53, 0x54, 0x41, 0x00, 0xa4, 0x00, 0x5b, 0x82, 0x26, 0x41,
	0x43, 0x50, 0x49, 0x08, 0x5f, 0x48, 0x49, 0x44, 0x0c, 0x41, 0xd0, 0x0c, 0x08, 0x08, 0x5f, 0x55,
	0x49, 0x44, 0x0a, 0x03, 0x08, 0x4c, 0x44, 0x4e, 0x5f, 0x0a, 0x0a, 0x14, 0x08, 0x5f, 0x53, 0x54,
	0x41, 0x00, 0xa4, 0x00, 0x5b, 0x82, 0x26, 0x53, 0x50, 0x38, 0x30, 0x08, 0x5f, 0x48, 0x49, 0x44,
	0x0c, 0x41, 0xd0, 0x0c, 0x08, 0x08, 0x5f, 0x55, 0x49, 0x44, 0x0a, 0x04, 0x08, 0x4c, 0x44, 0x4e,
	0x5f, 0x0a, 0x14, 0x14, 0x08, 0x5f, 0x53, 0x54, 0x41, 0x00, 0xa4, 0x00, 0x5b, 0x82, 0x26, 0x53,
	0x46, 0x45, 0x44, 0x08, 0x5f, 0x48, 0x49, 0x44, 0x0c, 0x41, 0xd0, 0x0c, 0x08, 0x08, 0x5f, 0x55,
	0x49, 0x44, 0x0a, 0x05, 0x08, 0x4c, 0x44, 0x4e, 0x5f, 0x0a, 0x15, 0x14, 0x08, 0x5f, 0x53, 0x54,
	0x41, 0x00, 0xa4, 0x00, 0x5b, 0x82, 0x26, 0x44, 0x53, 0x4c, 0x50, 0x08, 0x5f, 0x48, 0x49, 0x44,
	0x0c, 0x41, 0xd0, 0x0c, 0x08, 0x08, 0x5f, 0x55, 0x49, 0x44, 0x0a, 0x06, 0x08, 0x4c, 0x44, 0x4e,
	0x5f, 0x0a, 0x16, 0x14, 0x08, 0x5f, 0x53, 0x54, 0x41, 0x00, 0xa4, 0x00, 0x5b, 0x82, 0x0f, 0x53,
	0x44, 0x49, 0x4f, 0x08, 0x5f, 0x41, 0x44, 0x52, 0x0c, 0x07, 0x00, 0x14, 0x00, 0x5b, 0x82, 0x4a,
	0x74, 0x42, 0x58, 0x42, 0x52, 0x08, 0x5f, 0x41, 0x44, 0x52, 0x0c, 0x02, 0x00, 0x01, 0x00, 0x14,
	0x0f, 0x5f, 0x50, 0x52, 0x57, 0x00, 0xa4, 0x47, 0x50, 0x52, 0x57, 0x0a, 0x08, 0x0a, 0x04, 0x14,
	0x16, 0x5f, 0x50, 0x52, 0x54, 0x00, 0xa0, 0x0a, 0x50, 0x49, 0x43, 0x4d, 0xa4, 0x41, 0x52, 0x32,
	0x30, 0xa4, 0x50, 0x44, 0x32, 0x30, 0x5b, 0x82, 0x41, 0x71, 0x42, 0x59, 0x55, 0x50, 0x08, 0x5f,
	0x41, 0x44, 0x52, 0x00, 0x5b, 0x82, 0x18, 0x42, 0x59, 0x44, 0x30, 0x08, 0x5f, 0x41, 0x44, 0x52,
	0x00, 0x5b, 0x82, 0x0b, 0x42, 0x59, 0x53, 0x30, 0x08, 0x5f, 0x41, 0x44, 0x52, 0x00, 0x5b, 0x82,
	0x1c, 0x42, 0x59, 0x44, 0x31, 0x08, 0x5f, 0x41, 0x44, 0x52, 0x0c, 0x00, 0x00, 0x01, 0x00, 0x5b,
	0x82, 0x0b, 0x42, 0x59, 0x53, 0x31, 0x08, 0x5f, 0x41, 0x44, 0x52, 0x00, 0x5b, 0x82, 0x1c, 0x42,
	0x59, 0x44, 0x32, 0x08, 0x5f, 0x41, 0x44, 0x52, 0x0c, 0x00, 0x00, 0x02, 0x00, 0x5b, 0x82, 0x0b,
	0x42, 0x59, 0x53, 0x32, 0x08, 0x5f, 0x41, 0x44, 0x52, 0x00, 0x5b, 0x82, 0x1c, 0x42, 0x59, 0x44,
	0x33, 0x08, 0x5f, 0x41, 0x44, 0x52, 0x0c, 0x00, 0x00, 0x03, 0x00, 0x5b, 0x82, 0x0b, 0x42, 0x59,
	0x53, 0x33, 0x08, 0x5f, 0x41, 0x44, 0x52, 0x00, 0x5b, 0x82, 0x1c, 0x42, 0x59, 0x44, 0x34, 0x08,
	0x5f, 0x41, 0x44, 0x52, 0x0c, 0x00, 0x00, 0x04, 0x00, 0x5b, 0x82, 0x0b, 0x42, 0x59, 0x53, 0x34,
	0x08, 0x5f, 0x41, 0x44, 0x52, 0x00, 0x5b, 0x82, 0x1c, 0x42, 0x59, 0x44, 0x35, 0x08, 0x5f, 0x41,
	0x44, 0x52, 0x0c, 0x00, 0x00, 0x05, 0x00, 0x5b, 0x82, 0x0b, 0x42, 0x59, 0x53, 0x35, 0x08, 0x5f,
	0x41, 0x44, 0x52, 0x00, 0x5b, 0x82, 0x1c, 0x42, 0x59, 0x44, 0x36, 0x08, 0x5f, 0x41, 0x44, 0x52,
	0x0c, 0x00, 0x00, 0x06, 0x00, 0x5b, 0x82, 0x0b, 0x42, 0x59, 0x53, 0x36, 0x08, 0x5f, 0x41, 0x44,
	0x52, 0x00, 0x5b, 0x82, 0x1c, 0x42, 0x59, 0x44, 0x37, 0x08, 0x5f, 0x41, 0x44, 0x52, 0x0c, 0x00,
	0x00, 0x07, 0x00, 0x5b, 0x82, 0x0b, 0x42, 0x59, 0x53, 0x37, 0x08, 0x5f, 0x41, 0x44, 0x52, 0x00,
	0x5b, 0x82, 0x47, 0x61, 0x42, 0x59, 0x44, 0x38, 0x08, 0x5f, 0x41, 0x44, 0x52, 0x0c, 0x00, 0x00,
	0x08, 0x00, 0x5b, 0x82, 0x4f, 0x30, 0x58, 0x48, 0x43, 0x31, 0x08, 0x5f, 0x41, 0x44, 0x52, 0x01,
	0x5b, 0x82, 0x41, 0x30, 0x52, 0x48, 0x55, 0x42, 0x08, 0x5f, 0x41, 0x44, 0x52, 0x00, 0x08, 0x42,
	0x31, 0x55, 0x32, 0x12, 0x0e, 0x06, 0x0a, 0x14, 0x0a, 0x15, 0x0a, 0x16, 0x0a, 0x17, 0x0a, 0x18,
	0x0a, 0x19, 0x08, 0x42, 0x31, 0x55, 0x33, 0x12, 0x0a, 0x04, 0x0a, 0x14, 0x0a, 0x15, 0x0a, 0x16,
	0x0a, 0x17, 0x08, 0x42, 0x31, 0x56, 0x32, 0x12, 0x08, 0x06, 0x01, 0x01, 0x01, 0x01, 0x01, 0x01,
	0x08, 0x42, 0x31, 0x56, 0x33, 0x12, 0x06, 0x04, 0x00, 0x00, 0x01, 0x01, 0x08, 0x42, 0x48, 0x31,
	0x50, 0x12, 0x0a, 0x04, 0x0a, 0x1f, 0x0a, 0x20, 0x0a, 0x21, 0x0a, 0x22, 0x08, 0x42, 0x48, 0x31,
	0x56, 0x12, 0x06, 0x04, 0x01, 0x01, 0x01, 0x01, 0x14, 0x4f, 0x05, 0x47, 0x50, 0x4c, 0x44, 0x0a,
	0x08, 0x50, 0x43, 0x4b, 0x47, 0x12, 0x06, 0x01, 0x11, 0x03, 0x0a, 0x14, 0x5b, 0x13, 0x83, 0x88,
	0x50, 0x43, 0x4b, 0x47, 0x00, 0x00, 0x00, 0x0a, 0x07, 0x52, 0x45, 0x56, 0x5f, 0x70, 0x0a, 0x02,
	0x52, 0x45, 0x56, 0x5f, 0x5b, 0x13, 0x83, 0x88, 0x50, 0x43, 0x4b, 0x47, 0x00, 0x00, 0x0a, 0x40,
	0x01, 0x56, 0x49, 0x53, 0x49, 0x70, 0x68, 0x56, 0x49, 0x53, 0x49, 0x5b, 0x13, 0x83, 0x88, 0x50,
	0x43, 0x4b, 0x47, 0x00, 0x00, 0x0a, 0x57, 0x0a, 0x08, 0x47, 0x50, 0x4f, 0x53, 0x70, 0x69, 0x47,
	0x50, 0x4f, 0x53, 0xa4, 0x50, 0x43, 0x4b, 0x47, 0x5b, 0x82, 0x35, 0x50, 0x52, 0x54, 0x31, 0x08,
	0x5f, 0x41, 0x44, 0x52, 0x01, 0x08, 0x5f, 0x55, 0x50, 0x43, 0x12, 0x08, 0x04, 0x0a, 0xff, 0x0a,
	0x03, 0x00, 0x00, 0x14, 0x1b, 0x5f, 0x50, 0x4c, 0x44, 0x00, 0xa4, 0x47, 0x50, 0x4c, 0x44, 0x83,
	0x88, 0x42, 0x31, 0x56, 0x32, 0x00, 0x00, 0x83, 0x88, 0x42, 0x31, 0x55, 0x32, 0x00, 0x00, 0x5b,
	0x82, 0x36, 0x50, 0x52, 0x54, 0x32, 0x08, 0x5f, 0x41, 0x44, 0x52, 0x0a, 0x02, 0x08, 0x5f, 0x55,
	0x50, 0x43, 0x12, 0x08, 0x04, 0x0a, 0xff, 0x0a, 0x03, 0x00, 0x00, 0x14, 0x1b, 0x5f, 0x50, 0x4c,
	0x44, 0x00, 0xa4, 0x47, 0x50, 0x4c, 0x44, 0x83, 0x88, 0x42, 0x31, 0x56, 0x32, 0x01, 0x00, 0x83,
	0x88, 0x42, 0x31, 0x55, 0x32, 0x01, 0x00, 0x5b, 0x82, 0x38, 0x50, 0x52, 0x54, 0x33, 0x08, 0x5f,
	0x41, 0x44, 0x52, 0x0a, 0x03, 0x08, 0x5f, 0x55, 0x50, 0x43, 0x12, 0x08, 0x04, 0x0a, 0xff, 0x0a,
	0x03, 0x00, 0x00, 0x14, 0x1d, 0x5f, 0x50, 0x4c, 0x44, 0x00, 0xa4, 0x47, 0x50, 0x4c, 0x44, 0x83,
	0x88, 0x42, 0x31, 0x56, 0x32, 0x0a, 0x02, 0x00, 0x83, 0x88, 0x42, 0x31, 0x55, 0x32, 0x0a, 0x02,
	0x00, 0x5b, 0x82, 0x38, 0x50, 0x52, 0x54, 0x34, 0x08, 0x5f, 0x41, 0x44, 0x52, 0x0a, 0x04, 0x08,
	0x5f, 0x55, 0x50, 0x43, 0x12, 0x08, 0x04, 0x0a, 0xff, 0x0a, 0x03, 0x00, 0x00, 0x14, 0x1d, 0x5f,
	0x50, 0x4c, 0x44, 0x00, 0xa4, 0x47, 0x50, 0x4c, 0x44, 0x83, 0x88, 0x42, 0x31, 0x56, 0x32, 0x0a,
	0x03, 0x00, 0x83, 0x88, 0x42, 0x31, 0x55, 0x32, 0x0a, 0x03, 0x00, 0x5b, 0x82, 0x38, 0x50, 0x52,
	0x54, 0x35, 0x08, 0x5f, 0x41, 0x44, 0x52, 0x0a, 0x05, 0x08, 0x5f, 0x55, 0x50, 0x43, 0x12, 0x08,
	0x04, 0x0a, 0xff, 0x0a, 0x03, 0x00, 0x00, 0x14, 0x1d, 0x5f, 0x50, 0x4c, 0x44, 0x00, 0xa4, 0x47,
	0x50, 0x4c, 0x44, 0x83, 0x88, 0x42, 0x31, 0x56, 0x32, 0x0a, 0x04, 0x00, 0x83, 0x88, 0x42, 0x31,
	0x55, 0x32, 0x0a, 0x04, 0x00, 0x5b, 0x82, 0x38, 0x50, 0x52, 0x54, 0x36, 0x08, 0x5f, 0x41, 0x44,
	0x52, 0x0a, 0x06, 0x08, 0x5f, 0x55, 0x50, 0x43, 0x12, 0x08, 0x04, 0x0a, 0xff, 0x0a, 0x03, 0x00,
	0x00, 0x14, 0x1d, 0x5f, 0x50, 0x4c, 0x44, 0x00, 0xa4, 0x47, 0x50, 0x4c, 0x44, 0x83, 0x88, 0x42,
	0x31, 0x56, 0x32, 0x0a, 0x05, 0x00, 0x83, 0x88, 0x42, 0x31, 0x55, 0x32, 0x0a, 0x05, 0x00, 0x5b,
	0x82, 0x36, 0x50, 0x52, 0x54, 0x37, 0x08, 0x5f, 0x41, 0x44, 0x52, 0x0a, 0x07, 0x08, 0x5f, 0x55,
	0x50, 0x43, 0x12, 0x08, 0x04, 0x0a, 0xff, 0x0a, 0x03, 0x00, 0x00, 0x14, 0x1b, 0x5f, 0x50, 0x4c,
	0x44, 0x00, 0xa4, 0x47, 0x50, 0x4c, 0x44, 0x83, 0x88, 0x42, 0x31, 0x56, 0x33, 0x00, 0x00, 0x83,
	0x88, 0x42, 0x31, 0x55, 0x33, 0x00, 0x00, 0x5b, 0x82, 0x36, 0x50, 0x52, 0x54, 0x38, 0x08, 0x5f,
	0x41, 0x44, 0x52, 0x0a, 0x08, 0x08, 0x5f, 0x55, 0x50, 0x43, 0x12, 0x08, 0x04, 0x0a, 0xff, 0x0a,
	0x03, 0x00, 0x00, 0x14, 0x1b, 0x5f, 0x50, 0x4c, 0x44, 0x00, 0xa4, 0x47, 0x50, 0x4c, 0x44, 0x83,
	0x88, 0x42, 0x31, 0x56, 0x33, 0x01, 0x00, 0x83, 0x88, 0x42, 0x31, 0x55, 0x33, 0x01, 0x00, 0x5b,
	0x82, 0x38, 0x50, 0x52, 0x54, 0x39, 0x08, 0x5f, 0x41, 0x44, 0x52, 0x0a, 0x09, 0x08, 0x5f, 0x55,
	0x50, 0x43, 0x12, 0x08, 0x04, 0x0a, 0xff, 0x0a, 0x03, 0x00, 0x00, 0x14, 0x1d, 0x5f, 0x50, 0x4c,
	0x44, 0x00, 0xa4, 0x47, 0x50, 0x4c, 0x44, 0x83, 0x88, 0x42, 0x31, 0x56, 0x33, 0x0a, 0x02, 0x00,
	0x83, 0x88, 0x42, 0x31, 0x55, 0x33, 0x0a, 0x02, 0x00, 0x5b, 0x82, 0x38, 0x50, 0x54, 0x31, 0x30,
	0x08, 0x5f, 0x41, 0x44, 0x52, 0x0a, 0x0a, 0x08, 0x5f, 0x55, 0x50, 0x43, 0x12, 0x08, 0x04, 0x0a,
	0xff, 0x0a, 0x03, 0x00, 0x00, 0x14, 0x1d, 0x5f, 0x50, 0x4c, 0x44, 0x00, 0xa4, 0x47, 0x50, 0x4c,
	0x44, 0x83, 0x88, 0x42, 0x31, 0x56, 0x33, 0x0a, 0x03, 0x00, 0x83, 0x88, 0x42, 0x31, 0x55, 0x33,
	0x0a, 0x03, 0x00, 0x5b, 0x82, 0x44, 0x2f, 0x58, 0x48, 0x43, 0x30, 0x08, 0x5f, 0x41, 0x44, 0x52,
	0x0a, 0x03, 0x5b, 0x82, 0x45, 0x2e, 0x52, 0x48, 0x55, 0x42, 0x08, 0x5f, 0x41, 0x44, 0x52, 0x00,
	0x08, 0x42, 0x30, 0x55, 0x32, 0x12, 0x0e, 0x06, 0x0a, 0x0a, 0x0a, 0x0b, 0x0a, 0x0c, 0x0a, 0x0d,
	0x0a, 0x0e, 0x0a, 0x0f, 0x08, 0x42, 0x30, 0x55, 0x33, 0x12, 0x0a, 0x04, 0x0a, 0x0a, 0x0a, 0x0b,
	0x0a, 0x0c, 0x0a, 0x0d, 0x08, 0x42, 0x30, 0x56, 0x32, 0x12, 0x08, 0x06, 0x01, 0x01, 0x01, 0x01,
	0x01, 0x00, 0x08, 0x42, 0x30, 0x56, 0x33, 0x12, 0x06, 0x04, 0x01, 0x01, 0x01, 0x01, 0x14, 0x4f,
	0x05, 0x47, 0x50, 0x4c, 0x44, 0x0a, 0x08, 0x50, 0x43, 0x4b, 0x47, 0x12, 0x06, 0x01, 0x11, 0x03,
	0x0a, 0x14, 0x5b, 0x13, 0x83, 0x88, 0x50, 0x43, 0x4b, 0x47, 0x00, 0x00, 0x00, 0x0a, 0x07, 0x52,
	0x45, 0x56, 0x5f, 0x70, 0x0a, 0x02, 0x52, 0x45, 0x56, 0x5f, 0x5b, 0x13, 0x83, 0x88, 0x50, 0x43,
	0x4b, 0x47, 0x00, 0x00, 0x0a, 0x40, 0x01, 0x56, 0x49, 0x53, 0x49, 0x70, 0x68, 0x56, 0x49, 0x53,
	0x49, 0x5b, 0x13, 0x83, 0x88, 0x50, 0x43, 0x4b, 0x47, 0x00, 0x00, 0x0a, 0x57, 0x0a, 0x08, 0x47,
	0x50, 0x4f, 0x53, 0x70, 0x69, 0x47, 0x50, 0x4f, 0x53, 0xa4, 0x50, 0x43, 0x4b, 0x47, 0x5b, 0x82,
	0x35, 0x50, 0x52, 0x54, 0x31, 0x08, 0x5f, 0x41, 0x44, 0x52, 0x01, 0x08, 0x5f, 0x55, 0x50, 0x43,
	0x12, 0x08, 0x04, 0x0a, 0xff, 0x0a, 0x03, 0x00, 0x00, 0x14, 0x1b, 0x5f, 0x50, 0x4c, 0x44, 0x00,
	0xa4, 0x47, 0x50, 0x4c, 0x44, 0x83, 0x88, 0x42, 0x30, 0x56, 0x32, 0x00, 0x00, 0x83, 0x88, 0x42,
	0x30, 0x55, 0x32, 0x00, 0x00, 0x5b, 0x82, 0x36, 0x50, 0x52, 0x54, 0x32, 0x08, 0x5f, 0x41, 0x44,
	0x52, 0x0a, 0x02, 0x08, 0x5f, 0x55, 0x50, 0x43, 0x12, 0x08, 0x04, 0x0a, 0xff, 0x0a, 0x03, 0x00,
	0x00, 0x14, 0x1b, 0x5f, 0x50, 0x4c, 0x44, 0x00, 0xa4, 0x47, 0x50, 0x4c, 0x44, 0x83, 0x88, 0x42,
	0x30, 0x56, 0x32, 0x01, 0x00, 0x83, 0x88, 0x42, 0x30, 0x55, 0x32, 0x01, 0x00, 0x5b, 0x82, 0x38,
	0x50, 0x52, 0x54, 0x33, 0x08, 0x5f, 0x41, 0x44, 0x52, 0x0a, 0x03, 0x08, 0x5f, 0x55, 0x50, 0x43,
	0x12, 0x08, 0x04, 0x0a, 0xff, 0x0a, 0x03, 0x00, 0x00, 0x14, 0x1d, 0x5f, 0x50, 0x4c, 0x44, 0x00,
	0xa4, 0x47, 0x50, 0x4c, 0x44, 0x83, 0x88, 0x42, 0x30, 0x56, 0x32, 0x0a, 0x02, 0x00, 0x83, 0x88,
	0x42, 0x30, 0x55, 0x32, 0x0a, 0x02, 0x00, 0x5b, 0x82, 0x38, 0x50, 0x52, 0x54, 0x34, 0x08, 0x5f,
	0x41, 0x44, 0x52, 0x0a, 0x04, 0x08, 0x5f, 0x55, 0x50, 0x43, 0x12, 0x08, 0x04, 0x0a, 0xff, 0x0a,
	0x03, 0x00, 0x00, 0x14, 0x1d, 0x5f, 0x50, 0x4c, 0x44, 0x00, 0xa4, 0x47, 0x50, 0x4c, 0x44, 0x83,
	0x88, 0x42, 0x30, 0x56, 0x32, 0x0a, 0x03, 0x00, 0x83, 0x88, 0x42, 0x30, 0x55, 0x32, 0x0a, 0x03,
	0x00, 0x5b, 0x82, 0x38, 0x50, 0x52, 0x54, 0x35, 0x08, 0x5f, 0x41, 0x44, 0x52, 0x0a, 0x05, 0x08,
	0x5f, 0x55, 0x50, 0x43, 0x12, 0x08, 0x04, 0x0a, 0xff, 0x0a, 0x03, 0x00, 0x00, 0x14, 0x1d, 0x5f,
	0x50, 0x4c, 0x44, 0x00, 0xa4, 0x47, 0x50, 0x4c, 0x44, 0x83, 0x88, 0x42, 0x30, 0x56, 0x32, 0x0a,
	0x04, 0x00, 0x83, 0x88, 0x42, 0x30, 0x55, 0x32, 0x0a, 0x04, 0x00, 0x5b, 0x82, 0x38, 0x50, 0x52,
	0x54, 0x36, 0x08, 0x5f, 0x41, 0x44, 0x52, 0x0a, 0x06, 0x08, 0x5f, 0x55, 0x50, 0x43, 0x12, 0x08,
	0x04, 0x0a, 0xff, 0x0a, 0x03, 0x00, 0x00, 0x14, 0x1d, 0x5f, 0x50, 0x4c, 0x44, 0x00, 0xa4, 0x47,
	0x50, 0x4c, 0x44, 0x83, 0x88, 0x42, 0x30, 0x56, 0x32, 0x0a, 0x05, 0x00, 0x83, 0x88, 0x42, 0x30,
	0x55, 0x32, 0x0a, 0x05, 0x00, 0x5b, 0x82, 0x36, 0x50, 0x52, 0x54, 0x37, 0x08, 0x5f, 0x41, 0x44,
	0x52, 0x0a, 0x07, 0x08, 0x5f, 0x55, 0x50, 0x43, 0x12, 0x08, 0x04, 0x0a, 0xff, 0x0a, 0x03, 0x00,
	0x00, 0x14, 0x1b, 0x5f, 0x50, 0x4c, 0x44, 0x00, 0xa4, 0x47, 0x50, 0x4c, 0x44, 0x83, 0x88, 0x42,
	0x30, 0x56, 0x33, 0x00, 0x00, 0x83, 0x88, 0x42, 0x30, 0x55, 0x33, 0x00, 0x00, 0x5b, 0x82, 0x36,
	0x50, 0x52, 0x54, 0x38, 0x08, 0x5f, 0x41, 0x44, 0x52, 0x0a, 0x08, 0x08, 0x5f, 0x55, 0x50, 0x43,
	0x12, 0x08, 0x04, 0x0a, 0xff, 0x0a, 0x03, 0x00, 0x00, 0x14, 0x1b, 0x5f, 0x50, 0x4c, 0x44, 0x00,
	0xa4, 0x47, 0x50, 0x4c, 0x44, 0x83, 0x88, 0x42, 0x30, 0x56, 0x33, 0x01, 0x00, 0x83, 0x88, 0x42,
	0x30, 0x55, 0x33, 0x01, 0x00, 0x5b, 0x82, 0x38, 0x50, 0x52, 0x54, 0x39, 0x08, 0x5f, 0x41, 0x44,
	0x52, 0x0a, 0x09, 0x08, 0x5f, 0x55, 0x50, 0x43, 0x12, 0x08, 0x04, 0x0a, 0xff, 0x0a, 0x03, 0x00,
	0x00, 0x14, 0x1d, 0x5f, 0x50, 0x4c, 0x44, 0x00, 0xa4, 0x47, 0x50, 0x4c, 0x44, 0x83, 0x88, 0x42,
	0x30, 0x56, 0x33, 0x0a, 0x02, 0x00, 0x83, 0x88, 0x42, 0x30, 0x55, 0x33, 0x0a, 0x02, 0x00, 0x5b,
	0x82, 0x38, 0x50, 0x54, 0x31, 0x30, 0x08, 0x5f, 0x41, 0x44, 0x52, 0x0a, 0x0a, 0x08, 0x5f, 0x55,
	0x50, 0x43, 0x12, 0x08, 0x04, 0x0a, 0xff, 0x0a, 0x03, 0x00, 0x00, 0x14, 0x1d, 0x5f, 0x50, 0x4c,
	0x44, 0x00, 0xa4, 0x47, 0x50, 0x4c, 0x44, 0x83, 0x88, 0x42, 0x30, 0x56, 0x33, 0x0a, 0x03, 0x00,
	0x83, 0x88, 0x42, 0x30, 0x55, 0x33, 0x0a, 0x03, 0x00, 0x10, 0x4a, 0x1d, 0x5f, 0x47, 0x50, 0x45,
	0x14, 0x40, 0x16, 0x5f, 0x4c, 0x30, 0x38, 0x00, 0x86, 0x5c, 0x2f, 0x03, 0x5f, 0x53, 0x42, 0x5f,
	0x50, 0x43, 0x49, 0x30, 0x47, 0x50, 0x50, 0x30, 0x0a, 0x02, 0x86, 0x5c, 0x2f, 0x03, 0x5f, 0x53,
	0x42, 0x5f, 0x50, 0x43, 0x49, 0x30, 0x47, 0x50, 0x50, 0x32, 0x0a, 0x02, 0x86, 0x5c, 0x2f, 0x03,
	0x5f, 0x53, 0x42, 0x5f, 0x50, 0x43, 0x49, 0x30, 0x47, 0x50, 0x50, 0x33, 0x0a, 0x02, 0x86, 0x5c,
	0x2f, 0x03, 0x5f, 0x53, 0x42, 0x5f, 0x50, 0x43, 0x49, 0x30, 0x47, 0x50, 0x50, 0x34, 0x0a, 0x02,
	0x86, 0x5c, 0x2f, 0x03, 0x5f, 0x53, 0x42, 0x5f, 0x50, 0x43, 0x49, 0x30, 0x47, 0x50, 0x50, 0x35,
	0x0a, 0x02, 0x86, 0x5c, 0x2f, 0x03, 0x5f, 0x53, 0x42, 0x5f, 0x50, 0x43, 0x49, 0x30, 0x47, 0x50,
	0x50, 0x36, 0x0a, 0x02, 0x86, 0x5c, 0x2f, 0x03, 0x5f, 0x53, 0x42, 0x5f, 0x50, 0x43, 0x49, 0x30,
	0x47, 0x50, 0x50, 0x37, 0x0a, 0x02, 0x86, 0x5c, 0x2f, 0x04, 0x5f, 0x53, 0x42, 0x5f, 0x50, 0x43,
	0x49, 0x30, 0x47, 0x50, 0x50, 0x38, 0x58, 0x31, 0x36, 0x31, 0x0a, 0x02, 0x86, 0x5c, 0x2f, 0x04,
	0x5f, 0x53, 0x42, 0x5f, 0x50, 0x43, 0x49, 0x30, 0x47, 0x50, 0x50, 0x39, 0x58, 0x31, 0x36, 0x32,
	0x0a, 0x02, 0x86, 0x5c, 0x2f, 0x03, 0x5f, 0x53, 0x42, 0x5f, 0x50, 0x43, 0x49, 0x30, 0x47, 0x50,
	0x50, 0x41, 0x0a, 0x02, 0x86, 0x5c, 0x2f, 0x03, 0x5f, 0x53, 0x42, 0x5f, 0x50, 0x43, 0x49, 0x30,
	0x47, 0x50, 0x50, 0x42, 0x0a, 0x02, 0x86, 0x5c, 0x2f, 0x03, 0x5f, 0x53, 0x42, 0x5f, 0x50, 0x43,
	0x49, 0x30, 0x47, 0x50, 0x50, 0x43, 0x0a, 0x02, 0x86, 0x5c, 0x2f, 0x03, 0x5f, 0x53, 0x42, 0x5f,
	0x50, 0x43, 0x49, 0x30, 0x47, 0x50, 0x50, 0x44, 0x0a, 0x02, 0x86, 0x5c, 0x2f, 0x03, 0x5f, 0x53,
	0x42, 0x5f, 0x50, 0x43, 0x49, 0x30, 0x47, 0x50, 0x50, 0x45, 0x0a, 0x02, 0x86, 0x5c, 0x2f, 0x03,
	0x5f, 0x53, 0x42, 0x5f, 0x50, 0x43, 0x49, 0x30, 0x47, 0x50, 0x50, 0x46, 0x0a, 0x02, 0x86, 0x5c,
	0x2f, 0x03, 0x5f, 0x53, 0x42, 0x5f, 0x50, 0x43, 0x49, 0x30, 0x47, 0x50, 0x31, 0x30, 0x0a, 0x02,
	0x86, 0x5c, 0x2f, 0x03, 0x5f, 0x53, 0x42, 0x5f, 0x50, 0x43, 0x49, 0x30, 0x47, 0x50, 0x31, 0x31,
	0x0a, 0x02, 0x86, 0x5c, 0x2f, 0x03, 0x5f, 0x53, 0x42, 0x5f, 0x50, 0x43, 0x49, 0x30, 0x42, 0x58,
	0x42, 0x52, 0x0a, 0x02, 0x86, 0x5c, 0x2e, 0x5f, 0x53, 0x42, 0x5f, 0x50, 0x57, 0x52, 0x42, 0x0a,
	0x02, 0x14, 0x42, 0x07, 0x5f, 0x4c, 0x31, 0x39, 0x00, 0x86, 0x5c, 0x2f, 0x03, 0x5f, 0x53, 0x42,
	0x5f, 0x50, 0x43, 0x49, 0x30, 0x47, 0x50, 0x31, 0x32, 0x0a, 0x02, 0x86, 0x5c, 0x2f, 0x03, 0x5f,
	0x53, 0x42, 0x5f, 0x50, 0x43, 0x49, 0x30, 0x47, 0x50, 0x31, 0x33, 0x0a, 0x02, 0x86, 0x5c, 0x2f,
	0x04, 0x5f, 0x53, 0x42, 0x5f, 0x50, 0x43, 0x49, 0x30, 0x47, 0x50, 0x31, 0x33, 0x58, 0x48, 0x43,
	0x30, 0x0a, 0x02, 0x86, 0x5c, 0x2f, 0x03, 0x5f, 0x53, 0x42, 0x5f, 0x50, 0x43, 0x49, 0x30, 0x47,
	0x50, 0x33, 0x30, 0x0a, 0x02, 0x86, 0x5c, 0x2f, 0x03, 0x5f, 0x53, 0x42, 0x5f, 0x50, 0x43, 0x49,
	0x30, 0x47, 0x50, 0x33, 0x31, 0x0a, 0x02, 0x86, 0x5c, 0x2e, 0x5f, 0x53, 0x42, 0x5f, 0x50, 0x57,
	0x52, 0x42, 0x0a, 0x02, 0x10, 0x24, 0x5f, 0x53, 0x42, 0x5f, 0x5b, 0x82, 0x1d, 0x50, 0x57, 0x52,
	0x42, 0x08, 0x5f, 0x48, 0x49, 0x44, 0x0c, 0x41, 0xd0, 0x0c, 0x0c, 0x08, 0x5f, 0x55, 0x49, 0x44,
	0x0a, 0xaa, 0x08, 0x5f, 0x53, 0x54, 0x41, 0x0a, 0x0b, 0x08, 0x5f, 0x53, 0x30, 0x5f, 0x12, 0x06,
	0x04, 0x00, 0x00, 0x00, 0x00, 0x08, 0x5f, 0x53, 0x33, 0x5f, 0x12, 0x07, 0x04, 0x0a, 0x03, 0x00,
	0x00, 0x00, 0x08, 0x5f, 0x53, 0x34, 0x5f, 0x12, 0x07, 0x04, 0x0a, 0x04, 0x00, 0x00, 0x00, 0x08,
	0x5f, 0x53, 0x35, 0x5f, 0x12, 0x07, 0x04, 0x0a, 0x05, 0x00, 0x00, 0x00, 0x14, 0x4d, 0x05, 0x5f,
	0x50, 0x54, 0x53, 0x01, 0xa0, 0x45, 0x05, 0x68, 0x5c, 0x2f, 0x03, 0x5f, 0x53, 0x42, 0x5f, 0x54,
	0x50, 0x4d, 0x5f, 0x54, 0x50, 0x54, 0x53, 0x68, 0x4d, 0x50, 0x54, 0x53, 0x68, 0x5c, 0x2f, 0x05,
	0x5f, 0x53, 0x42, 0x5f, 0x50, 0x43, 0x49, 0x30, 0x53, 0x42, 0x52, 0x47, 0x53, 0x49, 0x4f, 0x31,
	0x53, 0x49, 0x4f, 0x53, 0x68, 0x5c, 0x2f, 0x03, 0x5f, 0x53, 0x42, 0x5f, 0x50, 0x43, 0x49, 0x30,
	0x47, 0x50, 0x54, 0x53, 0x68, 0x5c, 0x2f, 0x03, 0x5f, 0x53, 0x42, 0x5f, 0x50, 0x43, 0x49, 0x30,
	0x4e, 0x50, 0x54, 0x53, 0x68, 0x53, 0x50, 0x54, 0x53, 0x68, 0x14, 0x4e, 0x05, 0x5f, 0x57, 0x41,
	0x4b, 0x01, 0x79, 0x68, 0x0a, 0x04, 0x44, 0x42, 0x47, 0x38, 0x53, 0x57, 0x41, 0x4b, 0x68, 0x79,
	0x68, 0x0a, 0x04, 0x44, 0x42, 0x47, 0x38, 0x5c, 0x2f, 0x03, 0x5f, 0x53, 0x42, 0x5f, 0x50, 0x43,
	0x49, 0x30, 0x4e, 0x57, 0x41, 0x4b, 0x68, 0x5c, 0x2f, 0x03, 0x5f, 0x53, 0x42, 0x5f, 0x50, 0x43,
	0x49, 0x30, 0x47, 0x57, 0x41, 0x4b, 0x68, 0x5c, 0x2f, 0x05, 0x5f, 0x53, 0x42, 0x5f, 0x50, 0x43,
	0x49, 0x30, 0x53, 0x42, 0x52, 0x47, 0x53, 0x49, 0x4f, 0x31, 0x53, 0x49, 0x4f, 0x57, 0x68, 0x4d,
	0x57, 0x41, 0x4b, 0x68, 0xa4, 0x57, 0x41, 0x4b, 0x50, 0x10, 0x49, 0x63, 0x5f, 0x53, 0x42, 0x5f,
	0x5b, 0x80, 0x50, 0x49, 0x52, 0x51, 0x01, 0x0b, 0x00, 0x0c, 0x0a, 0x02, 0x5b, 0x81, 0x10, 0x50,
	0x49, 0x52, 0x51, 0x01, 0x50, 0x49, 0x44, 0x58, 0x08, 0x50, 0x44, 0x41, 0x54, 0x08, 0x5b, 0x86,
	0x4e, 0x0c, 0x50, 0x49, 0x44, 0x58, 0x50, 0x44, 0x41, 0x54, 0x01, 0x50, 0x49, 0x52, 0x41, 0x08,
	0x50, 0x49, 0x52, 0x42, 0x08, 0x50, 0x49, 0x52, 0x43, 0x08, 0x50, 0x49, 0x52, 0x44, 0x08, 0x50,
	0x49, 0x52, 0x45, 0x08, 0x50, 0x49, 0x52, 0x46, 0x08, 0x50, 0x49, 0x52, 0x47, 0x08, 0x50, 0x49,
	0x52, 0x48, 0x08, 0x00, 0x20, 0x53, 0x49, 0x52, 0x41, 0x08, 0x53, 0x49, 0x52, 0x42, 0x08, 0x53,
	0x49, 0x52, 0x43, 0x08, 0x53, 0x49, 0x52, 0x44, 0x08, 0x50, 0x49, 0x52, 0x53, 0x08, 0x00, 0x10,
	0x48, 0x44, 0x41, 0x44, 0x08, 0x00, 0x18, 0x53, 0x44, 0x43, 0x4c, 0x08, 0x00, 0x10, 0x53, 0x44,
	0x49, 0x4f, 0x08, 0x00, 0x48, 0x0a, 0x55, 0x53, 0x42, 0x31, 0x08, 0x00, 0x18, 0x55, 0x53, 0x42,
	0x33, 0x08, 0x00, 0x40, 0x06, 0x53, 0x41, 0x54, 0x41, 0x08, 0x00, 0x40, 0x10, 0x47, 0x49, 0x4f,
	0x43, 0x08, 0x00, 0x48, 0x06, 0x49, 0x32, 0x43, 0x30, 0x08, 0x49, 0x32, 0x43, 0x31, 0x08, 0x49,
	0x32, 0x43, 0x32, 0x08, 0x49, 0x32, 0x43, 0x33, 0x08, 0x55, 0x52, 0x54, 0x30, 0x08, 0x55, 0x52,
	0x54, 0x31, 0x08, 0x00, 0x40, 0x05, 0x41, 0x49, 0x52, 0x41, 0x08, 0x41, 0x49, 0x52, 0x42, 0x08,
	0x41, 0x49, 0x52, 0x43, 0x08, 0x41, 0x49, 0x52, 0x44, 0x08, 0x41, 0x49, 0x52, 0x45, 0x08, 0x41,
	0x49, 0x52, 0x46, 0x08, 0x41, 0x49, 0x52, 0x47, 0x08, 0x41, 0x49, 0x52, 0x48, 0x08, 0x5b, 0x80,
	0x4b, 0x42, 0x44, 0x44, 0x01, 0x0a, 0x64, 0x01, 0x5b, 0x81, 0x0b, 0x4b, 0x42, 0x44, 0x44, 0x01,
	0x50, 0x44, 0x36, 0x34, 0x08, 0x14, 0x4f, 0x07, 0x44, 0x53, 0x50, 0x49, 0x00, 0x49, 0x4e, 0x54,
	0x41, 0x0a, 0x1f, 0x49, 0x4e, 0x54, 0x42, 0x0a, 0x1f, 0x49, 0x4e, 0x54, 0x43, 0x0a, 0x1f, 0x49,
	0x4e, 0x54, 0x44, 0x0a, 0x1f, 0x70, 0x50, 0x44, 0x36, 0x34, 0x61, 0x70, 0x0a, 0x1f, 0x50, 0x49,
	0x52, 0x45, 0x70, 0x0a, 0x1f, 0x50, 0x49, 0x52, 0x46, 0x70, 0x0a, 0x1f, 0x50, 0x49, 0x52, 0x47,
	0x70, 0x0a, 0x1f, 0x50, 0x49, 0x52, 0x48, 0x70, 0x50, 0x44, 0x36, 0x34, 0x61, 0x70, 0x0a, 0x10,
	0x41, 0x49, 0x52, 0x41, 0x70, 0x0a, 0x11, 0x41, 0x49, 0x52, 0x42, 0x70, 0x0a, 0x12, 0x41, 0x49,
	0x52, 0x43, 0x70, 0x0a, 0x13, 0x41, 0x49, 0x52, 0x44, 0x70, 0x0a, 0x14, 0x41, 0x49, 0x52, 0x45,
	0x70, 0x0a, 0x15, 0x41, 0x49, 0x52, 0x46, 0x70, 0x0a, 0x16, 0x41, 0x49, 0x52, 0x47, 0x70, 0x0a,
	0x17, 0x41, 0x49, 0x52, 0x48, 0x14, 0x12, 0x49, 0x4e, 0x54, 0x41, 0x01, 0x70, 0x68, 0x50, 0x49,
	0x52, 0x41, 0x70, 0x68, 0x48, 0x44, 0x41, 0x44, 0x14, 0x0c, 0x49, 0x4e, 0x54, 0x42, 0x01, 0x70,
	0x68, 0x50, 0x49, 0x52, 0x42, 0x14, 0x18, 0x49, 0x4e, 0x54, 0x43, 0x01, 0x70, 0x68, 0x50, 0x49,
	0x52, 0x43, 0x70, 0x68, 0x55, 0x53, 0x42, 0x31, 0x70, 0x68, 0x55, 0x53, 0x42, 0x33, 0x14, 0x12,
	0x49, 0x4e, 0x54, 0x44, 0x01, 0x70, 0x68, 0x50, 0x49, 0x52, 0x44, 0x70, 0x68, 0x53, 0x41, 0x54,
	0x41, 0x08, 0x42, 0x55, 0x46, 0x41, 0x11, 0x09, 0x0a, 0x06, 0x23, 0x00, 0x80, 0x18, 0x79, 0x00,
	0x08, 0x49, 0x50, 0x52, 0x41, 0x11, 0x09, 0x0a, 0x06, 0x23, 0x20, 0x0c, 0x18, 0x79, 0x00, 0x08,
	0x49, 0x50, 0x52, 0x42, 0x11, 0x09, 0x0a, 0x06, 0x23, 0x20, 0x0c, 0x18, 0x79, 0x00, 0x08, 0x49,
	0x50, 0x52, 0x43, 0x11, 0x09, 0x0a, 0x06, 0x23, 0x20, 0x0c, 0x18, 0x79, 0x00, 0x08, 0x49, 0x50,
	0x52, 0x44, 0x11, 0x09, 0x0a, 0x06, 0x23, 0x20, 0x0c, 0x18, 0x79, 0x00, 0x5b, 0x82, 0x4f, 0x07,
	0x4c, 0x4e, 0x4b, 0x41, 0x08, 0x5f, 0x48, 0x49, 0x44, 0x0c, 0x41, 0xd0, 0x0c, 0x0f, 0x08, 0x5f,
	0x55, 0x49, 0x44, 0x01, 0x14, 0x14, 0x5f, 0x53, 0x54, 0x41, 0x00, 0xa0, 0x08, 0x50, 0x49, 0x52,
	0x41, 0xa4, 0x0a, 0x0b, 0xa1, 0x04, 0xa4, 0x0a, 0x09, 0x14, 0x0b, 0x5f, 0x50, 0x52, 0x53, 0x00,
	0xa4, 0x50, 0x52, 0x53, 0x41, 0x14, 0x0c, 0x5f, 0x44, 0x49, 0x53, 0x00, 0x49, 0x4e, 0x54, 0x41,
	0x0a, 0x1f, 0x14, 0x1f, 0x5f, 0x43, 0x52, 0x53, 0x00, 0x8b, 0x42, 0x55, 0x46, 0x41, 0x01, 0x49,
	0x52, 0x51, 0x58, 0x79, 0x01, 0x50, 0x49, 0x52, 0x41, 0x49, 0x52, 0x51, 0x58, 0xa4, 0x42, 0x55,
	0x46, 0x41, 0x14, 0x1a, 0x5f, 0x53, 0x52, 0x53, 0x01, 0x8b, 0x68, 0x01, 0x49, 0x52, 0x41, 0x5f,
	0x82, 0x49, 0x52, 0x41, 0x5f, 0x60, 0x76, 0x60, 0x49, 0x4e, 0x54, 0x41, 0x60, 0x5b, 0x82, 0x40,
	0x08, 0x4c, 0x4e, 0x4b, 0x42, 0x08, 0x5f, 0x48, 0x49, 0x44, 0x0c, 0x41, 0xd0, 0x0c, 0x0f, 0x08,
	0x5f, 0x55, 0x49, 0x44, 0x0a, 0x02, 0x14, 0x14, 0x5f, 0x53, 0x54, 0x41, 0x00, 0xa0, 0x08, 0x50,
	0x49, 0x52, 0x42, 0xa4, 0x0a, 0x0b, 0xa1, 0x04, 0xa4, 0x0a, 0x09, 0x14, 0x0b, 0x5f, 0x50, 0x52,
	0x53, 0x00, 0xa4, 0x50, 0x52, 0x53, 0x42, 0x14, 0x0c, 0x5f, 0x44, 0x49, 0x53, 0x00, 0x49, 0x4e,
	0x54, 0x42, 0x0a, 0x1f, 0x14, 0x1f, 0x5f, 0x43, 0x52, 0x53, 0x00, 0x8b, 0x42, 0x55, 0x46, 0x41,
	0x01, 0x49, 0x52, 0x51, 0x58, 0x79, 0x01, 0x50, 0x49, 0x52, 0x42, 0x49, 0x52, 0x51, 0x58, 0xa4,
	0x42, 0x55, 0x46, 0x41, 0x14, 0x1a, 0x5f, 0x53, 0x52, 0x53, 0x01, 0x8b, 0x68, 0x01, 0x49, 0x52,
	0x41, 0x5f, 0x82, 0x49, 0x52, 0x41, 0x5f, 0x60, 0x76, 0x60, 0x49, 0x4e, 0x54, 0x42, 0x60, 0x5b,
	0x82, 0x40, 0x08, 0x4c, 0x4e, 0x4b, 0x43, 0x08, 0x5f, 0x48, 0x49, 0x44, 0x0c, 0x41, 0xd0, 0x0c,
	0x0f, 0x08, 0x5f, 0x55, 0x49, 0x44, 0x0a, 0x03, 0x14, 0x14, 0x5f, 0x53, 0x54, 0x41, 0x00, 0xa0,
	0x08, 0x50, 0x49, 0x52, 0x43, 0xa4, 0x0a, 0x0b, 0xa1, 0x04, 0xa4, 0x0a, 0x09, 0x14, 0x0b, 0x5f,
	0x50, 0x52, 0x53, 0x00, 0xa4, 0x50, 0x52, 0x53, 0x43, 0x14, 0x0c, 0x5f, 0x44, 0x49, 0x53, 0x00,
	0x49, 0x4e, 0x54, 0x43, 0x0a, 0x1f, 0x14, 0x1f, 0x5f, 0x43, 0x52, 0x53, 0x00, 0x8b, 0x42, 0x55,
	0x46, 0x41, 0x01, 0x49, 0x52, 0x51, 0x58, 0x79, 0x01, 0x50, 0x49, 0x52, 0x43, 0x49, 0x52, 0x51,
	0x58, 0xa4, 0x42, 0x55, 0x46, 0x41, 0x14, 0x1a, 0x5f, 0x53, 0x52, 0x53, 0x01, 0x8b, 0x68, 0x01,
	0x49, 0x52, 0x41, 0x5f, 0x82, 0x49, 0x52, 0x41, 0x5f, 0x60, 0x76, 0x60, 0x49, 0x4e, 0x54, 0x43,
	0x60, 0x5b, 0x82, 0x40, 0x08, 0x4c, 0x4e, 0x4b, 0x44, 0x08, 0x5f, 0x48, 0x49, 0x44, 0x0c, 0x41,
	0xd0, 0x0c, 0x0f, 0x08, 0x5f, 0x55, 0x49, 0x44, 0x0a, 0x04, 0x14, 0x14, 0x5f, 0x53, 0x54, 0x41,
	0x00, 0xa0, 0x08, 0x50, 0x49, 0x52, 0x44, 0xa4, 0x0a, 0x0b, 0xa1, 0x04, 0xa4, 0x0a, 0x09, 0x14,
	0x0b, 0x5f, 0x50, 0x52, 0x53, 0x00, 0xa4, 0x50, 0x52, 0x53, 0x44, 0x14, 0x0c, 0x5f, 0x44, 0x49,
	0x53, 0x00, 0x49, 0x4e, 0x54, 0x44, 0x0a, 0x1f, 0x14, 0x1f, 0x5f, 0x43, 0x52, 0x53, 0x00, 0x8b,
	0x42, 0x55, 0x46, 0x41, 0x01, 0x49, 0x52, 0x51, 0x58, 0x79, 0x01, 0x50, 0x49, 0x52, 0x44, 0x49,
	0x52, 0x51, 0x58, 0xa4, 0x42, 0x55, 0x46, 0x41, 0x14, 0x1a, 0x5f, 0x53, 0x52, 0x53, 0x01, 0x8b,
	0x68, 0x01, 0x49, 0x52, 0x41, 0x5f, 0x82, 0x49, 0x52, 0x41, 0x5f, 0x60, 0x76, 0x60, 0x49, 0x4e,
	0x54, 0x44, 0x60, 0x5b, 0x82, 0x42, 0x08, 0x4c, 0x4e, 0x4b, 0x45, 0x08, 0x5f, 0x48, 0x49, 0x44,
	0x0c, 0x41, 0xd0, 0x0c, 0x0f, 0x08, 0x5f, 0x55, 0x49, 0x44, 0x0a, 0x05, 0x14, 0x14, 0x5f, 0x53,
	0x54, 0x41, 0x00, 0xa0, 0x08, 0x50, 0x49, 0x52, 0x45, 0xa4, 0x0a, 0x0b, 0xa1, 0x04, 0xa4, 0x0a,
	0x09, 0x14, 0x0b, 0x5f, 0x50, 0x52, 0x53, 0x00, 0xa4, 0x50, 0x52, 0x53, 0x45, 0x14, 0x0d, 0x5f,
	0x44, 0x49, 0x53, 0x00, 0x70, 0x0a, 0x1f, 0x50, 0x49, 0x52, 0x45, 0x14, 0x1f, 0x5f, 0x43, 0x52,
	0x53, 0x00, 0x8b, 0x42, 0x55, 0x46, 0x41, 0x01, 0x49, 0x52, 0x51, 0x58, 0x79, 0x01, 0x50, 0x49,
	0x52, 0x45, 0x49, 0x52, 0x51, 0x58, 0xa4, 0x42, 0x55, 0x46, 0x41, 0x14, 0x1b, 0x5f, 0x53, 0x52,
	0x53, 0x01, 0x8b, 0x68, 0x01, 0x49, 0x52, 0x41, 0x5f, 0x82, 0x50, 0x49, 0x52, 0x45, 0x60, 0x76,
	0x60, 0x70, 0x60, 0x50, 0x49, 0x52, 0x45, 0x5b, 0x82, 0x42, 0x08, 0x4c, 0x4e, 0x4b, 0x46, 0x08,
	0x5f, 0x48, 0x49, 0x44, 0x0c, 0x41, 0xd0, 0x0c, 0x0f, 0x08, 0x5f, 0x55, 0x49, 0x44, 0x0a, 0x06,
	0x14, 0x14, 0x5f, 0x53, 0x54, 0x41, 0x00, 0xa0, 0x08, 0x50, 0x49, 0x52, 0x46, 0xa4, 0x0a, 0x0b,
	0xa1, 0x04, 0xa4, 0x0a, 0x09, 0x14, 0x0b, 0x5f, 0x50, 0x52, 0x53, 0x00, 0xa4, 0x50, 0x52, 0x53,
	0x46, 0x14, 0x0d, 0x5f, 0x44, 0x49, 0x53, 0x00, 0x70, 0x0a, 0x1f, 0x50, 0x49, 0x52, 0x46, 0x14,
	0x1f, 0x5f, 0x43, 0x52, 0x53, 0x00, 0x8b, 0x42, 0x55, 0x46, 0x41, 0x01, 0x49, 0x52, 0x51, 0x58,
	0x79, 0x01, 0x50, 0x49, 0x52, 0x46, 0x49, 0x52, 0x51, 0x58, 0xa4, 0x42, 0x55, 0x46, 0x41, 0x14,
	0x1b, 0x5f, 0x53, 0x52, 0x53, 0x01, 0x8b, 0x68, 0x01, 0x49, 0x52, 0x41, 0x5f, 0x82, 0x49, 0x52,
	0x41, 0x5f, 0x60, 0x76, 0x60, 0x70, 0x60, 0x50, 0x49, 0x52, 0x46, 0x5b, 0x82, 0x42, 0x08, 0x4c,
	0x4e, 0x4b, 0x47, 0x08, 0x5f, 0x48, 0x49, 0x44, 0x0c, 0x41, 0xd0, 0x0c, 0x0f, 0x08, 0x5f, 0x55,
	0x49, 0x44, 0x0a, 0x07, 0x14, 0x14, 0x5f, 0x53, 0x54, 0x41, 0x00, 0xa0, 0x08, 0x50, 0x49, 0x52,
	0x47, 0xa4, 0x0a, 0x0b, 0xa1, 0x04, 0xa4, 0x0a, 0x09, 0x14, 0x0b, 0x5f, 0x50, 0x52, 0x53, 0x00,
	0xa4, 0x50, 0x52, 0x53, 0x47, 0x14, 0x0d, 0x5f, 0x44, 0x49, 0x53, 0x00, 0x70, 0x0a, 0x1f, 0x50,
	0x49, 0x52, 0x47, 0x14, 0x1f, 0x5f, 0x43, 0x52, 0x53, 0x00, 0x8b, 0x42, 0x55, 0x46, 0x41, 0x01,
	0x49, 0x52, 0x51, 0x58, 0x79, 0x01, 0x50, 0x49, 0x52, 0x47, 0x49, 0x52, 0x51, 0x58, 0xa4, 0x42,
	0x55, 0x46, 0x41, 0x14, 0x1b, 0x5f, 0x53, 0x52, 0x53, 0x01, 0x8b, 0x68, 0x01, 0x49, 0x52, 0x41,
	0x5f, 0x82, 0x49, 0x52, 0x41, 0x5f, 0x60, 0x76, 0x60, 0x70, 0x60, 0x50, 0x49, 0x52, 0x47, 0x5b,
	0x82, 0x42, 0x08, 0x4c, 0x4e, 0x4b, 0x48, 0x08, 0x5f, 0x48, 0x49, 0x44, 0x0c, 0x41, 0xd0, 0x0c,
	0x0f, 0x08, 0x5f, 0x55, 0x49, 0x44, 0x0a, 0x08, 0x14, 0x14, 0x5f, 0x53, 0x54, 0x41, 0x00, 0xa0,
	0x08, 0x50, 0x49, 0x52, 0x48, 0xa4, 0x0a, 0x0b, 0xa1, 0x04, 0xa4, 0x0a, 0x09, 0x14, 0x0b, 0x5f,
	0x50, 0x52, 0x53, 0x00, 0xa4, 0x50, 0x52, 0x53, 0x48, 0x14, 0x0d, 0x5f, 0x44, 0x49, 0x53, 0x00,
	0x70, 0x0a, 0x1f, 0x50, 0x49, 0x52, 0x48, 0x14, 0x1f, 0x5f, 0x43, 0x52, 0x53, 0x00, 0x8b, 0x42,
	0x55, 0x46, 0x41, 0x01, 0x49, 0x52, 0x51, 0x58, 0x79, 0x01, 0x50, 0x49, 0x52, 0x48, 0x49, 0x52,
	0x51, 0x58, 0xa4, 0x42, 0x55, 0x46, 0x41, 0x14, 0x1b, 0x5f, 0x53, 0x52, 0x53, 0x01, 0x8b, 0x68,
	0x01, 0x49, 0x52, 0x41, 0x5f, 0x82, 0x49, 0x52, 0x41, 0x5f, 0x60, 0x76, 0x60, 0x70, 0x60, 0x50,
	0x49, 0x52, 0x48, 0x5b, 0x82, 0x4f, 0x05, 0x48, 0x50, 0x45, 0x54, 0x08, 0x5f, 0x48, 0x49, 0x44,
	0x0c, 0x41, 0xd0, 0x01, 0x03, 0x14, 0x25, 0x5f, 0x53, 0x54, 0x41, 0x00, 0xa0, 0x1c, 0x93, 0x48,
	0x50, 0x45, 0x4e, 0x01, 0xa0, 0x0c, 0x92, 0x95, 0x4f, 0x53, 0x56, 0x52, 0x0a, 0x0c, 0xa4, 0x0a,
	0x0f, 0x70, 0x00, 0x48, 0x50, 0x45, 0x4e, 0xa4, 0x01, 0xa4, 0x01, 0x14, 0x28, 0x5f, 0x43, 0x52,
	0x53, 0x00, 0x08, 0x42, 0x55, 0x46, 0x30, 0x11, 0x17, 0x0a, 0x14, 0x22, 0x01, 0x00, 0x22, 0x00,
	0x01, 0x86, 0x09, 0x00, 0x00, 0x00, 0x00, 0xd0, 0xfe, 0x00, 0x04, 0x00, 0x00, 0x79, 0x00, 0xa4,
	0x42, 0x55, 0x46, 0x30, 0x08, 0x4f, 0x53, 0x54, 0x42, 0xff, 0x08, 0x54, 0x50, 0x4f, 0x53, 0x00,
	0x08, 0x4c, 0x49, 0x4e, 0x58, 0x00, 0x08, 0x4f, 0x53, 0x53, 0x50, 0x00, 0x14, 0x4b, 0x05, 0x53,
	0x45, 0x51, 0x4c, 0x0a, 0x70, 0x87, 0x68, 0x60, 0x70, 0x87, 0x69, 0x61, 0xa0, 0x07, 0x92, 0x93,
	0x60, 0x61, 0xa4, 0x00, 0x08, 0x42, 0x55, 0x46, 0x30, 0x11, 0x02, 0x60, 0x70, 0x68, 0x42, 0x55,
	0x46, 0x30, 0x08, 0x42, 0x55, 0x46, 0x31, 0x11, 0x02, 0x60, 0x70, 0x69, 0x42, 0x55, 0x46, 0x31,
	0x70, 0x00, 0x62, 0xa2, 0x22, 0x95, 0x62, 0x60, 0x70, 0x83, 0x88, 0x42, 0x55, 0x46, 0x30, 0x62,
	0x00, 0x63, 0x70, 0x83, 0x88, 0x42, 0x55, 0x46, 0x31, 0x62, 0x00, 0x64, 0xa0, 0x07, 0x92, 0x93,
	0x63, 0x64, 0xa4, 0x00, 0x75, 0x62, 0xa4, 0x01, 0x14, 0x4b, 0x2b, 0x4f, 0x53, 0x54, 0x50, 0x00,
	0xa0, 0x4e, 0x2a, 0x93, 0x4f, 0x53, 0x54, 0x42, 0xff, 0xa0, 0x4d, 0x1d, 0x5b, 0x12, 0x5c, 0x5f,
	0x4f, 0x53, 0x49, 0x60, 0x70, 0x00, 0x4f, 0x53, 0x54, 0x42, 0x70, 0x00, 0x54, 0x50, 0x4f, 0x53,
	0xa0, 0x21, 0x5f, 0x4f, 0x53, 0x49, 0x0d, 0x57, 0x69, 0x6e, 0x64, 0x6f, 0x77, 0x73, 0x20, 0x32,
	0x30, 0x30, 0x31, 0x00, 0x70, 0x0a, 0x08, 0x4f, 0x53, 0x54, 0x42, 0x70, 0x0a, 0x08, 0x54, 0x50,
	0x4f, 0x53, 0xa0, 0x23, 0x5f, 0x4f, 0x53, 0x49, 0x0d, 0x57, 0x69, 0x6e, 0x64, 0x6f, 0x77, 0x73,
	0x20, 0x32, 0x30, 0x30, 0x31, 0x2e, 0x31, 0x00, 0x70, 0x0a, 0x20, 0x4f, 0x53, 0x54, 0x42, 0x70,
	0x0a, 0x20, 0x54, 0x50, 0x4f, 0x53, 0xa0, 0x25, 0x5f, 0x4f, 0x53, 0x49, 0x0d, 0x57, 0x69, 0x6e,
	0x64, 0x6f, 0x77, 0x73, 0x20, 0x32, 0x30, 0x30, 0x31, 0x20, 0x53, 0x50, 0x31, 0x00, 0x70, 0x0a,
	0x10, 0x4f, 0x53, 0x54, 0x42, 0x70, 0x0a, 0x10, 0x54, 0x50, 0x4f, 0x53, 0xa0, 0x25, 0x5f, 0x4f,
	0x53, 0x49, 0x0d, 0x57, 0x69, 0x6e, 0x64, 0x6f, 0x77, 0x73, 0x20, 0x32, 0x30, 0x30, 0x31, 0x20,
	0x53, 0x50, 0x32, 0x00, 0x70, 0x0a, 0x11, 0x4f, 0x53, 0x54, 0x42, 0x70, 0x0a, 0x11, 0x54, 0x50,
	0x4f, 0x53, 0xa0, 0x25, 0x5f, 0x4f, 0x53, 0x49, 0x0d, 0x57, 0x69, 0x6e, 0x64, 0x6f, 0x77, 0x73,
	0x20, 0x32, 0x30, 0x30, 0x31, 0x20, 0x53, 0x50, 0x33, 0x00, 0x70, 0x0a, 0x12, 0x4f, 0x53, 0x54,
	0x42, 0x70, 0x0a, 0x12, 0x54, 0x50, 0x4f, 0x53, 0xa0, 0x21, 0x5f, 0x4f, 0x53, 0x49, 0x0d, 0x57,
	0x69, 0x6e, 0x64, 0x6f, 0x77, 0x73, 0x20, 0x32, 0x30, 0x30, 0x36, 0x00, 0x70, 0x0a, 0x40, 0x4f,
	0x53, 0x54, 0x42, 0x70, 0x0a, 0x40, 0x54, 0x50, 0x4f, 0x53, 0xa0, 0x2b, 0x5f, 0x4f, 0x53, 0x49,
	0x0d, 0x57, 0x69, 0x6e, 0x64, 0x6f, 0x77, 0x73, 0x20, 0x32, 0x30, 0x30, 0x36, 0x20, 0x53, 0x50,
	0x31, 0x00, 0x70, 0x0a, 0x41, 0x4f, 0x53, 0x54, 0x42, 0x70, 0x0a, 0x41, 0x54, 0x50, 0x4f, 0x53,
	0x70, 0x01, 0x4f, 0x53, 0x53, 0x50, 0xa0, 0x27, 0x5f, 0x4f, 0x53, 0x49, 0x0d, 0x57, 0x69, 0x6e,
	0x64, 0x6f, 0x77, 0x73, 0x20, 0x32, 0x30, 0x30, 0x39, 0x00, 0x70, 0x01, 0x4f, 0x53, 0x53, 0x50,
	0x70, 0x0a, 0x50, 0x4f, 0x53, 0x54, 0x42, 0x70, 0x0a, 0x50, 0x54, 0x50, 0x4f, 0x53, 0xa0, 0x27,
	0x5f, 0x4f, 0x53, 0x49, 0x0d, 0x57, 0x69, 0x6e, 0x64, 0x6f, 0x77, 0x73, 0x20, 0x32, 0x30, 0x31,
	0x32, 0x00, 0x70, 0x01, 0x4f, 0x53, 0x53, 0x50, 0x70, 0x0a, 0x60, 0x4f, 0x53, 0x54, 0x42, 0x70,
	0x0a, 0x60, 0x54, 0x50, 0x4f, 0x53, 0xa0, 0x27, 0x5f, 0x4f, 0x53, 0x49, 0x0d, 0x57, 0x69, 0x6e,
	0x64, 0x6f, 0x77, 0x73, 0x20, 0x32, 0x30, 0x31, 0x33, 0x00, 0x70, 0x01, 0x4f, 0x53, 0x53, 0x50,
	0x70, 0x0a, 0x61, 0x4f, 0x53, 0x54, 0x42, 0x70, 0x0a, 0x61, 0x54, 0x50, 0x4f, 0x53, 0xa0, 0x27,
	0x5f, 0x4f, 0x53, 0x49, 0x0d, 0x57, 0x69, 0x6e, 0x64, 0x6f, 0x77, 0x73, 0x20, 0x32, 0x30, 0x31,
	0x35, 0x00, 0x70, 0x01, 0x4f, 0x53, 0x53, 0x50, 0x70, 0x0a, 0x70, 0x4f, 0x53, 0x54, 0x42, 0x70,
	0x0a, 0x70, 0x54, 0x50, 0x4f, 0x53, 0xa0, 0x20, 0x5f, 0x4f, 0x53, 0x49, 0x0d, 0x4c, 0x69, 0x6e,
	0x75, 0x78, 0x00, 0x70, 0x01, 0x4c, 0x49, 0x4e, 0x58, 0x70, 0x0a, 0x80, 0x4f, 0x53, 0x54, 0x42,
	0x70, 0x0a, 0x80, 0x54, 0x50, 0x4f, 0x53, 0xa1, 0x47, 0x0c, 0xa0, 0x46, 0x0b, 0x5b, 0x12, 0x5c,
	0x5f, 0x4f, 0x53, 0x5f, 0x60, 0xa0, 0x28, 0x53, 0x45, 0x51, 0x4c, 0x5f, 0x4f, 0x53, 0x5f, 0x0d,
	0x4d, 0x69, 0x63, 0x72, 0x6f, 0x73, 0x6f, 0x66, 0x74, 0x20, 0x57, 0x69, 0x6e, 0x64, 0x6f, 0x77,
	0x73, 0x00, 0x70, 0x01, 0x4f, 0x53, 0x54, 0x42, 0x70, 0x01, 0x54, 0x50, 0x4f, 0x53, 0xa1, 0x42,
	0x08, 0xa0, 0x41, 0x04, 0x53, 0x45, 0x51, 0x4c, 0x5f, 0x4f, 0x53, 0x5f, 0x0d, 0x4d, 0x69, 0x63,
	0x72, 0x6f, 0x73, 0x6f, 0x66, 0x74, 0x20, 0x57, 0x69, 0x6e, 0x64, 0x6f, 0x77, 0x73, 0x4d, 0x45,
	0x3a, 0x20, 0x4d, 0x69, 0x6c, 0x6c, 0x65, 0x6e, 0x6e, 0x69, 0x75, 0x6d, 0x20, 0x45, 0x64, 0x69,
	0x74, 0x69, 0x6f, 0x6e, 0x00, 0x70, 0x0a, 0x02, 0x4f, 0x53, 0x54, 0x42, 0x70, 0x0a, 0x02, 0x54,
	0x50, 0x4f, 0x53, 0xa1, 0x3d, 0xa0, 0x2d, 0x53, 0x45, 0x51, 0x4c, 0x5f, 0x4f, 0x53, 0x5f, 0x0d,
	0x4d, 0x69, 0x63, 0x72, 0x6f, 0x73, 0x6f, 0x66, 0x74, 0x20, 0x57, 0x69, 0x6e, 0x64, 0x6f, 0x77,
	0x73, 0x20, 0x4e, 0x54, 0x00, 0x70, 0x0a, 0x04, 0x4f, 0x53, 0x54, 0x42, 0x70, 0x0a, 0x04, 0x54,
	0x50, 0x4f, 0x53, 0xa1, 0x0d, 0x70, 0x00, 0x4f, 0x53, 0x54, 0x42, 0x70, 0x00, 0x54, 0x50, 0x4f,
	0x53, 0xa1, 0x0d, 0x70, 0x00, 0x4f, 0x53, 0x54, 0x42, 0x70, 0x00, 0x54, 0x50, 0x4f, 0x53, 0xa4,
	0x4f, 0x53, 0x54, 0x42, 0x10, 0x2a, 0x2e, 0x5f, 0x53, 0x42, 0x5f, 0x50, 0x43, 0x49, 0x30, 0x14,
	0x1f, 0x5f, 0x49, 0x4e, 0x49, 0x00, 0xa0, 0x10, 0x92, 0x93, 0x50, 0x49, 0x43, 0x4d, 0x00, 0x44,
	0x53, 0x50, 0x49, 0x4e, 0x41, 0x50, 0x45, 0x4f, 0x53, 0x54, 0x50, 0x4f, 0x53, 0x46, 0x4c, 0x08,
	0x54, 0x53, 0x4f, 0x53, 0x0a, 0x75, 0x08, 0x55, 0x52, 0x30, 0x49, 0x0a, 0x03, 0x08, 0x55, 0x52,
	0x31, 0x49, 0x0a, 0x04, 0x08, 0x55, 0x52, 0x32, 0x49, 0x0a, 0x03, 0x08, 0x55, 0x52, 0x33, 0x49,
	0x0a, 0x04, 0x08, 0x49, 0x43, 0x30, 0x49, 0x0a, 0x04, 0x08, 0x49, 0x43, 0x31, 0x49, 0x0a, 0x0b,
	0x08, 0x49, 0x43, 0x32, 0x49, 0x0a, 0x0a, 0x08, 0x49, 0x43, 0x33, 0x49, 0x0a, 0x06, 0x08, 0x49,
	0x43, 0x34, 0x49, 0x0a, 0x0e, 0x08, 0x49, 0x43, 0x35, 0x49, 0x0a, 0x0f, 0xa0, 0x3f, 0x5b, 0x12,
	0x5c, 0x5f, 0x4f, 0x53, 0x49, 0x00, 0xa0, 0x1a, 0x5f, 0x4f, 0x53, 0x49, 0x0d, 0x57, 0x69, 0x6e,
	0x64, 0x6f, 0x77, 0x73, 0x20, 0x32, 0x30, 0x30, 0x39, 0x00, 0x70, 0x0a, 0x50, 0x54, 0x53, 0x4f,
	0x53, 0xa0, 0x1a, 0x5f, 0x4f, 0x53, 0x49, 0x0d, 0x57, 0x69, 0x6e, 0x64, 0x6f, 0x77, 0x73, 0x20,
	0x32, 0x30, 0x31, 0x35, 0x00, 0x70, 0x0a, 0x70, 0x54, 0x53, 0x4f, 0x53, 0x10, 0x86, 0x06, 0x01,
	0x5f, 0x53, 0x42, 0x5f, 0x5b, 0x80, 0x45, 0x43, 0x4d, 0x43, 0x01, 0x0a, 0x72, 0x0a, 0x02, 0x5b,
	0x81, 0x10, 0x45, 0x43, 0x4d, 0x43, 0x00, 0x45, 0x43, 0x4d, 0x49, 0x08, 0x45, 0x43, 0x4d, 0x44,
	0x08, 0x5b, 0x86, 0x12, 0x45, 0x43, 0x4d, 0x49, 0x45, 0x43, 0x4d, 0x44, 0x01, 0x00, 0x40, 0x04,
	0x46, 0x52, 0x54, 0x42, 0x20, 0x5b, 0x80, 0x46, 0x52, 0x54, 0x50, 0x00, 0x46, 0x52, 0x54, 0x42,
	0x0b, 0x00, 0x01, 0x5b, 0x81, 0x4a, 0x10, 0x46, 0x52, 0x54, 0x50, 0x00, 0x50, 0x45, 0x42, 0x41,
	0x20, 0x00, 0x04, 0x4c, 0x50, 0x43, 0x45, 0x01, 0x49, 0x43, 0x30, 0x45, 0x01, 0x49, 0x43, 0x31,
	0x45, 0x01, 0x49, 0x43, 0x32, 0x45, 0x01, 0x49, 0x43, 0x33, 0x45, 0x01, 0x49, 0x43, 0x34, 0x45,
	0x01, 0x49, 0x43, 0x35, 0x45, 0x01, 0x55, 0x54, 0x30, 0x45, 0x01, 0x55, 0x54, 0x31, 0x45, 0x01,
	0x00, 0x01, 0x00, 0x01, 0x53, 0x54, 0x5f, 0x45, 0x01, 0x55, 0x54, 0x32, 0x45, 0x01, 0x00, 0x01,
	0x45, 0x4d, 0x4d, 0x44, 0x02, 0x00, 0x03, 0x58, 0x48, 0x43, 0x45, 0x01, 0x00, 0x01, 0x00, 0x01,
	0x55, 0x54, 0x33, 0x45, 0x01, 0x45, 0x53, 0x50, 0x49, 0x01, 0x45, 0x4d, 0x4d, 0x45, 0x01, 0x00,
	0x03, 0x50, 0x43, 0x45, 0x46, 0x01, 0x00, 0x04, 0x49, 0x43, 0x30, 0x44, 0x01, 0x49, 0x43, 0x31,
	0x44, 0x01, 0x49, 0x43, 0x32, 0x44, 0x01, 0x49, 0x43, 0x33, 0x44, 0x01, 0x49, 0x43, 0x34, 0x44,
	0x01, 0x49, 0x43, 0x35, 0x44, 0x01, 0x55, 0x54, 0x30, 0x44, 0x01, 0x55, 0x54, 0x31, 0x44, 0x01,
	0x00, 0x01, 0x00, 0x01, 0x53, 0x54, 0x5f, 0x44, 0x01, 0x55, 0x54, 0x32, 0x44, 0x01, 0x00, 0x01,
	0x45, 0x48, 0x43, 0x44, 0x01, 0x00, 0x04, 0x58, 0x48, 0x43, 0x44, 0x01, 0x53, 0x44, 0x5f, 0x44,
	0x01, 0x00, 0x01, 0x55, 0x54, 0x33, 0x44, 0x01, 0x00, 0x01, 0x45, 0x4d, 0x44, 0x33, 0x01, 0x00,
	0x02, 0x53, 0x30, 0x33, 0x44, 0x01, 0x46, 0x57, 0x30, 0x30, 0x10, 0x46, 0x57, 0x30, 0x31, 0x20,
	0x46, 0x57, 0x30, 0x32, 0x10, 0x46, 0x57, 0x30, 0x33, 0x20, 0x53, 0x44, 0x53, 0x30, 0x08, 0x53,
	0x44, 0x53, 0x31, 0x08, 0x43, 0x5a, 0x46, 0x47, 0x01, 0x00, 0x2f, 0x53, 0x44, 0x31, 0x30, 0x20,
	0x45, 0x48, 0x31, 0x30, 0x20, 0x58, 0x48, 0x31, 0x30, 0x20, 0x53, 0x54, 0x42, 0x41, 0x20, 0x5b,
	0x80, 0x46, 0x43, 0x46, 0x47, 0x00, 0x50, 0x45, 0x42, 0x41, 0x0c, 0x00, 0x00, 0x00, 0x01, 0x5b,
	0x81, 0x29, 0x46, 0x43, 0x46, 0x47, 0x03, 0x00, 0xc0, 0x22, 0x18, 0x05, 0x49, 0x50, 0x44, 0x45,
	0x20, 0x49, 0x4d, 0x50, 0x45, 0x20, 0x00, 0x40, 0x16, 0x00, 0x02, 0x4c, 0x44, 0x51, 0x30, 0x01,
	0x00, 0x45, 0x29, 0x00, 0x07, 0x41, 0x55, 0x53, 0x53, 0x01, 0x5b, 0x80, 0x49, 0x4f, 0x4d, 0x58,
	0x00, 0x0c, 0x00, 0x0d, 0xd8, 0xfe, 0x0b, 0x00, 0x01, 0x5b, 0x81, 0x47, 0x06, 0x49, 0x4f, 0x4d,
	0x58, 0x00, 0x00, 0x48, 0x0a, 0x49, 0x4d, 0x31, 0x35, 0x08, 0x49, 0x4d, 0x31, 0x36, 0x08, 0x00,
	0x40, 0x04, 0x49, 0x4d, 0x31, 0x46, 0x08, 0x49, 0x4d, 0x32, 0x30, 0x08, 0x00, 0x48, 0x11, 0x49,
	0x4d, 0x34, 0x34, 0x08, 0x00, 0x08, 0x49, 0x4d, 0x34, 0x36, 0x08, 0x00, 0x18, 0x49, 0x4d, 0x34,
	0x41, 0x08, 0x49, 0x4d, 0x34, 0x42, 0x08, 0x00, 0x48, 0x05, 0x49, 0x4d, 0x35, 0x37, 0x08, 0x49,
	0x4d, 0x35, 0x38, 0x08, 0x00, 0x48, 0x07, 0x49, 0x4d, 0x36, 0x38, 0x08, 0x49, 0x4d, 0x36, 0x39,
	0x08, 0x49, 0x4d, 0x36, 0x41, 0x08, 0x49, 0x4d, 0x36, 0x42, 0x08, 0x00, 0x08, 0x49, 0x4d, 0x36,
	0x44, 0x08, 0x5b, 0x80, 0x46, 0x41, 0x43, 0x52, 0x00, 0x0c, 0x00, 0x1e, 0xd8, 0xfe, 0x0b, 0x00,
	0x01, 0x5b, 0x81, 0x2a, 0x46, 0x41, 0x43, 0x52, 0x00, 0x00, 0x40, 0x40, 0x00, 0x1c, 0x52, 0x44,
	0x32, 0x38, 0x01, 0x00, 0x01, 0x52, 0x51, 0x54, 0x59, 0x01, 0x00, 0x01, 0x00, 0x1c, 0x53, 0x44,
	0x32, 0x38, 0x01, 0x00, 0x01, 0x00, 0x42, 0x0c, 0x50, 0x47, 0x31, 0x41, 0x01, 0x5b, 0x80, 0x45,
	0x4d, 0x4d, 0x58, 0x00, 0x0c, 0x00, 0x58, 0xdd, 0xfe, 0x0b, 0x30, 0x01, 0x5b, 0x81, 0x21, 0x45,
	0x4d, 0x4d, 0x58, 0x00, 0x00, 0x40, 0x68, 0x00, 0x11, 0x46, 0x43, 0x31, 0x38, 0x01, 0x46, 0x43,
	0x33, 0x33, 0x01, 0x00, 0x07, 0x43, 0x44, 0x5f, 0x54, 0x01, 0x57, 0x50, 0x5f, 0x54, 0x01, 0x5b,
	0x80, 0x45, 0x4d, 0x4d, 0x42, 0x00, 0x0c, 0x00, 0x58, 0xdd, 0xfe, 0x0b, 0x30, 0x01, 0x5b, 0x81,
	0x2a, 0x45, 0x4d, 0x4d, 0x42, 0x00, 0x00, 0x40, 0x52, 0x45, 0x30, 0x41, 0x34, 0x20, 0x45, 0x30,
	0x41, 0x38, 0x20, 0x00, 0x20, 0x45, 0x30, 0x42, 0x30, 0x20, 0x00, 0x40, 0x0e, 0x45, 0x30, 0x44,
	0x30, 0x20, 0x00, 0x40, 0x21, 0x45, 0x31, 0x31, 0x36, 0x20, 0x08, 0x53, 0x56, 0x42, 0x46, 0x11,
	0x05, 0x0b, 0x00, 0x01, 0x00, 0x8a, 0x53, 0x56, 0x42, 0x46, 0x00, 0x53, 0x30, 0x41, 0x34, 0x8a,
	0x53, 0x56, 0x42, 0x46, 0x0a, 0x04, 0x53, 0x30, 0x41, 0x38, 0x8a, 0x53, 0x56, 0x42, 0x46, 0x0a,
	0x08, 0x53, 0x30, 0x42, 0x30, 0x8a, 0x53, 0x56, 0x42, 0x46, 0x0a, 0x0c, 0x53, 0x30, 0x44, 0x30,
	0x8a, 0x53, 0x56, 0x42, 0x46, 0x0a, 0x10, 0x53, 0x31, 0x31, 0x36, 0x14, 0x2a, 0x53, 0x45, 0x43,
	0x52, 0x08, 0x70, 0x45, 0x31, 0x31, 0x36, 0x53, 0x31, 0x31, 0x36, 0x70, 0x00, 0x52, 0x51, 0x54,
	0x59, 0x70, 0x01, 0x52, 0x44, 0x32, 0x38, 0x70, 0x53, 0x44, 0x32, 0x38, 0x60, 0xa2, 0x08, 0x60,
	0x70, 0x53, 0x44, 0x32, 0x38, 0x60, 0x14, 0x0f, 0x52, 0x45, 0x43, 0x52, 0x08, 0x70, 0x53, 0x31,
	0x31, 0x36, 0x45, 0x31, 0x31, 0x36, 0x5b, 0x80, 0x4c, 0x55, 0x49, 0x45, 0x00, 0x0c, 0x20, 0x00,
	0xdc, 0xfe, 0x0a, 0x04, 0x5b, 0x81, 0x43, 0x04, 0x4c, 0x55, 0x49, 0x45, 0x00, 0x49, 0x45, 0x52,
	0x30, 0x01, 0x49, 0x45, 0x52, 0x31, 0x01, 0x49, 0x45, 0x52, 0x32, 0x01, 0x49, 0x45, 0x52, 0x33,
	0x01, 0x55, 0x4f, 0x4c, 0x30, 0x01, 0x55, 0x4f, 0x4c, 0x31, 0x01, 0x55, 0x4f, 0x4c, 0x32, 0x01,
	0x55, 0x4f, 0x4c, 0x33, 0x01, 0x57, 0x55, 0x52, 0x30, 0x02, 0x57, 0x55, 0x52, 0x31, 0x02, 0x57,
	0x55, 0x52, 0x32, 0x02, 0x57, 0x55, 0x52, 0x33, 0x02, 0x14, 0x34, 0x46, 0x52, 0x55, 0x49, 0x0a,
	0xa0, 0x0a, 0x93, 0x68, 0x00, 0x70, 0x49, 0x55, 0x41, 0x30, 0x69, 0xa0, 0x0a, 0x93, 0x68, 0x01,
	0x70, 0x49, 0x55, 0x41, 0x31, 0x69, 0xa0, 0x0b, 0x93, 0x68, 0x0a, 0x02, 0x70, 0x49, 0x55, 0x41,
	0x32, 0x69, 0xa0, 0x0b, 0x93, 0x68, 0x0a, 0x03, 0x70, 0x49, 0x55, 0x41, 0x33, 0x69, 0x14, 0x4b,
	0x06, 0x53, 0x52, 0x41, 0x44, 0x0a, 0x79, 0x68, 0x01, 0x60, 0x72, 0x60, 0x0c, 0x40, 0x1e, 0xd8,
	0xfe, 0x60, 0x5b, 0x80, 0x41, 0x44, 0x43, 0x52, 0x00, 0x60, 0x0a, 0x02, 0x5b, 0x81, 0x2e, 0x41,
	0x44, 0x43, 0x52, 0x01, 0x41, 0x44, 0x54, 0x44, 0x02, 0x41, 0x44, 0x50, 0x53, 0x01, 0x41, 0x44,
	0x50, 0x44, 0x01, 0x41, 0x44, 0x53, 0x4f, 0x01, 0x41, 0x44, 0x53, 0x43, 0x01, 0x41, 0x44, 0x53,
	0x52, 0x01, 0x41, 0x44, 0x49, 0x53, 0x01, 0x41, 0x44, 0x44, 0x53, 0x03, 0x70, 0x01, 0x41, 0x44,
	0x49, 0x53, 0x70, 0x00, 0x41, 0x44, 0x53, 0x52, 0x5b, 0x21, 0x69, 0x70, 0x01, 0x41, 0x44, 0x53,
	0x52, 0x70, 0x00, 0x41, 0x44, 0x49, 0x53, 0x5b, 0x21, 0x69, 0x14, 0x40, 0x0a, 0x44, 0x53, 0x41,
	0x44, 0x0a, 0x79, 0x68, 0x01, 0x60, 0x72, 0x60, 0x0c, 0x40, 0x1e, 0xd8, 0xfe, 0x60, 0x5b, 0x80,
	0x41, 0x44, 0x43, 0x52, 0x00, 0x60, 0x0a, 0x02, 0x5b, 0x81, 0x2e, 0x41, 0x44, 0x43, 0x52, 0x01,
	0x41, 0x44, 0x54, 0x44, 0x02, 0x41, 0x44, 0x50, 0x53, 0x01, 0x41, 0x44, 0x50, 0x44, 0x01, 0x41,
	0x44, 0x53, 0x4f, 0x01, 0x41, 0x44, 0x53, 0x43, 0x01, 0x41, 0x44, 0x53, 0x52, 0x01, 0x41, 0x44,
	0x49, 0x53, 0x01, 0x41, 0x44, 0x44, 0x53, 0x03, 0xa0, 0x42, 0x05, 0x92, 0x93, 0x68, 0x41, 0x44,
	0x54, 0x44, 0xa0, 0x23, 0x93, 0x69, 0x00, 0x70, 0x00, 0x41, 0x44, 0x54, 0x44, 0x70, 0x01, 0x41,
	0x44, 0x50, 0x44, 0x70, 0x41, 0x44, 0x44, 0x53, 0x60, 0xa2, 0x0c, 0x92, 0x93, 0x60, 0x0a, 0x07,
	0x70, 0x41, 0x44, 0x44, 0x53, 0x60, 0xa0, 0x24, 0x93, 0x69, 0x0a, 0x03, 0x70, 0x00, 0x41, 0x44,
	0x50, 0x44, 0x70, 0x41, 0x44, 0x44, 0x53, 0x60, 0xa2, 0x0b, 0x92, 0x93, 0x60, 0x00, 0x70, 0x41,
	0x44, 0x44, 0x53, 0x60, 0x70, 0x0a, 0x03, 0x41, 0x44, 0x54, 0x44, 0x14, 0x49, 0x0e, 0x48, 0x53,
	0x41, 0x44, 0x0a, 0x79, 0x01, 0x68, 0x63, 0x79, 0x68, 0x01, 0x60, 0x72, 0x60, 0x0c, 0x40, 0x1e,
	0xd8, 0xfe, 0x60, 0x5b, 0x80, 0x41, 0x44, 0x43, 0x52, 0x00, 0x60, 0x0a, 0x02, 0x5b, 0x81, 0x2e,
	0x41, 0x44, 0x43, 0x52, 0x01, 0x41, 0x44, 0x54, 0x44, 0x02, 0x41, 0x44, 0x50, 0x53, 0x01, 0x41,
	0x44, 0x50, 0x44, 0x01, 0x41, 0x44, 0x53, 0x4f, 0x01, 0x41, 0x44, 0x53, 0x43, 0x01, 0x41, 0x44,
	0x53, 0x52, 0x01, 0x41, 0x44, 0x49, 0x53, 0x01, 0x41, 0x44, 0x44, 0x53, 0x03, 0xa0, 0x47, 0x09,
	0x92, 0x93, 0x69, 0x41, 0x44, 0x54, 0x44, 0xa0, 0x46, 0x04, 0x93, 0x69, 0x00, 0x70, 0x01, 0x50,
	0x47, 0x31, 0x41, 0x70, 0x00, 0x41, 0x44, 0x54, 0x44, 0x70, 0x01, 0x41, 0x44, 0x50, 0x44, 0x70,
	0x41, 0x44, 0x44, 0x53, 0x60, 0xa2, 0x0c, 0x92, 0x93, 0x60, 0x0a, 0x07, 0x70, 0x41, 0x44, 0x44,
	0x53, 0x60, 0x70, 0x01, 0x52, 0x51, 0x54, 0x59, 0x70, 0x01, 0x52, 0x44, 0x32, 0x38, 0x70, 0x53,
	0x44, 0x32, 0x38, 0x60, 0xa2, 0x09, 0x92, 0x60, 0x70, 0x53, 0x44, 0x32, 0x38, 0x60, 0xa0, 0x46,
	0x04, 0x93, 0x69, 0x0a, 0x03, 0x70, 0x00, 0x52, 0x51, 0x54, 0x59, 0x70, 0x01, 0x52, 0x44, 0x32,
	0x38, 0x70, 0x53, 0x44, 0x32, 0x38, 0x60, 0xa2, 0x08, 0x60, 0x70, 0x53, 0x44, 0x32, 0x38, 0x60,
	0x70, 0x00, 0x41, 0x44, 0x50, 0x44, 0x70, 0x41, 0x44, 0x44, 0x53, 0x60, 0xa2, 0x0b, 0x92, 0x93,
	0x60, 0x00, 0x70, 0x41, 0x44, 0x44, 0x53, 0x60, 0x70, 0x0a, 0x03, 0x41, 0x44, 0x54, 0x44, 0x70,
	0x00, 0x50, 0x47, 0x31, 0x41, 0x5b, 0x80, 0x46, 0x50, 0x49, 0x43, 0x01, 0x0b, 0x00, 0x0c, 0x0a,
	0x02, 0x5b, 0x81, 0x10, 0x45, 0x43, 0x4d, 0x43, 0x00, 0x46, 0x50, 0x49, 0x49, 0x08, 0x46, 0x50,
	0x49, 0x44, 0x08, 0x5b, 0x86, 0x23, 0x46, 0x50, 0x49, 0x49, 0x46, 0x50, 0x49, 0x44, 0x01, 0x00,
	0x40, 0x7a, 0x49, 0x55, 0x41, 0x30, 0x08, 0x49, 0x55, 0x41, 0x31, 0x08, 0x00, 0x10, 0x49, 0x55,
	0x41, 0x32, 0x08, 0x49, 0x55, 0x41, 0x33, 0x08, 0x5b, 0x82, 0x4e, 0x06, 0x47, 0x50, 0x49, 0x4f,
	0x08, 0x5f, 0x48, 0x49, 0x44, 0x0d, 0x41, 0x4d, 0x44, 0x49, 0x30, 0x30, 0x33, 0x30, 0x00, 0x08,
	0x5f, 0x43, 0x49, 0x44, 0x0d, 0x41, 0x4d, 0x44, 0x49, 0x30, 0x30, 0x33, 0x30, 0x00, 0x08, 0x5f,
	0x55, 0x49, 0x44, 0x00, 0x14, 0x2b, 0x5f, 0x43, 0x52, 0x53, 0x00, 0x08, 0x52, 0x42, 0x55, 0x46,
	0x11, 0x1a, 0x0a, 0x17, 0x89, 0x06, 0x00, 0x0d, 0x01, 0x07, 0x00, 0x00, 0x00, 0x86, 0x09, 0x00,
	0x01, 0x00, 0x15, 0xd8, 0xfe, 0x00, 0x04, 0x00, 0x00, 0x79, 0x00, 0xa4, 0x52, 0x42, 0x55, 0x46,
	0x14, 0x17, 0x5f, 0x53, 0x54, 0x41, 0x00, 0xa0, 0x0c, 0x92, 0x95, 0x54, 0x53, 0x4f, 0x53, 0x0a,
	0x70, 0xa4, 0x0a, 0x0f, 0xa1, 0x03, 0xa4, 0x00, 0x5b, 0x82, 0x41, 0x09, 0x46, 0x55, 0x52, 0x30,
	0x08, 0x5f, 0x48, 0x49, 0x44, 0x0d, 0x41, 0x4d, 0x44, 0x49, 0x30, 0x30, 0x32, 0x30, 0x00, 0x08,
	0x5f, 0x55, 0x49, 0x44, 0x00, 0x14, 0x4b, 0x04, 0x5f, 0x43, 0x52, 0x53, 0x08, 0x08, 0x42, 0x55,
	0x46, 0x30, 0x11, 0x21, 0x0a, 0x1e, 0x23, 0x08, 0x00, 0x01, 0x86, 0x09, 0x00, 0x01, 0x00, 0x90,
	0xdc, 0xfe, 0x00, 0x10, 0x00, 0x00, 0x86, 0x09, 0x00, 0x01, 0x00, 0x70, 0xdc, 0xfe, 0x00, 0x10,
	0x00, 0x00, 0x79, 0x00, 0x8b, 0x42, 0x55, 0x46, 0x30, 0x01, 0x49, 0x52, 0x51, 0x57, 0x79, 0x01,
	0x7b, 0x55, 0x52, 0x30, 0x49, 0x0a, 0x0f, 0x00, 0x49, 0x52, 0x51, 0x57, 0xa4, 0x42, 0x55, 0x46,
	0x30, 0x14, 0x29, 0x5f, 0x53, 0x54, 0x41, 0x00, 0xa0, 0x1e, 0x92, 0x95, 0x54, 0x53, 0x4f, 0x53,
	0x0a, 0x70, 0xa0, 0x12, 0x93, 0x55, 0x54, 0x30, 0x45, 0x01, 0xa0, 0x07, 0x49, 0x45, 0x52, 0x30,
	0xa4, 0x00, 0xa4, 0x0a, 0x0f, 0xa4, 0x00, 0xa1, 0x03, 0xa4, 0x00, 0x5b, 0x82, 0x41, 0x09, 0x46,
	0x55, 0x52, 0x31, 0x08, 0x5f, 0x48, 0x49, 0x44, 0x0d, 0x41, 0x4d, 0x44, 0x49, 0x30, 0x30, 0x32,
	0x30, 0x00, 0x08, 0x5f, 0x55, 0x49, 0x44, 0x01, 0x14, 0x4b, 0x04, 0x5f, 0x43, 0x52, 0x53, 0x08,
	0x08, 0x42, 0x55, 0x46, 0x30, 0x11, 0x21, 0x0a, 0x1e, 0x23, 0x10, 0x00, 0x01, 0x86, 0x09, 0x00,
	0x01, 0x00, 0xa0, 0xdc, 0xfe, 0x00, 0x10, 0x00, 0x00, 0x86, 0x09, 0x00, 0x01, 0x00, 0x80, 0xdc,
	0xfe, 0x00, 0x10, 0x00, 0x00, 0x79, 0x00, 0x8b, 0x42, 0x55, 0x46, 0x30, 0x01, 0x49, 0x52, 0x51,
	0x57, 0x79, 0x01, 0x7b, 0x55, 0x52, 0x31, 0x49, 0x0a, 0x0f, 0x00, 0x49, 0x52, 0x51, 0x57, 0xa4,
	0x42, 0x55, 0x46, 0x30, 0x14, 0x29, 0x5f, 0x53, 0x54, 0x41, 0x00, 0xa0, 0x1e, 0x92, 0x95, 0x54,
	0x53, 0x4f, 0x53, 0x0a, 0x70, 0xa0, 0x12, 0x93, 0x55, 0x54, 0x31, 0x45, 0x01, 0xa0, 0x07, 0x55,
	0x4f, 0x4c, 0x31, 0xa4, 0x00, 0xa4, 0x0a, 0x0f, 0xa4, 0x00, 0xa1, 0x03, 0xa4, 0x00, 0x5b, 0x82,
	0x42, 0x09, 0x46, 0x55, 0x52, 0x32, 0x08, 0x5f, 0x48, 0x49, 0x44, 0x0d, 0x41, 0x4d, 0x44, 0x49,
	0x30, 0x30, 0x32, 0x30, 0x00, 0x08, 0x5f, 0x55, 0x49, 0x44, 0x0a, 0x02, 0x14, 0x4b, 0x04, 0x5f,
	0x43, 0x52, 0x53, 0x08, 0x08, 0x42, 0x55, 0x46, 0x30, 0x11, 0x21, 0x0a, 0x1e, 0x23, 0x08, 0x00,
	0x01, 0x86, 0x09, 0x00, 0x01, 0x00, 0xe0, 0xdc, 0xfe, 0x00, 0x10, 0x00, 0x00, 0x86, 0x09, 0x00,
	0x01, 0x00, 0xc0, 0xdc, 0xfe, 0x00, 0x10, 0x00, 0x00, 0x79, 0x00, 0x8b, 0x42, 0x55, 0x46, 0x30,
	0x01, 0x49, 0x52, 0x51, 0x57, 0x79, 0x01, 0x7b, 0x55, 0x52, 0x32, 0x49, 0x0a, 0x0f, 0x00, 0x49,
	0x52, 0x51, 0x57, 0xa4, 0x42, 0x55, 0x46, 0x30, 0x14, 0x29, 0x5f, 0x53, 0x54, 0x41, 0x00, 0xa0,
	0x1e, 0x92, 0x95, 0x54, 0x53, 0x4f, 0x53, 0x0a, 0x70, 0xa0, 0x12, 0x93, 0x55, 0x54, 0x32, 0x45,
	0x01, 0xa0, 0x07, 0x55, 0x4f, 0x4c, 0x32, 0xa4, 0x00, 0xa4, 0x0a, 0x0f, 0xa4, 0x00, 0xa1, 0x03,
	0xa4, 0x00, 0x5b, 0x82, 0x42, 0x09, 0x46, 0x55, 0x52, 0x33, 0x08, 0x5f, 0x48, 0x49, 0x44, 0x0d,
	0x41, 0x4d, 0x44, 0x49, 0x30, 0x30, 0x32, 0x30, 0x00, 0x08, 0x5f, 0x55, 0x49, 0x44, 0x0a, 0x03,
	0x14, 0x4b, 0x04, 0x5f, 0x43, 0x52, 0x53, 0x08, 0x08, 0x42, 0x55, 0x46, 0x30, 0x11, 0x21, 0x0a,
	0x1e, 0x23, 0x10, 0x00, 0x01, 0x86, 0x09, 0x00, 0x01, 0x00, 0xf0, 0xdc, 0xfe, 0x00, 0x10, 0x00,
	0x00, 0x86, 0x09, 0x00, 0x01, 0x00, 0xd0, 0xdc, 0xfe, 0x00, 0x10, 0x00, 0x00, 0x79, 0x00, 0x8b,
	0x42, 0x55, 0x46, 0x30, 0x01, 0x49, 0x52, 0x51, 0x57, 0x79, 0x01, 0x7b, 0x55, 0x52, 0x33, 0x49,
	0x0a, 0x0f, 0x00, 0x49, 0x52, 0x51, 0x57, 0xa4, 0x42, 0x55, 0x46, 0x30, 0x14, 0x29, 0x5f, 0x53,
	0x54, 0x41, 0x00, 0xa0, 0x1e, 0x92, 0x95, 0x54, 0x53, 0x4f, 0x53, 0x0a, 0x70, 0xa0, 0x12, 0x93,
	0x55, 0x54, 0x33, 0x45, 0x01, 0xa0, 0x07, 0x55, 0x4f, 0x4c, 0x33, 0xa4, 0x00, 0xa4, 0x0a, 0x0f,
	0xa4, 0x00, 0xa1, 0x03, 0xa4, 0x00, 0x5b, 0x82, 0x4b, 0x08, 0x49, 0x32, 0x43, 0x41, 0x08, 0x5f,
	0x48, 0x49, 0x44, 0x0d, 0x41, 0x4d, 0x44, 0x49, 0x30, 0x30, 0x31, 0x30, 0x00, 0x08, 0x5f, 0x55,
	0x49, 0x44, 0x00, 0x14, 0x3e, 0x5f, 0x43, 0x52, 0x53, 0x08, 0x08, 0x42, 0x55, 0x46, 0x30, 0x11,
	0x15, 0x0a, 0x12, 0x23, 0x00, 0x04, 0x01, 0x86, 0x09, 0x00, 0x01, 0x00, 0x20, 0xdc, 0xfe, 0x00,
	0x10, 0x00, 0x00, 0x79, 0x00, 0x8b, 0x42, 0x55, 0x46, 0x30, 0x01, 0x49, 0x52, 0x51, 0x57, 0x79,
	0x01, 0x7b, 0x49, 0x43, 0x30, 0x49, 0x0a, 0x0f, 0x00, 0x49, 0x52, 0x51, 0x57, 0xa4, 0x42, 0x55,
	0x46, 0x30, 0x14, 0x21, 0x5f, 0x53, 0x54, 0x41, 0x00, 0xa0, 0x16, 0x92, 0x95, 0x54, 0x53, 0x4f,
	0x53, 0x0a, 0x70, 0xa0, 0x0a, 0x93, 0x49, 0x43, 0x30, 0x45, 0x01, 0xa4, 0x0a, 0x0f, 0xa4, 0x00,
	0xa1, 0x03, 0xa4, 0x00, 0x14, 0x0e, 0x52, 0x53, 0x45, 0x54, 0x00, 0x53, 0x52, 0x41, 0x44, 0x0a,
	0x05, 0x0a, 0xc8, 0x5b, 0x82, 0x4b, 0x08, 0x49, 0x32, 0x43, 0x42, 0x08, 0x5f, 0x48, 0x49, 0x44,
	0x0d, 0x41, 0x4d, 0x44, 0x49, 0x30, 0x30, 0x31, 0x30, 0x00, 0x08, 0x5f, 0x55, 0x49, 0x44, 0x01,
	0x14, 0x3e, 0x5f, 0x43, 0x52, 0x53, 0x08, 0x08, 0x42, 0x55, 0x46, 0x30, 0x11, 0x15, 0x0a, 0x12,
	0x23, 0x00, 0x08, 0x01, 0x86, 0x09, 0x00, 0x01, 0x00, 0x30, 0xdc, 0xfe, 0x00, 0x10, 0x00, 0x00,
	0x79, 0x00, 0x8b, 0x42, 0x55, 0x46, 0x30, 0x01, 0x49, 0x52, 0x51, 0x57, 0x79, 0x01, 0x7b, 0x49,
	0x43, 0x31, 0x49, 0x0a, 0x0f, 0x00, 0x49, 0x52, 0x51, 0x57, 0xa4, 0x42, 0x55, 0x46, 0x30, 0x14,
	0x21, 0x5f, 0x53, 0x54, 0x41, 0x00, 0xa0, 0x16, 0x92, 0x95, 0x54, 0x53, 0x4f, 0x53, 0x0a, 0x70,
	0xa0, 0x0a, 0x93, 0x49, 0x43, 0x31, 0x45, 0x01, 0xa4, 0x0a, 0x0f, 0xa4, 0x00, 0xa1, 0x03, 0xa4,
	0x00, 0x14, 0x0e, 0x52, 0x53, 0x45, 0x54, 0x00, 0x53, 0x52, 0x41, 0x44, 0x0a, 0x06, 0x0a, 0xc8,
	0x5b, 0x82, 0x4c, 0x08, 0x49, 0x32, 0x43, 0x43, 0x08, 0x5f, 0x48, 0x49, 0x44, 0x0d, 0x41, 0x4d,
	0x44, 0x49, 0x30, 0x30, 0x31, 0x30, 0x00, 0x08, 0x5f, 0x55, 0x49, 0x44, 0x0a, 0x02, 0x14, 0x3e,
	0x5f, 0x43, 0x52, 0x53, 0x08, 0x08, 0x42, 0x55, 0x46, 0x30, 0x11, 0x15, 0x0a, 0x12, 0x23, 0x10,
	0x00, 0x01, 0x86, 0x09, 0x00, 0x01, 0x00, 0x40, 0xdc, 0xfe, 0x00, 0x10, 0x00, 0x00, 0x79, 0x00,
	0x8b, 0x42, 0x55, 0x46, 0x30, 0x01, 0x49, 0x52, 0x51, 0x57, 0x79, 0x01, 0x7b, 0x49, 0x43, 0x32,
	0x49, 0x0a, 0x0f, 0x00, 0x49, 0x52, 0x51, 0x57, 0xa4, 0x42, 0x55, 0x46, 0x30, 0x14, 0x21, 0x5f,
	0x53, 0x54, 0x41, 0x00, 0xa0, 0x16, 0x92, 0x95, 0x54, 0x53, 0x4f, 0x53, 0x0a, 0x70, 0xa0, 0x0a,
	0x93, 0x49, 0x43, 0x32, 0x45, 0x01, 0xa4, 0x0a, 0x0f, 0xa4, 0x00, 0xa1, 0x03, 0xa4, 0x00, 0x14,
	0x0e, 0x52, 0x53, 0x45, 0x54, 0x00, 0x53, 0x52, 0x41, 0x44, 0x0a, 0x07, 0x0a, 0xc8, 0x5b, 0x82,
	0x4c, 0x08, 0x49, 0x32, 0x43, 0x44, 0x08, 0x5f, 0x48, 0x49, 0x44, 0x0d, 0x41, 0x4d, 0x44, 0x49,
	0x30, 0x30, 0x31, 0x30, 0x00, 0x08, 0x5f, 0x55, 0x49, 0x44, 0x0a, 0x03, 0x14, 0x3e, 0x5f, 0x43,
	0x52, 0x53, 0x08, 0x08, 0x42, 0x55, 0x46, 0x30, 0x11, 0x15, 0x0a, 0x12, 0x23, 0x40, 0x00, 0x01,
	0x86, 0x09, 0x00, 0x01, 0x00, 0x50, 0xdc, 0xfe, 0x00, 0x10, 0x00, 0x00, 0x79, 0x00, 0x8b, 0x42,
	0x55, 0x46, 0x30, 0x01, 0x49, 0x52, 0x51, 0x57, 0x79, 0x01, 0x7b, 0x49, 0x43, 0x33, 0x49, 0x0a,
	0x0f, 0x00, 0x49, 0x52, 0x51, 0x57, 0xa4, 0x42, 0x55, 0x46, 0x30, 0x14, 0x21, 0x5f, 0x53, 0x54,
	0x41, 0x00, 0xa0, 0x16, 0x92, 0x95, 0x54, 0x53, 0x4f, 0x53, 0x0a, 0x70, 0xa0, 0x0a, 0x93, 0x49,
	0x43, 0x33, 0x45, 0x01, 0xa4, 0x0a, 0x0f, 0xa4, 0x00, 0xa1, 0x03, 0xa4, 0x00, 0x14, 0x0e, 0x52,
	0x53, 0x45, 0x54, 0x00, 0x53, 0x52, 0x41, 0x44, 0x0a, 0x08, 0x0a, 0xc8, 0x5b, 0x82, 0x4c, 0x08,
	0x49, 0x32, 0x43, 0x45, 0x08, 0x5f, 0x48, 0x49, 0x44, 0x0d, 0x41, 0x4d, 0x44, 0x49, 0x30, 0x30,
	0x31, 0x30, 0x00, 0x08, 0x5f, 0x55, 0x49, 0x44, 0x0a, 0x04, 0x14, 0x3e, 0x5f, 0x43, 0x52, 0x53,
	0x08, 0x08, 0x42, 0x55, 0x46, 0x30, 0x11, 0x15, 0x0a, 0x12, 0x23, 0x00, 0x40, 0x01, 0x86, 0x09,
	0x00, 0x01, 0x00, 0x60, 0xdc, 0xfe, 0x00, 0x10, 0x00, 0x00, 0x79, 0x00, 0x8b, 0x42, 0x55, 0x46,
	0x30, 0x01, 0x49, 0x52, 0x51, 0x57, 0x79, 0x01, 0x7b, 0x49, 0x43, 0x34, 0x49, 0x0a, 0x0f, 0x00,
	0x49, 0x52, 0x51, 0x57, 0xa4, 0x42, 0x55, 0x46, 0x30, 0x14, 0x21, 0x5f, 0x53, 0x54, 0x41, 0x00,
	0xa0, 0x16, 0x92, 0x95, 0x54, 0x53, 0x4f, 0x53, 0x0a, 0x70, 0xa0, 0x0a, 0x93, 0x49, 0x43, 0x34,
	0x45, 0x01, 0xa4, 0x0a, 0x0f, 0xa4, 0x00, 0xa1, 0x03, 0xa4, 0x00, 0x14, 0x0e, 0x52, 0x53, 0x45,
	0x54, 0x00, 0x53, 0x52, 0x41, 0x44, 0x0a, 0x09, 0x0a, 0xc8, 0x5b, 0x82, 0x4c, 0x08, 0x49, 0x32,
	0x43, 0x46, 0x08, 0x5f, 0x48, 0x49, 0x44, 0x0d, 0x41, 0x4d, 0x44, 0x49, 0x30, 0x30, 0x31, 0x30,
	0x00, 0x08, 0x5f, 0x55, 0x49, 0x44, 0x0a, 0x05, 0x14, 0x3e, 0x5f, 0x43, 0x52, 0x53, 0x08, 0x08,
	0x42, 0x55, 0x46, 0x30, 0x11, 0x15, 0x0a, 0x12, 0x23, 0x00, 0x80, 0x01, 0x86, 0x09, 0x00, 0x01,
	0x00, 0xb0, 0xdc, 0xfe, 0x00, 0x10, 0x00, 0x00, 0x79, 0x00, 0x8b, 0x42, 0x55, 0x46, 0x30, 0x01,
	0x49, 0x52, 0x51, 0x57, 0x79, 0x01, 0x7b, 0x49, 0x43, 0x35, 0x49, 0x0a, 0x0f, 0x00, 0x49, 0x52,
	0x51, 0x57, 0xa4, 0x42, 0x55, 0x46, 0x30, 0x14, 0x21, 0x5f, 0x53, 0x54, 0x41, 0x00, 0xa0, 0x16,
	0x92, 0x95, 0x54, 0x53, 0x4f, 0x53, 0x0a, 0x70, 0xa0, 0x0a, 0x93, 0x49, 0x43, 0x35, 0x45, 0x01,
	0xa4, 0x0a, 0x0f, 0xa4, 0x00, 0xa1, 0x03, 0xa4, 0x00, 0x14, 0x0e, 0x52, 0x53, 0x45, 0x54, 0x00,
	0x53, 0x52, 0x41, 0x44, 0x0a, 0x0a, 0x0a, 0xc8, 0x14, 0x4a, 0x07, 0x45, 0x50, 0x49, 0x4e, 0x00,
	0x70, 0x00, 0x49, 0x50, 0x44, 0x45, 0x70, 0x00, 0x49, 0x4d, 0x50, 0x45, 0x70, 0x01, 0x49, 0x4d,
	0x31, 0x35, 0x70, 0x01, 0x49, 0x4d, 0x31, 0x36, 0x70, 0x01, 0x49, 0x4d, 0x32, 0x30, 0x70, 0x01,
	0x49, 0x4d, 0x34, 0x34, 0x70, 0x01, 0x49, 0x4d, 0x34, 0x36, 0x70, 0x01, 0x49, 0x4d, 0x36, 0x38,
	0x70, 0x01, 0x49, 0x4d, 0x36, 0x39, 0x70, 0x01, 0x49, 0x4d, 0x36, 0x41, 0x70, 0x01, 0x49, 0x4d,
	0x36, 0x42, 0x70, 0x01, 0x49, 0x4d, 0x31, 0x46, 0xa0, 0x26, 0x92, 0x93, 0x45, 0x4d, 0x4d, 0x44,
	0x01, 0x70, 0x01, 0x49, 0x4d, 0x34, 0x41, 0x70, 0x01, 0x49, 0x4d, 0x35, 0x38, 0x70, 0x01, 0x49,
	0x4d, 0x34, 0x42, 0x70, 0x01, 0x49, 0x4d, 0x35, 0x37, 0x70, 0x01, 0x49, 0x4d, 0x36, 0x44, 0x53,
	0x45, 0x43, 0x52, 0x08, 0x4e, 0x43, 0x52, 0x53, 0x11, 0x1a, 0x0a, 0x17, 0x89, 0x06, 0x00, 0x0d,
	0x01, 0x05, 0x00, 0x00, 0x00, 0x86, 0x09, 0x00, 0x01, 0x00, 0x50, 0xdd, 0xfe, 0x00, 0x10, 0x00,
	0x00, 0x79, 0x00, 0x08, 0x44, 0x43, 0x52, 0x53, 0x11, 0x41, 0x06, 0x0a, 0x5d, 0x89, 0x06, 0x00,
	0x0d, 0x01, 0x05, 0x00, 0x00, 0x00, 0x86, 0x09, 0x00, 0x01, 0x00, 0x50, 0xdd, 0xfe, 0x00, 0x10,
	0x00, 0x00, 0x8c, 0x20, 0x00, 0x01, 0x00, 0x01, 0x00, 0x1d, 0x00, 0x01, 0x00, 0x00, 0xb8, 0x0b,
	0x17, 0x00, 0x00, 0x19, 0x00, 0x23, 0x00, 0x00, 0x00, 0x44, 0x00, 0x5c, 0x5f, 0x53, 0x42, 0x2e,
	0x47, 0x50, 0x49, 0x4f, 0x00, 0x8c, 0x20, 0x00, 0x01, 0x01, 0x01, 0x00, 0x08, 0x00, 0x01, 0x00,
	0x00, 0x00, 0x00, 0x17, 0x00, 0x00, 0x19, 0x00, 0x23, 0x00, 0x00, 0x00, 0x44, 0x00, 0x5c, 0x5f,
	0x53, 0x42, 0x2e, 0x47, 0x50, 0x49, 0x4f, 0x00, 0x79, 0x00, 0x08, 0x41, 0x48, 0x49, 0x44, 0x0d,
	0x41, 0x4d, 0x44, 0x49, 0x30, 0x30, 0x34, 0x30, 0x00, 0x08, 0x41, 0x43, 0x49, 0x44, 0x0d, 0x41,
	0x4d, 0x44, 0x49, 0x30, 0x30, 0x34, 0x30, 0x00, 0x08, 0x53, 0x48, 0x49, 0x44, 0x0c, 0x41, 0xd0,
	0x0d, 0x40, 0x08, 0x53, 0x43, 0x49, 0x44, 0x0d, 0x50, 0x43, 0x49, 0x43, 0x43, 0x5f, 0x30, 0x38,
	0x30, 0x35, 0x30, 0x31, 0x00, 0x5b, 0x82, 0x48, 0x0d, 0x45, 0x4d, 0x4d, 0x30, 0x14, 0x18, 0x5f,
	0x48, 0x49, 0x44, 0x08, 0xa0, 0x0a, 0x45, 0x4d, 0x4d, 0x44, 0xa4, 0x53, 0x48, 0x49, 0x44, 0xa1,
	0x06, 0xa4, 0x41, 0x48, 0x49, 0x44, 0x14, 0x18, 0x5f, 0x43, 0x49, 0x44, 0x08, 0xa0, 0x0a, 0x45,
	0x4d, 0x4d, 0x44, 0xa4, 0x53, 0x43, 0x49, 0x44, 0xa1, 0x06, 0xa4, 0x41, 0x43, 0x49, 0x44, 0x08,
	0x5f, 0x55, 0x49, 0x44, 0x00, 0x14, 0x18, 0x5f, 0x43, 0x52, 0x53, 0x08, 0xa0, 0x0a, 0x45, 0x4d,
	0x44, 0x33, 0xa4, 0x44, 0x43, 0x52, 0x53, 0xa1, 0x06, 0xa4, 0x4e, 0x43, 0x52, 0x53, 0x14, 0x1f,
	0x5f, 0x53, 0x54, 0x41, 0x00, 0xa0, 0x14, 0x92, 0x95, 0x54, 0x53, 0x4f, 0x53, 0x0a, 0x70, 0xa0,
	0x08, 0x45, 0x4d, 0x4d, 0x45, 0xa4, 0x0a, 0x0f, 0xa4, 0x00, 0xa1, 0x03, 0xa4, 0x00, 0x14, 0x10,
	0x5f, 0x49, 0x4e, 0x49, 0x00, 0xa0, 0x09, 0x45, 0x4d, 0x4d, 0x45, 0x45, 0x50, 0x49, 0x4e, 0x14,
	0x18, 0x5f, 0x53, 0x30, 0x57, 0x00, 0xa0, 0x0d, 0x90, 0x45, 0x4d, 0x44, 0x33, 0x45, 0x4d, 0x4d,
	0x45, 0xa4, 0x0a, 0x04, 0xa1, 0x03, 0xa4, 0x00, 0x14, 0x1c, 0x5f, 0x50, 0x53, 0x30, 0x00, 0xa0,
	0x15, 0x90, 0x45, 0x4d, 0x44, 0x33, 0x45, 0x4d, 0x4d, 0x45, 0x48, 0x53, 0x41, 0x44, 0x0a, 0x1c,
	0x00, 0x52, 0x45, 0x43, 0x52, 0x14, 0x19, 0x5f, 0x50, 0x53, 0x33, 0x00, 0xa0, 0x12, 0x90, 0x45,
	0x4d, 0x44, 0x33, 0x45, 0x4d, 0x4d, 0x45, 0x48, 0x53, 0x41, 0x44, 0x0a, 0x1c, 0x0a, 0x03, 0x5b,
	0x82, 0x43, 0x09, 0x55, 0x41, 0x52, 0x31, 0x08, 0x5f, 0x48, 0x49, 0x44, 0x0c, 0x41, 0xd0, 0x05,
	0x00, 0x08, 0x5f, 0x44, 0x44, 0x4e, 0x0d, 0x43, 0x4f, 0x4d, 0x31, 0x00, 0x14, 0x11, 0x5f, 0x53,
	0x54, 0x41, 0x00, 0xa0, 0x08, 0x49, 0x45, 0x52, 0x30, 0xa4, 0x0a, 0x0f, 0xa4, 0x00, 0x14, 0x45,
	0x06, 0x5f, 0x43, 0x52, 0x53, 0x00, 0x08, 0x42, 0x55, 0x46, 0x30, 0x11, 0x10, 0x0a, 0x0d, 0x47,
	0x01, 0xe8, 0x02, 0xe8, 0x02, 0x01, 0x08, 0x22, 0x08, 0x00, 0x79, 0x00, 0x8c, 0x42, 0x55, 0x46,
	0x30, 0x0a, 0x02, 0x49, 0x4f, 0x4c, 0x4f, 0x8c, 0x42, 0x55, 0x46, 0x30, 0x0a, 0x03, 0x49, 0x4f,
	0x48, 0x49, 0x8c, 0x42, 0x55, 0x46, 0x30, 0x0a, 0x04, 0x49, 0x4f, 0x52, 0x4c, 0x8c, 0x42, 0x55,
	0x46, 0x30, 0x0a, 0x05, 0x49, 0x4f, 0x52, 0x48, 0x8b, 0x42, 0x55, 0x46, 0x30, 0x0a, 0x09, 0x49,
	0x52, 0x51, 0x4c, 0x46, 0x52, 0x55, 0x49, 0x57, 0x55, 0x52, 0x30, 0x49, 0x52, 0x51, 0x4c, 0xa4,
	0x42, 0x55, 0x46, 0x30, 0x5b, 0x82, 0x43, 0x09, 0x55, 0x41, 0x52, 0x32, 0x08, 0x5f, 0x48, 0x49,
	0x44, 0x0c, 0x41, 0xd0, 0x05, 0x00, 0x08, 0x5f, 0x44, 0x44, 0x4e, 0x0d, 0x43, 0x4f, 0x4d, 0x32,
	0x00, 0x14, 0x11, 0x5f, 0x53, 0x54, 0x41, 0x00, 0xa0, 0x08, 0x49, 0x45, 0x52, 0x31, 0xa4, 0x0a,
	0x0f, 0xa4, 0x00, 0x14, 0x45, 0x06, 0x5f, 0x43, 0x52, 0x53, 0x00, 0x08, 0x42, 0x55, 0x46, 0x30,
	0x11, 0x10, 0x0a, 0x0d, 0x47, 0x01, 0xf8, 0x02, 0xf8, 0x02, 0x01, 0x08, 0x22, 0x10, 0x00, 0x79,
	0x00, 0x8c, 0x42, 0x55, 0x46, 0x30, 0x0a, 0x02, 0x49, 0x4f, 0x4c, 0x4f, 0x8c, 0x42, 0x55, 0x46,
	0x30, 0x0a, 0x03, 0x49, 0x4f, 0x48, 0x49, 0x8c, 0x42, 0x55, 0x46, 0x30, 0x0a, 0x04, 0x49, 0x4f,
	0x52, 0x4c, 0x8c, 0x42, 0x55, 0x46, 0x30, 0x0a, 0x05, 0x49, 0x4f, 0x52, 0x48, 0x8b, 0x42, 0x55,
	0x46, 0x30, 0x0a, 0x09, 0x49, 0x52, 0x51, 0x4c, 0x46, 0x52, 0x55, 0x49, 0x57, 0x55, 0x52, 0x31,
	0x49, 0x52, 0x51, 0x4c, 0xa4, 0x42, 0x55, 0x46, 0x30, 0x5b, 0x82, 0x43, 0x09, 0x55, 0x41, 0x52,
	0x33, 0x08, 0x5f, 0x48, 0x49, 0x44, 0x0c, 0x41, 0xd0, 0x05, 0x00, 0x08, 0x5f, 0x44, 0x44, 0x4e,
	0x0d, 0x43, 0x4f, 0x4d, 0x33, 0x00, 0x14, 0x11, 0x5f, 0x53, 0x54, 0x41, 0x00, 0xa0, 0x08, 0x49,
	0x45, 0x52, 0x32, 0xa4, 0x0a, 0x0f, 0xa4, 0x00, 0x14, 0x45, 0x06, 0x5f, 0x43, 0x52, 0x53, 0x00,
	0x08, 0x42, 0x55, 0x46, 0x30, 0x11, 0x10, 0x0a, 0x0d, 0x47, 0x01, 0xe8, 0x03, 0xe8, 0x03, 0x01,
	0x08, 0x22, 0x08, 0x00, 0x79, 0x00, 0x8c, 0x42, 0x55, 0x46, 0x30, 0x0a, 0x02, 0x49, 0x4f, 0x4c,
	0x4f, 0x8c, 0x42, 0x55, 0x46, 0x30, 0x0a, 0x03, 0x49, 0x4f, 0x48, 0x49, 0x8c, 0x42, 0x55, 0x46,
	0x30, 0x0a, 0x04, 0x49, 0x4f, 0x52, 0x4c, 0x8c, 0x42, 0x55, 0x46, 0x30, 0x0a, 0x05, 0x49, 0x4f,
	0x52, 0x48, 0x8b, 0x42, 0x55, 0x46, 0x30, 0x0a, 0x09, 0x49, 0x52, 0x51, 0x4c, 0x46, 0x52, 0x55,
	0x49, 0x57, 0x55, 0x52, 0x32, 0x49, 0x52, 0x51, 0x4c, 0xa4, 0x42, 0x55, 0x46, 0x30, 0x5b, 0x82,
	0x43, 0x09, 0x55, 0x41, 0x52, 0x34, 0x08, 0x5f, 0x48, 0x49, 0x44, 0x0c, 0x41, 0xd0, 0x05, 0x00,
	0x08, 0x5f, 0x44, 0x44, 0x4e, 0x0d, 0x43, 0x4f, 0x4d, 0x34, 0x00, 0x14, 0x11, 0x5f, 0x53, 0x54,
	0x41, 0x00, 0xa0, 0x08, 0x49, 0x45, 0x52, 0x33, 0xa4, 0x0a, 0x0f, 0xa4, 0x00, 0x14, 0x45, 0x06,
	0x5f, 0x43, 0x52, 0x53, 0x00, 0x08, 0x42, 0x55, 0x46, 0x30, 0x11, 0x10, 0x0a, 0x0d, 0x47, 0x01,
	0xf8, 0x03, 0xf8, 0x03, 0x01, 0x08, 0x22, 0x10, 0x00, 0x79, 0x00, 0x8c, 0x42, 0x55, 0x46, 0x30,
	0x0a, 0x02, 0x49, 0x4f, 0x4c, 0x4f, 0x8c, 0x42, 0x55, 0x46, 0x30, 0x0a, 0x03, 0x49, 0x4f, 0x48,
	0x49, 0x8c, 0x42, 0x55, 0x46, 0x30, 0x0a, 0x04, 0x49, 0x4f, 0x52, 0x4c, 0x8c, 0x42, 0x55, 0x46,
	0x30, 0x0a, 0x05, 0x49, 0x4f, 0x52, 0x48, 0x8b, 0x42, 0x55, 0x46, 0x30, 0x0a, 0x09, 0x49, 0x52,
	0x51, 0x4c, 0x46, 0x52, 0x55, 0x49, 0x57, 0x55, 0x52, 0x33, 0x49, 0x52, 0x51, 0x4c, 0xa4, 0x42,
	0x55, 0x46, 0x30, 0x5b, 0x82, 0x4d, 0x54, 0x2e, 0x5f, 0x53, 0x42, 0x5f, 0x54, 0x50, 0x4d, 0x5f,
	0x08, 0x54, 0x4d, 0x52, 0x51, 0x0c, 0xff, 0xff, 0xff, 0xff, 0x08, 0x54, 0x4c, 0x56, 0x4c, 0x0c,
	0xff, 0xff, 0xff, 0xff, 0x14, 0x2f, 0x5f, 0x48, 0x49, 0x44, 0x00, 0xa0, 0x0b, 0x54, 0x43, 0x4d,
	0x46, 0xa4, 0x0c, 0x69, 0x34, 0x01, 0x01, 0xa1, 0x1c, 0xa0, 0x0d, 0x93, 0x54, 0x54, 0x44, 0x50,
	0x00, 0xa4, 0x0c, 0x41, 0xd0, 0x0c, 0x31, 0xa1, 0x0c, 0xa4, 0x0d, 0x4d, 0x53, 0x46, 0x54, 0x30,
	0x31, 0x30, 0x31, 0x00, 0x5b, 0x80, 0x54, 0x4d, 0x4d, 0x42, 0x00, 0x0c, 0x00, 0x00, 0xd4, 0xfe,
	0x0b, 0x00, 0x50, 0x5b, 0x81, 0x41, 0x04, 0x54, 0x4d, 0x4d, 0x42, 0x11, 0x41, 0x43, 0x43, 0x30,
	0x08, 0x00, 0x38, 0x49, 0x4e, 0x54, 0x45, 0x20, 0x49, 0x4e, 0x54, 0x56, 0x08, 0x00, 0x18, 0x49,
	0x4e, 0x54, 0x53, 0x20, 0x49, 0x4e, 0x54, 0x46, 0x20, 0x54, 0x53, 0x54, 0x53, 0x20, 0x00, 0x40,
	0x04, 0x46, 0x49, 0x46, 0x4f, 0x20, 0x00, 0x40, 0x04, 0x49, 0x44, 0x54, 0x46, 0x20, 0x00, 0x40,
	0x0c, 0x53, 0x43, 0x4d, 0x44, 0x20, 0x14, 0x47, 0x05, 0x5f, 0x53, 0x54, 0x52, 0x00, 0xa0, 0x2a,
	0x93, 0x54, 0x54, 0x44, 0x50, 0x00, 0xa4, 0x11, 0x21, 0x0a, 0x1e, 0x54, 0x00, 0x50, 0x00, 0x4d,
	0x00, 0x20, 0x00, 0x31, 0x00, 0x2e, 0x00, 0x32, 0x00, 0x20, 0x00, 0x44, 0x00, 0x65, 0x00, 0x76,
	0x00, 0x69, 0x00, 0x63, 0x00, 0x65, 0x00, 0x00, 0x00, 0xa1, 0x24, 0xa4, 0x11, 0x21, 0x0a, 0x1e,
	0x54, 0x00, 0x50, 0x00, 0x4d, 0x00, 0x20, 0x00, 0x32, 0x00, 0x2e, 0x00, 0x30, 0x00, 0x20, 0x00,
	0x44, 0x00, 0x65, 0x00, 0x76, 0x00, 0x69, 0x00, 0x63, 0x00, 0x65, 0x00, 0x00, 0x00, 0x08, 0x5f,
	0x55, 0x49, 0x44, 0x01, 0x08, 0x43, 0x52, 0x53, 0x54, 0x11, 0x1d, 0x0a, 0x1a, 0x86, 0x09, 0x00,
	0x00, 0x00, 0x00, 0x00, 0x00, 0x00, 0x10, 0x00, 0x00, 0x86, 0x09, 0x00, 0x00, 0x00, 0x00, 0xd7,
	0xfe, 0x00, 0x10, 0x00, 0x00, 0x79, 0x00, 0x08, 0x43, 0x52, 0x53, 0x44, 0x11, 0x11, 0x0a, 0x0e,
	0x86, 0x09, 0x00, 0x01, 0x00, 0x00, 0xd4, 0xfe, 0x00, 0x50, 0x00, 0x00, 0x79, 0x00, 0x08, 0x43,
	0x52, 0x49, 0x44, 0x11, 0x11, 0x0a, 0x0e, 0x86, 0x09, 0x00, 0x01, 0x00, 0x00, 0xd4, 0xfe, 0x00,
	0x50, 0x00, 0x00, 0x79, 0x00, 0x08, 0x43, 0x52, 0x45, 0x49, 0x11, 0x34, 0x0a, 0x31, 0x86, 0x09,
	0x00, 0x01, 0x00, 0x00, 0xd4, 0xfe, 0x00, 0x50, 0x00, 0x00, 0x8c, 0x20, 0x00, 0x01, 0x00, 0x01,
	0x00, 0x12, 0x00, 0x03, 0x00, 0x00, 0x00, 0x00, 0x17, 0x00, 0x00, 0x19, 0x00, 0x23, 0x00, 0x00,
	0x00, 0x00, 0x00, 0x5c, 0x5f, 0x53, 0x42, 0x2e, 0x47, 0x50, 0x49, 0x4f, 0x00, 0x79, 0x00, 0x14,
	0x43, 0x15, 0x5f, 0x43, 0x52, 0x53, 0x08, 0xa0, 0x4d, 0x05, 0x93, 0x41, 0x4d, 0x44, 0x54, 0x01,
	0x8a, 0x43, 0x52, 0x53, 0x54, 0x0a, 0x04, 0x4d, 0x54, 0x46, 0x42, 0x8a, 0x43, 0x52, 0x53, 0x54,
	0x0a, 0x08, 0x4c, 0x54, 0x46, 0x42, 0x70, 0x54, 0x50, 0x4d, 0x42, 0x4d, 0x54, 0x46, 0x42, 0x70,
	0x54, 0x50, 0x42, 0x53, 0x4c, 0x54, 0x46, 0x42, 0x8a, 0x43, 0x52, 0x53, 0x54, 0x0a, 0x10, 0x4d,
	0x54, 0x46, 0x43, 0x8a, 0x43, 0x52, 0x53, 0x54, 0x0a, 0x14, 0x4c, 0x54, 0x46, 0x43, 0x70, 0x54,
	0x50, 0x4d, 0x43, 0x4d, 0x54, 0x46, 0x43, 0x70, 0x54, 0x50, 0x43, 0x53, 0x4c, 0x54, 0x46, 0x43,
	0xa4, 0x43, 0x52, 0x53, 0x54, 0xa1, 0x48, 0x0e, 0xa0, 0x34, 0x93, 0x44, 0x54, 0x50, 0x54, 0x01,
	0x8a, 0x43, 0x52, 0x53, 0x44, 0x0a, 0x04, 0x4d, 0x54, 0x46, 0x45, 0x8a, 0x43, 0x52, 0x53, 0x44,
	0x0a, 0x08, 0x4c, 0x54, 0x46, 0x45, 0x70, 0x0c, 0x00, 0x00, 0xd4, 0xfe, 0x4d, 0x54, 0x46, 0x45,
	0x70, 0x0b, 0x00, 0x50, 0x4c, 0x54, 0x46, 0x45, 0xa4, 0x43, 0x52, 0x53, 0x44, 0xa1, 0x4f, 0x09,
	0xa0, 0x49, 0x07, 0x93, 0x54, 0x54, 0x50, 0x46, 0x01, 0xa0, 0x41, 0x04, 0x90, 0x93, 0x54, 0x4d,
	0x52, 0x51, 0x00, 0x92, 0x93, 0x54, 0x4d, 0x52, 0x51, 0x0c, 0xff, 0xff, 0xff, 0xff, 0x8a, 0x43,
	0x52, 0x49, 0x44, 0x0a, 0x04, 0x4d, 0x54, 0x46, 0x44, 0x8a, 0x43, 0x52, 0x49, 0x44, 0x0a, 0x08,
	0x4c, 0x54, 0x46, 0x44, 0x70, 0x0c, 0x00, 0x00, 0xd4, 0xfe, 0x4d, 0x54, 0x46, 0x44, 0x70, 0x0b,
	0x00, 0x50, 0x4c, 0x54, 0x46, 0x44, 0xa4, 0x43, 0x52, 0x49, 0x44, 0xa1, 0x2e, 0x8b, 0x43, 0x52,
	0x45, 0x49, 0x0a, 0x23, 0x4c, 0x49, 0x52, 0x51, 0x8d, 0x43, 0x52, 0x45, 0x49, 0x0a, 0x99, 0x4c,
	0x4c, 0x56, 0x4c, 0x70, 0x54, 0x4d, 0x52, 0x51, 0x4c, 0x49, 0x52, 0x51, 0x70, 0x54, 0x4c, 0x56,
	0x4c, 0x4c, 0x4c, 0x56, 0x4c, 0xa4, 0x43, 0x52, 0x45, 0x49, 0xa1, 0x22, 0xa0, 0x20, 0x93, 0x54,
	0x54, 0x50, 0x46, 0x00, 0x8a, 0x43, 0x52, 0x53, 0x54, 0x0a, 0x10, 0x4d, 0x54, 0x46, 0x46, 0x70,
	0x46, 0x54, 0x50, 0x4d, 0x4d, 0x54, 0x46, 0x46, 0xa4, 0x43, 0x52, 0x53, 0x54, 0x70, 0x00, 0x4d,
	0x54, 0x46, 0x45, 0x70, 0x00, 0x4c, 0x54, 0x46, 0x45, 0xa4, 0x43, 0x52, 0x49, 0x44, 0xa4, 0x43,
	0x52, 0x49, 0x44, 0x14, 0x4f, 0x0e, 0x5f, 0x53, 0x52, 0x53, 0x09, 0xa0, 0x47, 0x0e, 0x90, 0x92,
	0x93, 0x54, 0x4d, 0x52, 0x51, 0x00, 0x92, 0x93, 0x54, 0x4d, 0x52, 0x51, 0x0c, 0xff, 0xff, 0xff,
	0xff, 0x8b, 0x68, 0x0a, 0x23, 0x49, 0x52, 0x51, 0x30, 0x8b, 0x43, 0x52, 0x45, 0x49, 0x0a, 0x23,
	0x4c, 0x49, 0x52, 0x51, 0x70, 0x49, 0x52, 0x51, 0x30, 0x4c, 0x49, 0x52, 0x51, 0x70, 0x49, 0x52,
	0x51, 0x30, 0x54, 0x4d, 0x52, 0x51, 0x8d, 0x68, 0x0a, 0x98, 0x49, 0x54, 0x52, 0x47, 0x8d, 0x43,
	0x52, 0x45, 0x49, 0x0a, 0x98, 0x4c, 0x54, 0x52, 0x47, 0x70, 0x49, 0x54, 0x52, 0x47, 0x4c, 0x54,
	0x52, 0x47, 0x8d, 0x68, 0x0a, 0x99, 0x49, 0x4c, 0x56, 0x4c, 0x8d, 0x43, 0x52, 0x45, 0x49, 0x0a,
	0x99, 0x4c, 0x4c, 0x56, 0x4c, 0x70, 0x49, 0x4c, 0x56, 0x4c, 0x4c, 0x4c, 0x56, 0x4c, 0xa0, 0x44,
	0x07, 0x91, 0x93, 0x7b, 0x49, 0x44, 0x54, 0x46, 0x0a, 0x0f, 0x00, 0x00, 0x93, 0x7b, 0x49, 0x44,
	0x54, 0x46, 0x0a, 0x0f, 0x00, 0x0a, 0x0f, 0xa0, 0x15, 0x95, 0x49, 0x52, 0x51, 0x30, 0x0a, 0x10,
	0x70, 0x7b, 0x49, 0x52, 0x51, 0x30, 0x0a, 0x0f, 0x00, 0x49, 0x4e, 0x54, 0x56, 0xa0, 0x12, 0x93,
	0x49, 0x54, 0x52, 0x47, 0x01, 0x7d, 0x49, 0x4e, 0x54, 0x45, 0x0a, 0x10, 0x49, 0x4e, 0x54, 0x45,
	0xa1, 0x0f, 0x7b, 0x49, 0x4e, 0x54, 0x45, 0x0c, 0xef, 0xff, 0xff, 0xff, 0x49, 0x4e, 0x54, 0x45,
	0xa0, 0x12, 0x93, 0x49, 0x4c, 0x56, 0x4c, 0x00, 0x7d, 0x49, 0x4e, 0x54, 0x45, 0x0a, 0x08, 0x49,
	0x4e, 0x54, 0x45, 0xa1, 0x0f, 0x7b, 0x49, 0x4e, 0x54, 0x45, 0x0c, 0xf7, 0xff, 0xff, 0xff, 0x49,
	0x4e, 0x54, 0x45, 0x5b, 0x80, 0x43, 0x52, 0x42, 0x44, 0x00, 0x54, 0x50, 0x4d, 0x4d, 0x0a, 0x48,
	0x5b, 0x81, 0x1a, 0x43, 0x52, 0x42, 0x44, 0x00, 0x00, 0x20, 0x48, 0x45, 0x52, 0x52, 0x20, 0x00,
	0x40, 0x1c, 0x48, 0x43, 0x4d, 0x44, 0x20, 0x48, 0x53, 0x54, 0x53, 0x20, 0x14, 0x30, 0x5f, 0x53,
	0x54, 0x41, 0x00, 0xa0, 0x12, 0x93, 0x54, 0x54, 0x44, 0x50, 0x00, 0xa0, 0x08, 0x54, 0x50, 0x4d,
	0x46, 0xa4, 0x0a, 0x0f, 0xa4, 0x00, 0xa1, 0x14, 0xa0, 0x12, 0x93, 0x54, 0x54, 0x44, 0x50, 0x01,
	0xa0, 0x08, 0x54, 0x50, 0x4d, 0x46, 0xa4, 0x0a, 0x0f, 0xa4, 0x00, 0xa4, 0x00, 0x14, 0x44, 0x0c,
	0x53, 0x54, 0x52, 0x54, 0x0b, 0x08, 0x5f, 0x54, 0x5f, 0x30, 0x00, 0x5b, 0x80, 0x54, 0x50, 0x4d,
	0x52, 0x00, 0x46, 0x54, 0x50, 0x4d, 0x0b, 0x00, 0x10, 0x5b, 0x81, 0x14, 0x54, 0x50, 0x4d, 0x52,
	0x00, 0x00, 0x20, 0x46, 0x45, 0x52, 0x52, 0x20, 0x00, 0x20, 0x42, 0x45, 0x47, 0x4e, 0x20, 0x08,
	0x54, 0x49, 0x4d, 0x52, 0x00, 0xa0, 0x07, 0x92, 0x93, 0x99, 0x68, 0x00, 0x00, 0xa2, 0x42, 0x08,
	0x01, 0x70, 0x99, 0x69, 0x00, 0x5f, 0x54, 0x5f, 0x30, 0xa0, 0x0c, 0x93, 0x5f, 0x54, 0x5f, 0x30,
	0x00, 0xa4, 0x11, 0x03, 0x01, 0x03, 0xa1, 0x48, 0x06, 0xa0, 0x45, 0x06, 0x93, 0x5f, 0x54, 0x5f,
	0x30, 0x01, 0x70, 0x00, 0x54, 0x49, 0x4d, 0x52, 0xa0, 0x28, 0x93, 0x41, 0x4d, 0x44, 0x54, 0x01,
	0xa2, 0x20, 0x90, 0x93, 0x42, 0x45, 0x47, 0x4e, 0x01, 0x95, 0x54, 0x49, 0x4d, 0x52, 0x0b, 0x00,
	0x02, 0xa0, 0x0f, 0x93, 0x42, 0x45, 0x47, 0x4e, 0x01, 0x5b, 0x22, 0x01, 0x75, 0x54, 0x49, 0x4d,
	0x52, 0xa1, 0x2b, 0xa0, 0x1b, 0x93, 0x7d, 0x7b, 0x48, 0x53, 0x54, 0x53, 0x0a, 0x02, 0x00, 0x7b,
	0x48, 0x53, 0x54, 0x53, 0x01, 0x00, 0x00, 0x0a, 0x03, 0x70, 0x01, 0x48, 0x43, 0x4d, 0x44, 0xa1,
	0x0d, 0x70, 0x01, 0x46, 0x45, 0x52, 0x52, 0x70, 0x00, 0x42, 0x45, 0x47, 0x4e, 0xa4, 0x00, 0xa5,
	0xa4, 0x01, 0x14, 0x4f, 0x05, 0x43, 0x52, 0x59, 0x46, 0x0b, 0x08, 0x5f, 0x54, 0x5f, 0x30, 0x00,
	0xa0, 0x07, 0x92, 0x93, 0x99, 0x68, 0x00, 0x01, 0xa2, 0x44, 0x04, 0x01, 0x70, 0x99, 0x69, 0x00,
	0x5f, 0x54, 0x5f, 0x30, 0xa0, 0x0c, 0x93, 0x5f, 0x54, 0x5f, 0x30, 0x00, 0xa4, 0x11, 0x03, 0x01,
	0x03, 0xa1, 0x2a, 0xa0, 0x28, 0x93, 0x5f, 0x54, 0x5f, 0x30, 0x01, 0x08, 0x54, 0x50, 0x4d, 0x56,
	0x12, 0x09, 0x02, 0x01, 0x12, 0x05, 0x02, 0x01, 0x0a, 0x20, 0xa0, 0x0c, 0x93, 0x5f, 0x53, 0x54,
	0x41, 0x00, 0xa4, 0x12, 0x03, 0x01, 0x00, 0xa4, 0x54, 0x50, 0x4d, 0x56, 0xa5, 0xa4, 0x11, 0x03,
	0x01, 0x00, 0x10, 0x4c, 0x34, 0x2e, 0x5f, 0x53, 0x42, 0x5f, 0x54, 0x50, 0x4d, 0x5f, 0x5b, 0x80,
	0x54, 0x53, 0x4d, 0x49, 0x01, 0x53, 0x4d, 0x49, 0x41, 0x0a, 0x02, 0x5b, 0x81, 0x0b, 0x54, 0x53,
	0x4d, 0x49, 0x02, 0x53, 0x4d, 0x49, 0x5f, 0x10, 0x5b, 0x80, 0x41, 0x54, 0x4e, 0x56, 0x00, 0x50,
	0x50, 0x49, 0x4d, 0x50, 0x50, 0x49, 0x4c, 0x5b, 0x81, 0x29, 0x41, 0x54, 0x4e, 0x56, 0x00, 0x52,
	0x51, 0x53, 0x54, 0x20, 0x52, 0x43, 0x4e, 0x54, 0x20, 0x45, 0x52, 0x52, 0x4f, 0x20, 0x46, 0x4c,
	0x41, 0x47, 0x20, 0x4d, 0x49, 0x53, 0x43, 0x20, 0x4f, 0x50, 0x54, 0x4e, 0x20, 0x53, 0x52, 0x53,
	0x50, 0x20, 0x14, 0x40, 0x28, 0x5f, 0x44, 0x53, 0x4d, 0x0c, 0x08, 0x5f, 0x54, 0x5f, 0x31, 0x00,
	0x08, 0x5f, 0x54, 0x5f, 0x30, 0x00, 0xa0, 0x47, 0x1b, 0x93, 0x68, 0x11, 0x13, 0x0a, 0x10, 0xa6,
	0xfa, 0xdd, 0x3d, 0x1b, 0x36, 0xb4, 0x4e, 0xa4, 0x24, 0x8d, 0x10, 0x08, 0x9d, 0x16, 0x53, 0xa2,
	0x4e, 0x19, 0x01, 0x70, 0x99, 0x6a, 0x00, 0x5f, 0x54, 0x5f, 0x30, 0xa0, 0x0e, 0x93, 0x5f, 0x54,
	0x5f, 0x30, 0x00, 0xa4, 0x11, 0x05, 0x0a, 0x02, 0xff, 0x01, 0xa1, 0x42, 0x18, 0xa0, 0x1d, 0x93,
	0x5f, 0x54, 0x5f, 0x30, 0x01, 0xa0, 0x0d, 0x93, 0x50, 0x50, 0x49, 0x56, 0x00, 0xa4, 0x0d, 0x31,
	0x2e, 0x32, 0x00, 0xa1, 0x07, 0xa4, 0x0d, 0x31, 0x2e, 0x33, 0x00, 0xa1, 0x41, 0x16, 0xa0, 0x3c,
	0x93, 0x5f, 0x54, 0x5f, 0x30, 0x0a, 0x02, 0x70, 0x83, 0x88, 0x6b, 0x00, 0x00, 0x52, 0x51, 0x53,
	0x54, 0x70, 0x00, 0x53, 0x52, 0x53, 0x50, 0x70, 0x0a, 0x02, 0x46, 0x4c, 0x41, 0x47, 0x70, 0x4f,
	0x46, 0x53, 0x54, 0x54, 0x4d, 0x46, 0x31, 0x70, 0x00, 0x53, 0x52, 0x53, 0x50, 0x70, 0x54, 0x4d,
	0x46, 0x31, 0x53, 0x4d, 0x49, 0x5f, 0xa4, 0x53, 0x52, 0x53, 0x50, 0xa1, 0x41, 0x12, 0xa0, 0x23,
	0x93, 0x5f, 0x54, 0x5f, 0x30, 0x0a, 0x03, 0x08, 0x50, 0x50, 0x49, 0x31, 0x12, 0x04, 0x02, 0x00,
	0x00, 0x70, 0x52, 0x51, 0x53, 0x54, 0x88, 0x50, 0x50, 0x49, 0x31, 0x01, 0x00, 0xa4, 0x50, 0x50,
	0x49, 0x31, 0xa1, 0x4a, 0x0f, 0xa0, 0x0d, 0x93, 0x5f, 0x54, 0x5f, 0x30, 0x0a, 0x04, 0xa4, 0x54,
	0x52, 0x53, 0x54, 0xa1, 0x49, 0x0e, 0xa0, 0x48, 0x04, 0x93, 0x5f, 0x54, 0x5f, 0x30, 0x0a, 0x05,
	0x08, 0x50, 0x50, 0x49, 0x32, 0x12, 0x05, 0x03, 0x00, 0x00, 0x00, 0x70, 0x00, 0x53, 0x52, 0x53,
	0x50, 0x70, 0x0a, 0x05, 0x46, 0x4c, 0x41, 0x47, 0x70, 0x4f, 0x46, 0x53, 0x54, 0x53, 0x4d, 0x49,
	0x5f, 0x70, 0x52, 0x43, 0x4e, 0x54, 0x88, 0x50, 0x50, 0x49, 0x32, 0x01, 0x00, 0x70, 0x45, 0x52,
	0x52, 0x4f, 0x88, 0x50, 0x50, 0x49, 0x32, 0x0a, 0x02, 0x00, 0xa4, 0x50, 0x50, 0x49, 0x32, 0xa1,
	0x4d, 0x09, 0xa0, 0x0b, 0x93, 0x5f, 0x54, 0x5f, 0x30, 0x0a, 0x06, 0xa4, 0x0a, 0x03, 0xa1, 0x4e,
	0x08, 0xa0, 0x40, 0x05, 0x93, 0x5f, 0x54, 0x5f, 0x30, 0x0a, 0x07, 0x70, 0x83, 0x88, 0x6b, 0x00,
	0x00, 0x52, 0x51, 0x53, 0x54, 0x70, 0x0a, 0x07, 0x46, 0x4c, 0x41, 0x47, 0x70, 0x00, 0x4f, 0x50,
	0x54, 0x4e, 0xa0, 0x12, 0x93, 0x52, 0x51, 0x53, 0x54, 0x0a, 0x17, 0x99, 0x83, 0x88, 0x6b, 0x01,
	0x00, 0x4f, 0x50, 0x54, 0x4e, 0x70, 0x4f, 0x46, 0x53, 0x54, 0x54, 0x4d, 0x46, 0x31, 0x70, 0x00,
	0x53, 0x52, 0x53, 0x50, 0x70, 0x54, 0x4d, 0x46, 0x31, 0x53, 0x4d, 0x49, 0x5f, 0xa4, 0x53, 0x52,
	0x53, 0x50, 0xa1, 0x3a, 0xa0, 0x36, 0x93, 0x5f, 0x54, 0x5f, 0x30, 0x0a, 0x08, 0x70, 0x83, 0x88,
	0x6b, 0x00, 0x00, 0x52, 0x51, 0x53, 0x54, 0x70, 0x0a, 0x08, 0x46, 0x4c, 0x41, 0x47, 0x70, 0x4f,
	0x46, 0x53, 0x54, 0x54, 0x4d, 0x46, 0x31, 0x70, 0x00, 0x53, 0x52, 0x53, 0x50, 0x70, 0x54, 0x4d,
	0x46, 0x31, 0x53, 0x4d, 0x49, 0x5f, 0xa4, 0x53, 0x52, 0x53, 0x50, 0xa1, 0x01, 0xa5, 0xa1, 0x4f,
	0x06, 0xa0, 0x4c, 0x06, 0x93, 0x68, 0x11, 0x13, 0x0a, 0x10, 0xed, 0x54, 0x60, 0x37, 0x13, 0xcc,
	0x75, 0x46, 0x90, 0x1c, 0x47, 0x56, 0xd7, 0xf2, 0xd4, 0x5d, 0xa2, 0x43, 0x05, 0x01, 0x70, 0x99,
	0x6a, 0x00, 0x5f, 0x54, 0x5f, 0x31, 0xa0, 0x0c, 0x93, 0x5f, 0x54, 0x5f, 0x31, 0x00, 0xa4, 0x11,
	0x03, 0x01, 0x03, 0xa1, 0x39, 0xa0, 0x35, 0x93, 0x5f, 0x54, 0x5f, 0x31, 0x01, 0x70, 0x83, 0x88,
	0x6b, 0x00, 0x00, 0x52, 0x51, 0x53, 0x54, 0x70, 0x0a, 0x09, 0x46, 0x4c, 0x41, 0x47, 0x70, 0x4f,
	0x46, 0x53, 0x54, 0x54, 0x4d, 0x46, 0x31, 0x70, 0x00, 0x53, 0x52, 0x53, 0x50, 0x70, 0x54, 0x4d,
	0x46, 0x31, 0x53, 0x4d, 0x49, 0x5f, 0xa4, 0x53, 0x52, 0x53, 0x50, 0xa1, 0x01, 0xa5, 0xa0, 0x1f,
	0x93, 0x68, 0x11, 0x13, 0x0a, 0x10, 0xa5, 0x16, 0x8e, 0xcf, 0xe8, 0xc1, 0x25, 0x4e, 0xb7, 0x12,
	0x4f, 0x54, 0xa9, 0x67, 0x02, 0xc8, 0xa4, 0x43, 0x52, 0x59, 0x46, 0x69, 0x6a, 0x6b, 0xa0, 0x1f,
	0x93, 0x68, 0x11, 0x13, 0x0a, 0x10, 0xab, 0x6c, 0xbf, 0x6b, 0x63, 0x54, 0x14, 0x47, 0xb7, 0xcd,
	0xf0, 0x20, 0x3c, 0x03, 0x68, 0xd4, 0xa4, 0x53, 0x54, 0x52, 0x54, 0x69, 0x6a, 0x6b, 0xa4, 0x11,
	0x03, 0x01, 0x00, 0x14, 0x4b, 0x06, 0x54, 0x50, 0x54, 0x53, 0x09, 0x08, 0x5f, 0x54, 0x5f, 0x30,
	0x00, 0xa2, 0x48, 0x05, 0x01, 0x70, 0x99, 0x68, 0x00, 0x5f, 0x54, 0x5f, 0x30, 0xa0, 0x24, 0x93,
	0x5f, 0x54, 0x5f, 0x30, 0x0a, 0x04, 0x70, 0x00, 0x52, 0x51, 0x53, 0x54, 0x70, 0x0a, 0x09, 0x46,
	0x4c, 0x41, 0x47, 0x70, 0x00, 0x53, 0x52, 0x53, 0x50, 0x70, 0x4f, 0x46, 0x53, 0x54, 0x53, 0x4d,
	0x49, 0x5f, 0xa1, 0x26, 0xa0, 0x24, 0x93, 0x5f, 0x54, 0x5f, 0x30, 0x0a, 0x05, 0x70, 0x00, 0x52,
	0x51, 0x53, 0x54, 0x70, 0x0a, 0x09, 0x46, 0x4c, 0x41, 0x47, 0x70, 0x00, 0x53, 0x52, 0x53, 0x50,
	0x70, 0x4f, 0x46, 0x53, 0x54, 0x53, 0x4d, 0x49, 0x5f, 0xa5, 0x5b, 0x22, 0x0b, 0x2c, 0x01, 0x10,
	0x88, 0xfc, 0x03, 0x5c, 0x00, 0x5b, 0x82, 0x81, 0xfc, 0x03, 0x41, 0x4d, 0x57, 0x30, 0x08, 0x5f,
	0x48, 0x49, 0x44, 0x0c, 0x41, 0xd0, 0x0c, 0x14, 0x08, 0x5f, 0x55, 0x49, 0x44, 0x0d, 0x41, 0x53,
	0x55, 0x53, 0x57, 0x4d, 0x49, 0x00, 0x08, 0x5f, 0x57, 0x44, 0x47, 0x11, 0x44, 0x05, 0x0a, 0x50,
	0xd0, 0x5e, 0x84, 0x97, 0x6d, 0x4e, 0xde, 0x11, 0x8a, 0x39, 0x08, 0x00, 0x20, 0x0c, 0x9a, 0x66,
	0x42, 0x43, 0x01, 0x02, 0xa0, 0x47, 0x67, 0x46, 0xec, 0x70, 0xde, 0x11, 0x8a, 0x39, 0x08, 0x00,
	0x20, 0x0c, 0x9a, 0x66, 0x42, 0x44, 0x01, 0x02, 0x72, 0x0f, 0xbc, 0xab, 0xa1, 0x8e, 0xd1, 0x11,
	0x00, 0xa0, 0xc9, 0x06, 0x29, 0x10, 0x00, 0x00, 0xd2, 0x00, 0x01, 0x08, 0x21, 0x12, 0x90, 0x05,
	0x66, 0xd5, 0xd1, 0x11, 0xb2, 0xf0, 0x00, 0xa0, 0xc9, 0x06, 0x29, 0x10, 0x4d, 0x4f, 0x01, 0x00,
	0x08, 0x43, 0x43, 0x41, 0x43, 0x00, 0x08, 0x45, 0x43, 0x44, 0x32, 0x00, 0x08, 0x45, 0x49, 0x44,
	0x32, 0x00, 0x14, 0x0c, 0x57, 0x45, 0x44, 0x32, 0x01, 0x70, 0x68, 0x45, 0x43, 0x44, 0x32, 0x14,
	0x47, 0x30, 0x57, 0x4d, 0x42, 0x43, 0x0b, 0x08, 0x5f, 0x54, 0x5f, 0x30, 0x00, 0x70, 0x01, 0x60,
	0xa2, 0x44, 0x2f, 0x01, 0x70, 0x69, 0x5f, 0x54, 0x5f, 0x30, 0xa0, 0x11, 0x93, 0x5f, 0x54, 0x5f,
	0x30, 0x0c, 0x53, 0x50, 0x45, 0x43, 0xa4, 0x53, 0x50, 0x45, 0x43, 0x6a, 0xa1, 0x47, 0x2d, 0xa0,
	0x11, 0x93, 0x5f, 0x54, 0x5f, 0x30, 0x0c, 0x44, 0x45, 0x56, 0x50, 0xa4, 0x44, 0x45, 0x56, 0x50,
	0x6a, 0xa1, 0x42, 0x2c, 0xa0, 0x11, 0x93, 0x5f, 0x54, 0x5f, 0x30, 0x0c, 0x53, 0x44, 0x53, 0x50,
	0xa4, 0x53, 0x44, 0x53, 0x50, 0x6a, 0xa1, 0x4d, 0x2a, 0xa0, 0x11, 0x93, 0x5f, 0x54, 0x5f, 0x30,
	0x0c, 0x47, 0x44, 0x53, 0x50, 0xa4, 0x47, 0x44, 0x53, 0x50, 0x6a, 0xa1, 0x48, 0x29, 0xa0, 0x11,
	0x93, 0x5f, 0x54, 0x5f, 0x30, 0x0c, 0x44, 0x45, 0x56, 0x53, 0xa4, 0x44, 0x45, 0x56, 0x53, 0x6a,
	0xa1, 0x43, 0x28, 0xa0, 0x11, 0x93, 0x5f, 0x54, 0x5f, 0x30, 0x0c, 0x44, 0x43, 0x54, 0x53, 0xa4,
	0x44, 0x53, 0x54, 0x53, 0x6a, 0xa1, 0x4e, 0x26, 0xa0, 0x10, 0x93, 0x5f, 0x54, 0x5f, 0x30, 0x0c,
	0x47, 0x50, 0x49, 0x44, 0xa4, 0x47, 0x50, 0x49, 0x44, 0xa1, 0x4a, 0x25, 0xa0, 0x11, 0x93, 0x5f,
	0x54, 0x5f, 0x30, 0x0c, 0x4b, 0x42, 0x46, 0x54, 0xa4, 0x4b, 0x42, 0x46, 0x54, 0x6a, 0xa1, 0x45,
	0x24, 0xa0, 0x10, 0x93, 0x5f, 0x54, 0x5f, 0x30, 0x0c, 0x48, 0x4b, 0x45, 0x59, 0xa4, 0x48, 0x4b,
	0x45, 0x59, 0xa1, 0x41, 0x23, 0xa0, 0x11, 0x93, 0x5f, 0x54, 0x5f, 0x30, 0x0c, 0x52, 0x52, 0x45,
	0x4c, 0xa4, 0x4c, 0x45, 0x52, 0x52, 0x6a, 0xa1, 0x4c, 0x21, 0xa0, 0x11, 0x93, 0x5f, 0x54, 0x5f,
	0x30, 0x0c, 0x44, 0x4f, 0x42, 0x47, 0xa4, 0x47, 0x42, 0x4f, 0x44, 0x6a, 0xa1, 0x47, 0x20, 0xa0,
	0x11, 0x93, 0x5f, 0x54, 0x5f, 0x30, 0x0c, 0x44, 0x4f, 0x42, 0x53, 0xa4, 0x53, 0x42, 0x4f, 0x44,
	0x6a, 0xa1, 0x42, 0x1f, 0xa0, 0x11, 0x93, 0x5f, 0x54, 0x5f, 0x30, 0x0c, 0x4e, 0x4f, 0x42, 0x47,
	0xa4, 0x47, 0x42, 0x4f, 0x4e, 0x6a, 0xa1, 0x4d, 0x1d, 0xa0, 0x11, 0x93, 0x5f, 0x54, 0x5f, 0x30,
	0x0c, 0x57, 0x50, 0x41, 0x53, 0xa4, 0x53, 0x41, 0x50, 0x57, 0x6a, 0xa1, 0x48, 0x1c, 0xa0, 0x11,
	0x93, 0x5f, 0x54, 0x5f, 0x30, 0x0c, 0x57, 0x50, 0x55, 0x53, 0xa4, 0x53, 0x55, 0x50, 0x57, 0x6a,
	0xa1, 0x43, 0x1b, 0xa0, 0x11, 0x93, 0x5f, 0x54, 0x5f, 0x30, 0x0c, 0x58, 0x50, 0x55, 0x53, 0xa4,
	0x47, 0x4c, 0x42, 0x4e, 0x6a, 0xa1, 0x4e, 0x19, 0xa0, 0x11, 0x93, 0x5f, 0x54, 0x5f, 0x30, 0x0c,
	0x59, 0x50, 0x55, 0x53, 0xa4, 0x49, 0x53, 0x4c, 0x47, 0x6a, 0xa1, 0x49, 0x18, 0xa0, 0x11, 0x93,
	0x5f, 0x54, 0x5f, 0x30, 0x0c, 0x60, 0x50, 0x55, 0x53, 0xa4, 0x47, 0x4c, 0x42, 0x4f, 0x6a, 0xa1,
	0x44, 0x17, 0xa0, 0x11, 0x93, 0x5f, 0x54, 0x5f, 0x30, 0x0c, 0x61, 0x50, 0x55, 0x53, 0xa4, 0x53,
	0x4c, 0x42, 0x4f, 0x6a, 0xa1, 0x4f, 0x15, 0xa0, 0x11, 0x93, 0x5f, 0x54, 0x5f, 0x30, 0x0c, 0x47,
	0x4f, 0x42, 0x53, 0xa4, 0x53, 0x42, 0x4f, 0x47, 0x6a, 0xa1, 0x4a, 0x14, 0xa0, 0x10, 0x93, 0x5f,
	0x54, 0x5f, 0x30, 0x0c, 0x54, 0x46, 0x44, 0x4c, 0xa4, 0x4c, 0x44, 0x46, 0x54, 0xa1, 0x46, 0x13,
	0xa0, 0x11, 0x93, 0x5f, 0x54, 0x5f, 0x30, 0x0c, 0x42, 0x54, 0x46, 0x53, 0xa4, 0x53, 0x46, 0x54,
	0x42, 0x6a, 0xa1, 0x41, 0x12, 0xa0, 0x11, 0x93, 0x5f, 0x54, 0x5f, 0x30, 0x0c, 0x54, 0x46, 0x44,
	0x53, 0xa4, 0x53, 0x44, 0x46, 0x54, 0x6a, 0xa1, 0x4c, 0x10, 0xa0, 0x10, 0x93, 0x5f, 0x54, 0x5f,
	0x30, 0x0c, 0x4d, 0x54, 0x46, 0x53, 0xa4, 0x53, 0x46, 0x54, 0x4d, 0xa1, 0x48, 0x0f, 0xa0, 0x11,
	0x93, 0x5f, 0x54, 0x5f, 0x30, 0x0c, 0x4c, 0x54, 0x43, 0x44, 0xa4, 0x44, 0x43, 0x54, 0x4c, 0x6a,
	0xa1, 0x43, 0x0e, 0xa0, 0x11, 0x93, 0x5f, 0x54, 0x5f, 0x30, 0x0c, 0x4e, 0x41, 0x46, 0x47, 0xa4,
	0x47, 0x46, 0x41, 0x4e, 0x6a, 0xa1, 0x4e, 0x0c, 0xa0, 0x11, 0x93, 0x5f, 0x54, 0x5f, 0x30, 0x0c,
	0x4e, 0x41, 0x46, 0x44, 0xa4, 0x53, 0x46, 0x41, 0x4e, 0x6a, 0xa1, 0x49, 0x0b, 0xa0, 0x11, 0x93,
	0x5f, 0x54, 0x5f, 0x30, 0x0c, 0x56, 0x43, 0x46, 0x47, 0xa4, 0x47, 0x46, 0x43, 0x56, 0x6a, 0xa1,
	0x44, 0x0a, 0xa0, 0x11, 0x93, 0x5f, 0x54, 0x5f, 0x30, 0x0c, 0x56, 0x43, 0x46, 0x44, 0xa4, 0x53,
	0x46, 0x43, 0x56, 0x6a, 0xa1, 0x4f, 0x08, 0xa0, 0x11, 0x93, 0x5f, 0x54, 0x5f, 0x30, 0x0c, 0x57,
	0x50, 0x45, 0x43, 0xa4, 0x43, 0x4b, 0x50, 0x57, 0x6a, 0xa1, 0x4a, 0x07, 0xa0, 0x11, 0x93, 0x5f,
	0x54, 0x5f, 0x30, 0x0c, 0x44, 0x4f, 0x54, 0x47, 0xa4, 0x47, 0x54, 0x4f, 0x44, 0x6a, 0xa1, 0x45,
	0x06, 0xa0, 0x11, 0x93, 0x5f, 0x54, 0x5f, 0x30, 0x0c, 0x44, 0x4f, 0x54, 0x53, 0xa4, 0x53, 0x54,
	0x4f, 0x44, 0x6a, 0xa1, 0x40, 0x05, 0xa0, 0x10, 0x93, 0x5f, 0x54, 0x5f, 0x30, 0x0c, 0x45, 0x59,
	0x50, 0x4f, 0xa4, 0x45, 0x59, 0x50, 0x4f, 0xa1, 0x3c, 0xa0, 0x10, 0x93, 0x5f, 0x54, 0x5f, 0x30,
	0x0c, 0x45, 0x59, 0x50, 0x54, 0xa4, 0x45, 0x59, 0x50, 0x54, 0xa1, 0x29, 0xa0, 0x10, 0x93, 0x5f,
	0x54, 0x5f, 0x30, 0x0c, 0x45, 0x59, 0x50, 0x45, 0xa4, 0x45, 0x59, 0x50, 0x45, 0xa1, 0x16, 0xa0,
	0x10, 0x93, 0x5f, 0x54, 0x5f, 0x30, 0x0c, 0x45, 0x59, 0x50, 0x56, 0xa4, 0x45, 0x59, 0x50, 0x46,
	0xa1, 0x03, 0xa4, 0x00, 0xa5, 0xa4, 0x60, 0x14, 0x08, 0x52, 0x53, 0x4d, 0x42, 0x09, 0xa4, 0x00,
	0x14, 0x08, 0x57, 0x53, 0x4d, 0x42, 0x09, 0xa4, 0x00, 0x14, 0x08, 0x52, 0x53, 0x4d, 0x57, 0x09,
	0xa4, 0x00, 0x14, 0x08, 0x57, 0x53, 0x4d, 0x57, 0x09, 0xa4, 0x00, 0x14, 0x08, 0x52, 0x53, 0x4d,
	0x4b, 0x09, 0xa4, 0x00, 0x14, 0x08, 0x57, 0x53, 0x4d, 0x4b, 0x09, 0xa4, 0x00, 0x5b, 0x01, 0x41,
	0x53, 0x4d, 0x58, 0x00, 0x14, 0x43, 0x04, 0x52, 0x49, 0x4f, 0x42, 0x09, 0xa0, 0x39, 0x93, 0x5b,
	0x23, 0x41, 0x53, 0x4d, 0x58, 0xff, 0xff, 0x00, 0x8b, 0x68, 0x00, 0x57, 0x5f, 0x50, 0x54, 0x5b,
	0x80, 0x54, 0x4d, 0x49, 0x4f, 0x01, 0x57, 0x5f, 0x50, 0x54, 0x01, 0x5b, 0x81, 0x0b, 0x54, 0x4d,
	0x49, 0x4f, 0x01, 0x50, 0x54, 0x30, 0x38, 0x08, 0x70, 0x50, 0x54, 0x30, 0x38, 0x60, 0x5b, 0x27,
	0x41, 0x53, 0x4d, 0x58, 0xa4, 0x60, 0xa4, 0xff, 0x14, 0x4d, 0x04, 0x57, 0x49, 0x4f, 0x42, 0x09,
	0xa0, 0x43, 0x04, 0x93, 0x5b, 0x23, 0x41, 0x53, 0x4d, 0x58, 0xff, 0xff, 0x00, 0x8b, 0x68, 0x00,
	0x57, 0x5f, 0x50, 0x54, 0x8c, 0x68, 0x0a, 0x02, 0x42, 0x5f, 0x44, 0x54, 0x5b, 0x80, 0x54, 0x4d,
	0x49, 0x4f, 0x01, 0x57, 0x5f, 0x50, 0x54, 0x01, 0x5b, 0x81, 0x0b, 0x54, 0x4d, 0x49, 0x4f, 0x01,
	0x50, 0x54, 0x30, 0x38, 0x08, 0x70, 0x42, 0x5f, 0x44, 0x54, 0x50, 0x54, 0x30, 0x38, 0x5b, 0x27,
	0x41, 0x53, 0x4d, 0x58, 0xa4, 0xff, 0x14, 0x44, 0x04, 0x52, 0x49, 0x4f, 0x57, 0x09, 0xa0, 0x3a,
	0x93, 0x5b, 0x23, 0x41, 0x53, 0x4d, 0x58, 0xff, 0xff, 0x00, 0x8b, 0x68, 0x00, 0x57, 0x5f, 0x50,
	0x54, 0x5b, 0x80, 0x54, 0x4d, 0x49, 0x4f, 0x01, 0x57, 0x5f, 0x50, 0x54, 0x0a, 0x02, 0x5b, 0x81,
	0x0b, 0x54, 0x4d, 0x49, 0x4f, 0x02, 0x50, 0x54, 0x31, 0x36, 0x10, 0x70, 0x50, 0x54, 0x31, 0x36,
	0x60, 0x5b, 0x27, 0x41, 0x53, 0x4d, 0x58, 0xa4, 0x60, 0xa4, 0xff, 0x14, 0x4e, 0x04, 0x57, 0x49,
	0x4f, 0x57, 0x09, 0xa0, 0x44, 0x04, 0x93, 0x5b, 0x23, 0x41, 0x53, 0x4d, 0x58, 0xff, 0xff, 0x00,
	0x8b, 0x68, 0x00, 0x57, 0x5f, 0x50, 0x54, 0x8b, 0x68, 0x0a, 0x02, 0x57, 0x5f, 0x44, 0x54, 0x5b,
	0x80, 0x54, 0x4d, 0x49, 0x4f, 0x01, 0x57, 0x5f, 0x50, 0x54, 0x0a, 0x02, 0x5b, 0x81, 0x0b, 0x54,
	0x4d, 0x49, 0x4f, 0x02, 0x50, 0x54, 0x31, 0x36, 0x10, 0x70, 0x57, 0x5f, 0x44, 0x54, 0x50, 0x54,
	0x31, 0x36, 0x5b, 0x27, 0x41, 0x53, 0x4d, 0x58, 0xa4, 0xff, 0x14, 0x44, 0x04, 0x52, 0x49, 0x4f,
	0x44, 0x09, 0xa0, 0x3a, 0x93, 0x5b, 0x23, 0x41, 0x53, 0x4d, 0x58, 0xff, 0xff, 0x00, 0x8b, 0x68,
	0x00, 0x57, 0x5f, 0x50, 0x54, 0x5b, 0x80, 0x54, 0x4d, 0x49, 0x4f, 0x01, 0x57, 0x5f, 0x50, 0x54,
	0x0a, 0x04, 0x5b, 0x81, 0x0b, 0x54, 0x4d, 0x49, 0x4f, 0x03, 0x50, 0x54, 0x33, 0x32, 0x20, 0x70,
	0x50, 0x54, 0x33, 0x32, 0x60, 0x5b, 0x27, 0x41, 0x53, 0x4d, 0x58, 0xa4, 0x60, 0xa4, 0xff, 0x14,
	0x4e, 0x04, 0x57, 0x49, 0x4f, 0x44, 0x09, 0xa0, 0x44, 0x04, 0x93, 0x5b, 0x23, 0x41, 0x53, 0x4d,
	0x58, 0xff, 0xff, 0x00, 0x8b, 0x68, 0x00, 0x57, 0x5f, 0x50, 0x54, 0x8a, 0x68, 0x0a, 0x02, 0x44,
	0x5f, 0x44, 0x54, 0x5b, 0x80, 0x54, 0x4d, 0x49, 0x4f, 0x01, 0x57, 0x5f, 0x50, 0x54, 0x0a, 0x04,
	0x5b, 0x81, 0x0b, 0x54, 0x4d, 0x49, 0x4f, 0x03, 0x50, 0x54, 0x33, 0x32, 0x20, 0x70, 0x44, 0x5f,
	0x44, 0x54, 0x50, 0x54, 0x33, 0x32, 0x5b, 0x27, 0x41, 0x53, 0x4d, 0x58, 0xa4, 0xff, 0x14, 0x44,
	0x0f, 0x52, 0x50, 0x43, 0x49, 0x09, 0x08, 0x5f, 0x54, 0x5f, 0x30, 0x00, 0xa0, 0x44, 0x0e, 0x93,
	0x5b, 0x23, 0x41, 0x53, 0x4d, 0x58, 0xff, 0xff, 0x00, 0x8c, 0x68, 0x00, 0x54, 0x42, 0x55, 0x53,
	0x8c, 0x68, 0x01, 0x54, 0x44, 0x45, 0x56, 0x8c, 0x68, 0x0a, 0x02, 0x54, 0x46, 0x55, 0x4e, 0x8b,
	0x68, 0x0a, 0x04, 0x54, 0x52, 0x45, 0x47, 0x8c, 0x68, 0x0a, 0x06, 0x57, 0x5f, 0x53, 0x5a, 0x70,
	0x54, 0x42, 0x55, 0x53, 0x60, 0x79, 0x60, 0x0a, 0x05, 0x60, 0x72, 0x60, 0x54, 0x44, 0x45, 0x56,
	0x60, 0x79, 0x60, 0x0a, 0x03, 0x60, 0x72, 0x60, 0x54, 0x46, 0x55, 0x4e, 0x60, 0x79, 0x60, 0x0a,
	0x0c, 0x60, 0x72, 0x60, 0x54, 0x52, 0x45, 0x47, 0x60, 0x72, 0x60, 0x50, 0x45, 0x42, 0x53, 0x60,
	0x5b, 0x80, 0x50, 0x43, 0x46, 0x47, 0x00, 0x60, 0x0a, 0x04, 0x5b, 0x81, 0x0b, 0x50, 0x43, 0x46,
	0x47, 0x01, 0x42, 0x43, 0x46, 0x47, 0x08, 0x5b, 0x81, 0x0b, 0x50, 0x43, 0x46, 0x47, 0x02, 0x57,
	0x43, 0x46, 0x47, 0x10, 0x5b, 0x81, 0x0b, 0x50, 0x43, 0x46, 0x47, 0x03, 0x58, 0x43, 0x46, 0x47,
	0x20, 0x70, 0x00, 0x60, 0xa2, 0x44, 0x04, 0x01, 0x70, 0x99, 0x57, 0x5f, 0x53, 0x5a, 0x00, 0x5f,
	0x54, 0x5f, 0x30, 0xa0, 0x0d, 0x93, 0x5f, 0x54, 0x5f, 0x30, 0x01, 0x70, 0x42, 0x43, 0x46, 0x47,
	0x60, 0xa1, 0x26, 0xa0, 0x0e, 0x93, 0x5f, 0x54, 0x5f, 0x30, 0x0a, 0x02, 0x70, 0x57, 0x43, 0x46,
	0x47, 0x60, 0xa1, 0x15, 0xa0, 0x0e, 0x93, 0x5f, 0x54, 0x5f, 0x30, 0x0a, 0x04, 0x70, 0x58, 0x43,
	0x46, 0x47, 0x60, 0xa1, 0x04, 0x70, 0xff, 0x60, 0xa5, 0x5b, 0x27, 0x41, 0x53, 0x4d, 0x58, 0xa4,
	0x60, 0xa4, 0xff, 0x14, 0x45, 0x10, 0x57, 0x50, 0x43, 0x49, 0x09, 0x08, 0x5f, 0x54, 0x5f, 0x30,
	0x00, 0xa0, 0x45, 0x0f, 0x93, 0x5b, 0x23, 0x41, 0x53, 0x4d, 0x58, 0xff, 0xff, 0x00, 0x8c, 0x68,
	0x00, 0x54, 0x42, 0x55, 0x53, 0x8c, 0x68, 0x01, 0x54, 0x44, 0x45, 0x56, 0x8c, 0x68, 0x0a, 0x02,
	0x54, 0x46, 0x55, 0x4e, 0x8b, 0x68, 0x0a, 0x04, 0x54, 0x52, 0x45, 0x47, 0x8c, 0x68, 0x0a, 0x06,
	0x57, 0x5f, 0x53, 0x5a, 0x8a, 0x68, 0x0a, 0x08, 0x54, 0x44, 0x41, 0x54, 0x70, 0x54, 0x42, 0x55,
	0x53, 0x60, 0x79, 0x60, 0x0a, 0x05, 0x60, 0x72, 0x60, 0x54, 0x44, 0x45, 0x56, 0x60, 0x79, 0x60,
	0x0a, 0x03, 0x60, 0x72, 0x60, 0x54, 0x46, 0x55, 0x4e, 0x60, 0x79, 0x60, 0x0a, 0x0c, 0x60, 0x72,
	0x60, 0x54, 0x52, 0x45, 0x47, 0x60, 0x72, 0x60, 0x50, 0x45, 0x42, 0x53, 0x60, 0x5b, 0x80, 0x50,
	0x43, 0x46, 0x47, 0x00, 0x60, 0x0a, 0x04, 0x5b, 0x81, 0x0b, 0x50, 0x43, 0x46, 0x47, 0x01, 0x42,
	0x43, 0x46, 0x47, 0x08, 0x5b, 0x81, 0x0b, 0x50, 0x43, 0x46, 0x47, 0x02, 0x57, 0x43, 0x46, 0x47,
	0x10, 0x5b, 0x81, 0x0b, 0x50, 0x43, 0x46, 0x47, 0x03, 0x58, 0x43, 0x46, 0x47, 0x20, 0x70, 0x00,
	0x60, 0xa2, 0x4d, 0x04, 0x01, 0x70, 0x99, 0x57, 0x5f, 0x53, 0x5a, 0x00, 0x5f, 0x54, 0x5f, 0x30,
	0xa0, 0x10, 0x93, 0x5f, 0x54, 0x5f, 0x30, 0x01, 0x70, 0x54, 0x44, 0x41, 0x54, 0x42, 0x43, 0x46,
	0x47, 0xa1, 0x2c, 0xa0, 0x11, 0x93, 0x5f, 0x54, 0x5f, 0x30, 0x0a, 0x02, 0x70, 0x54, 0x44, 0x41,
	0x54, 0x57, 0x43, 0x46, 0x47, 0xa1, 0x18, 0xa0, 0x11, 0x93, 0x5f, 0x54, 0x5f, 0x30, 0x0a, 0x04,
	0x70, 0x54, 0x44, 0x41, 0x54, 0x58, 0x43, 0x46, 0x47, 0xa1, 0x04, 0x70, 0xff, 0x60, 0xa5, 0x5b,
	0x27, 0x41, 0x53, 0x4d, 0x58, 0xa4, 0x60, 0xa4, 0xff, 0x14, 0x4d, 0x05, 0x52, 0x49, 0x44, 0x58,
	0x09, 0xa0, 0x43, 0x05, 0x93, 0x5b, 0x23, 0x41, 0x53, 0x4d, 0x58, 0xff, 0xff, 0x00, 0x8b, 0x68,
	0x00, 0x57, 0x5f, 0x50, 0x54, 0x8c, 0x68, 0x0a, 0x02, 0x57, 0x5f, 0x49, 0x44, 0x5b, 0x80, 0x54,
	0x4d, 0x49, 0x4f, 0x01, 0x57, 0x5f, 0x50, 0x54, 0x0a, 0x02, 0x5b, 0x81, 0x10, 0x54, 0x4d, 0x49,
	0x4f, 0x01, 0x49, 0x44, 0x58, 0x50, 0x08, 0x44, 0x41, 0x54, 0x50, 0x08, 0x70, 0x99, 0x57, 0x5f,
	0x49, 0x44, 0x00, 0x49, 0x44, 0x58, 0x50, 0x70, 0x44, 0x41, 0x54, 0x50, 0x60, 0x5b, 0x27, 0x41,
	0x53, 0x4d, 0x58, 0xa4, 0x60, 0xa4, 0xff, 0x14, 0x48, 0x06, 0x57, 0x49, 0x44, 0x58, 0x09, 0xa0,
	0x4e, 0x05, 0x93, 0x5b, 0x23, 0x41, 0x53, 0x4d, 0x58, 0xff, 0xff, 0x00, 0x8b, 0x68, 0x00, 0x57,
	0x5f, 0x50, 0x54, 0x8c, 0x68, 0x0a, 0x02, 0x57, 0x5f, 0x49, 0x44, 0x8c, 0x68, 0x0a, 0x03, 0x57,
	0x5f, 0x44, 0x54, 0x5b, 0x80, 0x54, 0x4d, 0x49, 0x4f, 0x01, 0x57, 0x5f, 0x50, 0x54, 0x0a, 0x02,
	0x5b, 0x81, 0x10, 0x54, 0x4d, 0x49, 0x4f, 0x01, 0x49, 0x44, 0x58, 0x50, 0x08, 0x44, 0x41, 0x54,
	0x50, 0x08, 0x70, 0x99, 0x57, 0x5f, 0x49, 0x44, 0x00, 0x49, 0x44, 0x58, 0x50, 0x70, 0x57, 0x5f,
	0x44, 0x54, 0x44, 0x41, 0x54, 0x50, 0x5b, 0x27, 0x41, 0x53, 0x4d, 0x58, 0xa4, 0x00, 0xa4, 0xff,
	0x08, 0x52, 0x47, 0x42, 0x46, 0x11, 0x03, 0x0a, 0x10, 0x8a, 0x52, 0x47, 0x42, 0x46, 0x00, 0x52,
	0x45, 0x41, 0x58, 0x8a, 0x52, 0x47, 0x42, 0x46, 0x0a, 0x04, 0x52, 0x45, 0x42, 0x58, 0x8a, 0x52,
	0x47, 0x42, 0x46, 0x0a, 0x08, 0x52, 0x45, 0x43, 0x58, 0x8a, 0x52, 0x47, 0x42, 0x46, 0x0a, 0x0c,
	0x52, 0x45, 0x44, 0x58, 0x08, 0x4d, 0x52, 0x42, 0x46, 0x11, 0x03, 0x0a, 0x08, 0x8a, 0x4d, 0x52,
	0x42, 0x46, 0x00, 0x4d, 0x45, 0x44, 0x58, 0x8a, 0x4d, 0x52, 0x42, 0x46, 0x0a, 0x04, 0x4d, 0x45,
	0x41, 0x58, 0x14, 0x4d, 0x04, 0x52, 0x44, 0x4d, 0x52, 0x09, 0xa0, 0x43, 0x04, 0x93, 0x5b, 0x23,
	0x41, 0x53, 0x4d, 0x58, 0xff, 0xff, 0x00, 0x8a, 0x68, 0x00, 0x57, 0x5f, 0x49, 0x44, 0x70, 0x5c,
	0x2e, 0x5f, 0x53, 0x42, 0x5f, 0x47, 0x4d, 0x53, 0x52, 0x57, 0x5f, 0x49, 0x44, 0x52, 0x47, 0x42,
	0x46, 0x70, 0x52, 0x45, 0x44, 0x58, 0x4d, 0x45, 0x44, 0x58, 0x70, 0x52, 0x45, 0x41, 0x58, 0x4d,
	0x45, 0x41, 0x58, 0x5b, 0x27, 0x41, 0x53, 0x4d, 0x58, 0xa4, 0x4d, 0x52, 0x42, 0x46, 0xa4, 0xff,
	0x14, 0x40, 0x06, 0x57, 0x52, 0x4d, 0x52, 0x09, 0xa0, 0x46, 0x05, 0x93, 0x5b, 0x23, 0x41, 0x53,
	0x4d, 0x58, 0xff, 0xff, 0x00, 0x8a, 0x68, 0x00, 0x57, 0x5f, 0x49, 0x44, 0x8a, 0x68, 0x0a, 0x04,
	0x57, 0x5f, 0x48, 0x49, 0x8a, 0x68, 0x0a, 0x08, 0x57, 0x5f, 0x4c, 0x57, 0x70, 0x57, 0x5f, 0x49,
	0x44, 0x52, 0x45, 0x43, 0x58, 0x70, 0x57, 0x5f, 0x48, 0x49, 0x52, 0x45, 0x44, 0x58, 0x70, 0x57,
	0x5f, 0x4c, 0x57, 0x52, 0x45, 0x41, 0x58, 0x70, 0x5c, 0x2e, 0x5f, 0x53, 0x42, 0x5f, 0x53, 0x4d,
	0x53, 0x52, 0x52, 0x47, 0x42, 0x46, 0x60, 0x5b, 0x27, 0x41, 0x53, 0x4d, 0x58, 0xa4, 0x60, 0xa4,
	0xff, 0x14, 0x39, 0x52, 0x43, 0x49, 0x44, 0x09, 0xa0, 0x30, 0x93, 0x5b, 0x23, 0x41, 0x53, 0x4d,
	0x58, 0xff, 0xff, 0x00, 0x8a, 0x68, 0x00, 0x57, 0x5f, 0x49, 0x44, 0x70, 0x5c, 0x2e, 0x5f, 0x53,
	0x42, 0x5f, 0x50, 0x52, 0x49, 0x44, 0x57, 0x5f, 0x49, 0x44, 0x52, 0x47, 0x42, 0x46, 0x5b, 0x27,
	0x41, 0x53, 0x4d, 0x58, 0xa4, 0x52, 0x47, 0x42, 0x46, 0xa4, 0xff, 0x14, 0x08, 0x52, 0x44, 0x45,
	0x43, 0x09, 0xa4, 0xff, 0x14, 0x08, 0x57, 0x52, 0x45, 0x43, 0x09, 0xa4, 0xff, 0x14, 0x46, 0x0b,
	0x52, 0x53, 0x49, 0x4f, 0x09, 0xa0, 0x4c, 0x0a, 0x93, 0x5b, 0x23, 0x41, 0x53, 0x4d, 0x58, 0xff,
	0xff, 0x00, 0x8c, 0x68, 0x00, 0x57, 0x5f, 0x4c, 0x4e, 0x8c, 0x68, 0x01, 0x57, 0x5f, 0x49, 0x44,
	0x70, 0xff, 0x60, 0xa0, 0x46, 0x08, 0x93, 0x5b, 0x23, 0x5c, 0x2f, 0x05, 0x5f, 0x53, 0x42, 0x5f,
	0x50, 0x43, 0x49, 0x30, 0x53, 0x42, 0x52, 0x47, 0x53, 0x49, 0x4f, 0x31, 0x4d, 0x55, 0x54, 0x30,
	0xff, 0xff, 0x00, 0x5c, 0x2f, 0x05, 0x5f, 0x53, 0x42, 0x5f, 0x50, 0x43, 0x49, 0x30, 0x53, 0x42,
	0x52, 0x47, 0x53, 0x49, 0x4f, 0x31, 0x45, 0x4e, 0x46, 0x47, 0x57, 0x5f, 0x4c, 0x4e, 0x70, 0x57,
	0x5f, 0x49, 0x44, 0x5c, 0x2f, 0x05, 0x5f, 0x53, 0x42, 0x5f, 0x50, 0x43, 0x49, 0x30, 0x53, 0x42,
	0x52, 0x47, 0x53, 0x49, 0x4f, 0x31, 0x49, 0x4e, 0x44, 0x58, 0x70, 0x5c, 0x2f, 0x05, 0x5f, 0x53,
	0x42, 0x5f, 0x50, 0x43, 0x49, 0x30, 0x53, 0x42, 0x52, 0x47, 0x53, 0x49, 0x4f, 0x31, 0x44, 0x41,
	0x54, 0x41, 0x60, 0x5c, 0x2f, 0x05, 0x5f, 0x53, 0x42, 0x5f, 0x50, 0x43, 0x49, 0x30, 0x53, 0x42,
	0x52, 0x47, 0x53, 0x49, 0x4f, 0x31, 0x45, 0x58, 0x46, 0x47, 0x5b, 0x27, 0x41, 0x53, 0x4d, 0x58,
	0xa4, 0x60, 0xa4, 0xff, 0x14, 0x41, 0x0c, 0x57, 0x53, 0x49, 0x4f, 0x09, 0xa0, 0x47, 0x0b, 0x93,
	0x5b, 0x23, 0x41, 0x53, 0x4d, 0x58, 0xff, 0xff, 0x00, 0x8c, 0x68, 0x00, 0x57, 0x5f, 0x4c, 0x4e,
	0x8c, 0x68, 0x01, 0x57, 0x5f, 0x49, 0x44, 0x8c, 0x68, 0x0a, 0x02, 0x57, 0x5f, 0x44, 0x54, 0x70,
	0xff, 0x60, 0xa0, 0x49, 0x08, 0x93, 0x5b, 0x23, 0x5c, 0x2f, 0x05, 0x5f, 0x53, 0x42, 0x5f, 0x50,
	0x43, 0x49, 0x30, 0x53, 0x42, 0x52, 0x47, 0x53, 0x49, 0x4f, 0x31, 0x4d, 0x55, 0x54, 0x30, 0xff,
	0xff, 0x00, 0x5c, 0x2f, 0x05, 0x5f, 0x53, 0x42, 0x5f, 0x50, 0x43, 0x49, 0x30, 0x53, 0x42, 0x52,
	0x47, 0x53, 0x49, 0x4f, 0x31, 0x45, 0x4e, 0x46, 0x47, 0x57, 0x5f, 0x4c, 0x4e, 0x70, 0x57, 0x5f,
	0x49, 0x44, 0x5c, 0x2f, 0x05, 0x5f, 0x53, 0x42, 0x5f, 0x50, 0x43, 0x49, 0x30, 0x53, 0x42, 0x52,
	0x47, 0x53, 0x49, 0x4f, 0x31, 0x49, 0x4e, 0x44, 0x58, 0x70, 0x57, 0x5f, 0x44, 0x54, 0x5c, 0x2f,
	0x05, 0x5f, 0x53, 0x42, 0x5f, 0x50, 0x43, 0x49, 0x30, 0x53, 0x42, 0x52, 0x47, 0x53, 0x49, 0x4f,
	0x31, 0x44, 0x41, 0x54, 0x41, 0x5c, 0x2f, 0x05, 0x5f, 0x53, 0x42, 0x5f, 0x50, 0x43, 0x49, 0x30,
	0x53, 0x42, 0x52, 0x47, 0x53, 0x49, 0x4f, 0x31, 0x45, 0x58, 0x46, 0x47, 0x5b, 0x27, 0x41, 0x53,
	0x4d, 0x58, 0xa4, 0x60, 0xa4, 0xff, 0x5b, 0x80, 0x53, 0x48, 0x57, 0x4d, 0x01, 0x49, 0x4f, 0x48,
	0x57, 0x0a, 0x0a, 0x5b, 0x81, 0x12, 0x53, 0x48, 0x57, 0x4d, 0x01, 0x00, 0x28, 0x48, 0x49, 0x44,
	0x58, 0x08, 0x48, 0x44, 0x41, 0x54, 0x08, 0x5b, 0x86, 0x12, 0x48, 0x49, 0x44, 0x58, 0x48, 0x44,
	0x41, 0x54, 0x11, 0x00, 0x40, 0x27, 0x42, 0x41, 0x4e, 0x4b, 0x04, 0x5b, 0x86, 0x3a, 0x5c, 0x2f,
	0x05, 0x5f, 0x53, 0x42, 0x5f, 0x50, 0x43, 0x49, 0x30, 0x53, 0x42, 0x52, 0x47, 0x53, 0x49, 0x4f,
	0x31, 0x49, 0x4e, 0x44, 0x58, 0x5c, 0x2f, 0x05, 0x5f, 0x53, 0x42, 0x5f, 0x50, 0x43, 0x49, 0x30,
	0x53, 0x42, 0x52, 0x47, 0x53, 0x49, 0x4f, 0x31, 0x44, 0x41, 0x54, 0x41, 0x01, 0x00, 0x40, 0x14,
	0x00, 0x04, 0x48, 0x4d, 0x4c, 0x4b, 0x01, 0x08, 0x4c, 0x43, 0x4b, 0x53, 0x00, 0x14, 0x4c, 0x08,
	0x52, 0x48, 0x57, 0x4d, 0x09, 0xa0, 0x42, 0x08, 0x93, 0x5b, 0x23, 0x41, 0x53, 0x4d, 0x58, 0xff,
	0xff, 0x00, 0x8c, 0x68, 0x00, 0x57, 0x5f, 0x42, 0x4b, 0x8c, 0x68, 0x01, 0x57, 0x5f, 0x49, 0x44,
	0x5c, 0x2f, 0x05, 0x5f, 0x53, 0x42, 0x5f, 0x50, 0x43, 0x49, 0x30, 0x53, 0x42, 0x52, 0x47, 0x53,
	0x49, 0x4f, 0x31, 0x45, 0x4e, 0x46, 0x47, 0x0a, 0x07, 0x70, 0x48, 0x4d, 0x4c, 0x4b, 0x4c, 0x43,
	0x4b, 0x53, 0x70, 0x00, 0x48, 0x4d, 0x4c, 0x4b, 0x70, 0x57, 0x5f, 0x42, 0x4b, 0x42, 0x41, 0x4e,
	0x4b, 0x70, 0x57, 0x5f, 0x49, 0x44, 0x48, 0x49, 0x44, 0x58, 0x70, 0x48, 0x44, 0x41, 0x54, 0x60,
	0x70, 0x4c, 0x43, 0x4b, 0x53, 0x48, 0x4d, 0x4c, 0x4b, 0x5c, 0x2f, 0x05, 0x5f, 0x53, 0x42, 0x5f,
	0x50, 0x43, 0x49, 0x30, 0x53, 0x42, 0x52, 0x47, 0x53, 0x49, 0x4f, 0x31, 0x45, 0x58, 0x46, 0x47,
	0x5b, 0x27, 0x41, 0x53, 0x4d, 0x58, 0xa4, 0x60, 0xa4, 0xff, 0x14, 0x47, 0x09, 0x57, 0x48, 0x57,
	0x4d, 0x09, 0xa0, 0x4d, 0x08, 0x93, 0x5b, 0x23, 0x41, 0x53, 0x4d, 0x58, 0xff, 0xff, 0x00, 0x8c,
	0x68, 0x00, 0x57, 0x5f, 0x42, 0x4b, 0x8c, 0x68, 0x01, 0x57, 0x5f, 0x49, 0x44, 0x8c, 0x68, 0x0a,
	0x02, 0x57, 0x5f, 0x44, 0x54, 0x5c, 0x2f, 0x05, 0x5f, 0x53, 0x42, 0x5f, 0x50, 0x43, 0x49, 0x30,
	0x53, 0x42, 0x52, 0x47, 0x53, 0x49, 0x4f, 0x31, 0x45, 0x4e, 0x46, 0x47, 0x0a, 0x07, 0x70, 0x48,
	0x4d, 0x4c, 0x4b, 0x4c, 0x43, 0x4b, 0x53, 0x70, 0x00, 0x48, 0x4d, 0x4c, 0x4b, 0x70, 0x57, 0x5f,
	0x42, 0x4b, 0x42, 0x41, 0x4e, 0x4b, 0x70, 0x57, 0x5f, 0x49, 0x44, 0x48, 0x49, 0x44, 0x58, 0x70,
	0x57, 0x5f, 0x44, 0x54, 0x48, 0x44, 0x41, 0x54, 0x70, 0x4c, 0x43, 0x4b, 0x53, 0x48, 0x4d, 0x4c,
	0x4b, 0x5c, 0x2f, 0x05, 0x5f, 0x53, 0x42, 0x5f, 0x50, 0x43, 0x49, 0x30, 0x53, 0x42, 0x52, 0x47,
	0x53, 0x49, 0x4f, 0x31, 0x45, 0x58, 0x46, 0x47, 0x5b, 0x27, 0x41, 0x53, 0x4d, 0x58, 0xa4, 0x00,
	0xa4, 0xff, 0x14, 0x42, 0x04, 0x41, 0x54, 0x4f, 0x48, 0x09, 0x70, 0xff, 0x60, 0xa0, 0x11, 0x90,
	0x92, 0x95, 0x68, 0x0a, 0x61, 0x92, 0x94, 0x68, 0x0a, 0x66, 0x74, 0x68, 0x0a, 0x57, 0x60, 0xa0,
	0x11, 0x90, 0x92, 0x95, 0x68, 0x0a, 0x41, 0x92, 0x94, 0x68, 0x0a, 0x46, 0x74, 0x68, 0x0a, 0x37,
	0x60, 0xa0, 0x11, 0x90, 0x92, 0x95, 0x68, 0x0a, 0x30, 0x92, 0x94, 0x68, 0x0a, 0x39, 0x74, 0x68,
	0x0a, 0x30, 0x60, 0xa4, 0x60, 0x14, 0x33, 0x48, 0x54, 0x4f, 0x41, 0x09, 0x70, 0xff, 0x60, 0xa0,
	0x10, 0x90, 0x92, 0x95, 0x68, 0x00, 0x92, 0x94, 0x68, 0x0a, 0x09, 0x72, 0x68, 0x0a, 0x30, 0x60,
	0xa0, 0x16, 0x90, 0x92, 0x95, 0x68, 0x0a, 0x0a, 0x92, 0x94, 0x68, 0x0a, 0x0f, 0x74, 0x68, 0x0a,
	0x0a, 0x60, 0x72, 0x60, 0x0a, 0x41, 0x60, 0xa4, 0x60, 0x08, 0x53, 0x54, 0x52, 0x42, 0x11, 0x04,
	0x0b, 0x00, 0x01, 0x08, 0x48, 0x45, 0x58, 0x42, 0x11, 0x04, 0x0b, 0x00, 0x01, 0x14, 0x4b, 0x06,
	0x53, 0x54, 0x4f, 0x48, 0x09, 0x70, 0x68, 0x53, 0x54, 0x52, 0x42, 0x8c, 0x68, 0x00, 0x44, 0x43,
	0x4e, 0x54, 0x7a, 0x44, 0x43, 0x4e, 0x54, 0x0a, 0x02, 0x44, 0x43, 0x4e, 0x54, 0x70, 0x00, 0x60,
	0xa2, 0x43, 0x04, 0x95, 0x60, 0x44, 0x43, 0x4e, 0x54, 0x72, 0x77, 0x0a, 0x04, 0x60, 0x00, 0x0a,
	0x02, 0x61, 0x72, 0x61, 0x0a, 0x02, 0x62, 0x70, 0x41, 0x54, 0x4f, 0x48, 0x83, 0x88, 0x53, 0x54,
	0x52, 0x42, 0x61, 0x00, 0x63, 0x79, 0x63, 0x0a, 0x04, 0x63, 0x72, 0x63, 0x41, 0x54, 0x4f, 0x48,
	0x83, 0x88, 0x53, 0x54, 0x52, 0x42, 0x62, 0x00, 0x63, 0x70, 0x63, 0x88, 0x48, 0x45, 0x58, 0x42,
	0x60, 0x00, 0x75, 0x60, 0xa4, 0x48, 0x45, 0x58, 0x42, 0x14, 0x48, 0x08, 0x48, 0x54, 0x4f, 0x53,
	0x0a, 0x70, 0x68, 0x48, 0x45, 0x58, 0x42, 0x79, 0x69, 0x0a, 0x02, 0x88, 0x53, 0x54, 0x52, 0x42,
	0x00, 0x00, 0x70, 0x00, 0x88, 0x53, 0x54, 0x52, 0x42, 0x01, 0x00, 0x70, 0x00, 0x60, 0xa2, 0x4e,
	0x05, 0x95, 0x60, 0x69, 0x70, 0x83, 0x88, 0x48, 0x45, 0x58, 0x42, 0x60, 0x00, 0x63, 0x7a, 0x63,
	0x0a, 0x04, 0x64, 0x7b, 0x64, 0x0a, 0x0f, 0x64, 0x7b, 0x63, 0x0a, 0x0f, 0x63, 0x72, 0x77, 0x0a,
	0x04, 0x60, 0x00, 0x0a, 0x02, 0x61, 0x72, 0x61, 0x0a, 0x02, 0x62, 0x70, 0x48, 0x54, 0x4f, 0x41,
	0x64, 0x88, 0x53, 0x54, 0x52, 0x42, 0x61, 0x00, 0x75, 0x61, 0x70, 0x00, 0x88, 0x53, 0x54, 0x52,
	0x42, 0x61, 0x00, 0x70, 0x48, 0x54, 0x4f, 0x41, 0x63, 0x88, 0x53, 0x54, 0x52, 0x42, 0x62, 0x00,
	0x75, 0x62, 0x70, 0x00, 0x88, 0x53, 0x54, 0x52, 0x42, 0x62, 0x00, 0x75, 0x60, 0xa4, 0x53, 0x54,
	0x52, 0x42, 0x08, 0x49, 0x44, 0x42, 0x46, 0x11, 0x03, 0x0a, 0x60, 0x08, 0x4f, 0x53, 0x42, 0x46,
	0x11, 0x03, 0x0a, 0x82, 0x08, 0x4f, 0x44, 0x42, 0x46, 0x11, 0x03, 0x0a, 0x20, 0x08, 0x42, 0x5f,
	0x43, 0x54, 0x00, 0x08, 0x42, 0x5f, 0x42, 0x4b, 0x00, 0x08, 0x42, 0x5f, 0x49, 0x44, 0x00, 0x08,
	0x42, 0x5f, 0x44, 0x54, 0x00, 0x14, 0x4c, 0x10, 0x42, 0x52, 0x49, 0x4f, 0x09, 0x8c, 0x68, 0x00,
	0x57, 0x4c, 0x45, 0x4e, 0x7a, 0x57, 0x4c, 0x45, 0x4e, 0x0a, 0x02, 0x42, 0x5f, 0x43, 0x54, 0xa0,
	0x0a, 0x94, 0x42, 0x5f, 0x43, 0x54, 0x0a, 0x20, 0xa4, 0xff, 0xa0, 0x45, 0x0e, 0x93, 0x5b, 0x23,
	0x41, 0x53, 0x4d, 0x58, 0xff, 0xff, 0x00, 0x70, 0x53, 0x54, 0x4f, 0x48, 0x68, 0x49, 0x44, 0x42,
	0x46, 0x5c, 0x2f, 0x05, 0x5f, 0x53, 0x42, 0x5f, 0x50, 0x43, 0x49, 0x30, 0x53, 0x42, 0x52, 0x47,
	0x53, 0x49, 0x4f, 0x31, 0x45, 0x4e, 0x46, 0x47, 0x0a, 0x07, 0x70, 0x00, 0x60, 0x70, 0x00, 0x61,
	0xa2, 0x4f, 0x07, 0x95, 0x60, 0x42, 0x5f, 0x43, 0x54, 0x70, 0x83, 0x88, 0x49, 0x44, 0x42, 0x46,
	0x60, 0x00, 0x42, 0x5f, 0x42, 0x4b, 0x75, 0x60, 0x70, 0x83, 0x88, 0x49, 0x44, 0x42, 0x46, 0x60,
	0x00, 0x42, 0x5f, 0x49, 0x44, 0x75, 0x60, 0x70, 0x42, 0x5f, 0x42, 0x4b, 0x5c, 0x2f, 0x05, 0x5f,
	0x53, 0x42, 0x5f, 0x50, 0x43, 0x49, 0x30, 0x53, 0x42, 0x52, 0x47, 0x53, 0x49, 0x4f, 0x31, 0x4c,
	0x44, 0x4e, 0x5f, 0x70, 0x42, 0x5f, 0x49, 0x44, 0x5c, 0x2f, 0x05, 0x5f, 0x53, 0x42, 0x5f, 0x50,
	0x43, 0x49, 0x30, 0x53, 0x42, 0x52, 0x47, 0x53, 0x49, 0x4f, 0x31, 0x49, 0x4e, 0x44, 0x58, 0x70,
	0x5c, 0x2f, 0x05, 0x5f, 0x53, 0x42, 0x5f, 0x50, 0x43, 0x49, 0x30, 0x53, 0x42, 0x52, 0x47, 0x53,
	0x49, 0x4f, 0x31, 0x44, 0x41, 0x54, 0x41, 0x88, 0x4f, 0x44, 0x42, 0x46, 0x61, 0x00, 0x75, 0x61,
	0x5c, 0x2f, 0x05, 0x5f, 0x53, 0x42, 0x5f, 0x50, 0x43, 0x49, 0x30, 0x53, 0x42, 0x52, 0x47, 0x53,
	0x49, 0x4f, 0x31, 0x45, 0x58, 0x46, 0x47, 0x70, 0x48, 0x54, 0x4f, 0x53, 0x4f, 0x44, 0x42, 0x46,
	0x61, 0x4f, 0x53, 0x42, 0x46, 0x5b, 0x27, 0x41, 0x53, 0x4d, 0x58, 0xa4, 0x4f, 0x53, 0x42, 0x46,
	0xa4, 0xff, 0x14, 0x42, 0x10, 0x42, 0x57, 0x49, 0x4f, 0x09, 0x8c, 0x68, 0x00, 0x57, 0x4c, 0x45,
	0x4e, 0x7a, 0x57, 0x4c, 0x45, 0x4e, 0x0a, 0x02, 0x42, 0x5f, 0x43, 0x54, 0xa0, 0x0a, 0x94, 0x42,
	0x5f, 0x43, 0x54, 0x0a, 0x20, 0xa4, 0xff, 0xa0, 0x4b, 0x0d, 0x93, 0x5b, 0x23, 0x41, 0x53, 0x4d,
	0x58, 0xff, 0xff, 0x00, 0x70, 0x53, 0x54, 0x4f, 0x48, 0x68, 0x49, 0x44, 0x42, 0x46, 0x5c, 0x2f,
	0x05, 0x5f, 0x53, 0x42, 0x5f, 0x50, 0x43, 0x49, 0x30, 0x53, 0x42, 0x52, 0x47, 0x53, 0x49, 0x4f,
	0x31, 0x45, 0x4e, 0x46, 0x47, 0x0a, 0x07, 0x70, 0x00, 0x60, 0xa2, 0x49, 0x08, 0x95, 0x60, 0x42,
	0x5f, 0x43, 0x54, 0x70, 0x83, 0x88, 0x49, 0x44, 0x42, 0x46, 0x60, 0x00, 0x42, 0x5f, 0x42, 0x4b,
	0x75, 0x60, 0x70, 0x83, 0x88, 0x49, 0x44, 0x42, 0x46, 0x60, 0x00, 0x42, 0x5f, 0x49, 0x44, 0x75,
	0x60, 0x70, 0x83, 0x88, 0x49, 0x44, 0x42, 0x46, 0x60, 0x00, 0x42, 0x5f, 0x44, 0x54, 0x75, 0x60,
	0x70, 0x42, 0x5f, 0x42, 0x4b, 0x5c, 0x2f, 0x05, 0x5f, 0x53, 0x42, 0x5f, 0x50, 0x43, 0x49, 0x30,
	0x53, 0x42, 0x52, 0x47, 0x53, 0x49, 0x4f, 0x31, 0x4c, 0x44, 0x4e, 0x5f, 0x70, 0x42, 0x5f, 0x49,
	0x44, 0x5c, 0x2f, 0x05, 0x5f, 0x53, 0x42, 0x5f, 0x50, 0x43, 0x49, 0x30, 0x53, 0x42, 0x52, 0x47,
	0x53, 0x49, 0x4f, 0x31, 0x49, 0x4e, 0x44, 0x58, 0x70, 0x42, 0x5f, 0x44, 0x54, 0x5c, 0x2f, 0x05,
	0x5f, 0x53, 0x42, 0x5f, 0x50, 0x43, 0x49, 0x30, 0x53, 0x42, 0x52, 0x47, 0x53, 0x49, 0x4f, 0x31,
	0x44, 0x41, 0x54, 0x41, 0x5c, 0x2f, 0x05, 0x5f, 0x53, 0x42, 0x5f, 0x50, 0x43, 0x49, 0x30, 0x53,
	0x42, 0x52, 0x47, 0x53, 0x49, 0x4f, 0x31, 0x45, 0x58, 0x46, 0x47, 0x5b, 0x27, 0x41, 0x53, 0x4d,
	0x58, 0xa4, 0x00, 0xa4, 0xff, 0x14, 0x4b, 0x0e, 0x42, 0x52, 0x48, 0x4d, 0x09, 0x8c, 0x68, 0x00,
	0x57, 0x4c, 0x45, 0x4e, 0x7a, 0x57, 0x4c, 0x45, 0x4e, 0x0a, 0x02, 0x42, 0x5f, 0x43, 0x54, 0xa0,
	0x0a, 0x94, 0x42, 0x5f, 0x43, 0x54, 0x0a, 0x20, 0xa4, 0xff, 0xa0, 0x44, 0x0c, 0x93, 0x5b, 0x23,
	0x41, 0x53, 0x4d, 0x58, 0xff, 0xff, 0x00, 0x70, 0x53, 0x54, 0x4f, 0x48, 0x68, 0x49, 0x44, 0x42,
	0x46, 0x5c, 0x2f, 0x05, 0x5f, 0x53, 0x42, 0x5f, 0x50, 0x43, 0x49, 0x30, 0x53, 0x42, 0x52, 0x47,
	0x53, 0x49, 0x4f, 0x31, 0x45, 0x4e, 0x46, 0x47, 0x0a, 0x07, 0x70, 0x48, 0x4d, 0x4c, 0x4b, 0x4c,
	0x43, 0x4b, 0x53, 0x70, 0x00, 0x48, 0x4d, 0x4c, 0x4b, 0x70, 0x00, 0x60, 0x70, 0x00, 0x61, 0xa2,
	0x46, 0x04, 0x95, 0x60, 0x42, 0x5f, 0x43, 0x54, 0x70, 0x83, 0x88, 0x49, 0x44, 0x42, 0x46, 0x60,
	0x00, 0x42, 0x5f, 0x42, 0x4b, 0x75, 0x60, 0x70, 0x83, 0x88, 0x49, 0x44, 0x42, 0x46, 0x60, 0x00,
	0x42, 0x5f, 0x49, 0x44, 0x75, 0x60, 0x70, 0x42, 0x5f, 0x42, 0x4b, 0x42, 0x41, 0x4e, 0x4b, 0x70,
	0x42, 0x5f, 0x49, 0x44, 0x48, 0x49, 0x44, 0x58, 0x70, 0x48, 0x44, 0x41, 0x54, 0x88, 0x4f, 0x44,
	0x42, 0x46, 0x61, 0x00, 0x75, 0x61, 0x70, 0x4c, 0x43, 0x4b, 0x53, 0x48, 0x4d, 0x4c, 0x4b, 0x5c,
	0x2f, 0x05, 0x5f, 0x53, 0x42, 0x5f, 0x50, 0x43, 0x49, 0x30, 0x53, 0x42, 0x52, 0x47, 0x53, 0x49,
	0x4f, 0x31, 0x45, 0x58, 0x46, 0x47, 0x70, 0x48, 0x54, 0x4f, 0x53, 0x4f, 0x44, 0x42, 0x46, 0x61,
	0x4f, 0x53, 0x42, 0x46, 0x5b, 0x27, 0x41, 0x53, 0x4d, 0x58, 0xa4, 0x4f, 0x53, 0x42, 0x46, 0xa4,
	0xff, 0x14, 0x41, 0x0e, 0x42, 0x57, 0x48, 0x4d, 0x09, 0x8c, 0x68, 0x00, 0x57, 0x4c, 0x45, 0x4e,
	0x7a, 0x57, 0x4c, 0x45, 0x4e, 0x0a, 0x02, 0x42, 0x5f, 0x43, 0x54, 0xa0, 0x0a, 0x94, 0x42, 0x5f,
	0x43, 0x54, 0x0a, 0x20, 0xa4, 0xff, 0xa0, 0x4a, 0x0b, 0x93, 0x5b, 0x23, 0x41, 0x53, 0x4d, 0x58,
	0xff, 0xff, 0x00, 0x70, 0x53, 0x54, 0x4f, 0x48, 0x68, 0x49, 0x44, 0x42, 0x46, 0x5c, 0x2f, 0x05,
	0x5f, 0x53, 0x42, 0x5f, 0x50, 0x43, 0x49, 0x30, 0x53, 0x42, 0x52, 0x47, 0x53, 0x49, 0x4f, 0x31,
	0x45, 0x4e, 0x46, 0x47, 0x0a, 0x07, 0x70, 0x48, 0x4d, 0x4c, 0x4b, 0x4c, 0x43, 0x4b, 0x53, 0x70,
	0x00, 0x48, 0x4d, 0x4c, 0x4b, 0x70, 0x00, 0x60, 0xa2, 0x40, 0x05, 0x95, 0x60, 0x42, 0x5f, 0x43,
	0x54, 0x70, 0x83, 0x88, 0x49, 0x44, 0x42, 0x46, 0x60, 0x00, 0x42, 0x5f, 0x42, 0x4b, 0x75, 0x60,
	0x70, 0x83, 0x88, 0x49, 0x44, 0x42, 0x46, 0x60, 0x00, 0x42, 0x5f, 0x49, 0x44, 0x75, 0x60, 0x70,
	0x83, 0x88, 0x49, 0x44, 0x42, 0x46, 0x60, 0x00, 0x42, 0x5f, 0x44, 0x54, 0x75, 0x60, 0x70, 0x42,
	0x5f, 0x42, 0x4b, 0x42, 0x41, 0x4e, 0x4b, 0x70, 0x42, 0x5f, 0x49, 0x44, 0x48, 0x49, 0x44, 0x58,
	0x70, 0x42, 0x5f, 0x44, 0x54, 0x48, 0x44, 0x41, 0x54, 0x70, 0x4c, 0x43, 0x4b, 0x53, 0x48, 0x4d,
	0x4c, 0x4b, 0x5c, 0x2f, 0x05, 0x5f, 0x53, 0x42, 0x5f, 0x50, 0x43, 0x49, 0x30, 0x53, 0x42, 0x52,
	0x47, 0x53, 0x49, 0x4f, 0x31, 0x45, 0x58, 0x46, 0x47, 0x5b, 0x27, 0x41, 0x53, 0x4d, 0x58, 0xa4,
	0x00, 0xa4, 0xff, 0x08, 0x45, 0x43, 0x42, 0x4b, 0x00, 0x14, 0x08, 0x42, 0x52, 0x45, 0x43, 0x09,
	0xa4, 0xff, 0x14, 0x08, 0x42, 0x57, 0x45, 0x43, 0x09, 0xa4, 0xff, 0x14, 0x46, 0x2a, 0x57, 0x4d,
	0x42, 0x44, 0x0b, 0x08, 0x5f, 0x54, 0x5f, 0x30, 0x00, 0x70, 0x01, 0x60, 0xa2, 0x43, 0x29, 0x01,
	0x70, 0x69, 0x5f, 0x54, 0x5f, 0x30, 0xa0, 0x11, 0x93, 0x5f, 0x54, 0x5f, 0x30, 0x0c, 0x52, 0x53,
	0x4d, 0x42, 0xa4, 0x52, 0x53, 0x4d, 0x42, 0x6a, 0xa1, 0x46, 0x27, 0xa0, 0x11, 0x93, 0x5f, 0x54,
	0x5f, 0x30, 0x0c, 0x57, 0x53, 0x4d, 0x42, 0xa4, 0x57, 0x53, 0x4d, 0x42, 0x6a, 0xa1, 0x41, 0x26,
	0xa0, 0x11, 0x93, 0x5f, 0x54, 0x5f, 0x30, 0x0c, 0x52, 0x53, 0x4d, 0x57, 0xa4, 0x52, 0x53, 0x4d,
	0x57, 0x6a, 0xa1, 0x4c, 0x24, 0xa0, 0x11, 0x93, 0x5f, 0x54, 0x5f, 0x30, 0x0c, 0x57, 0x53, 0x4d,
	0x57, 0xa4, 0x57, 0x53, 0x4d, 0x57, 0x6a, 0xa1, 0x47, 0x23, 0xa0, 0x11, 0x93, 0x5f, 0x54, 0x5f,
	0x30, 0x0c, 0x52, 0x53, 0x4d, 0x4b, 0xa4, 0x52, 0x53, 0x4d, 0x4b, 0x6a, 0xa1, 0x42, 0x22, 0xa0,
	0x11, 0x93, 0x5f, 0x54, 0x5f, 0x30, 0x0c, 0x57, 0x53, 0x4d, 0x4b, 0xa4, 0x57, 0x53, 0x4d, 0x4b,
	0x6a, 0xa1, 0x4d, 0x20, 0xa0, 0x11, 0x93, 0x5f, 0x54, 0x5f, 0x30, 0x0c, 0x42, 0x4f, 0x49, 0x52,
	0xa4, 0x52, 0x49, 0x4f, 0x42, 0x6a, 0xa1, 0x48, 0x1f, 0xa0, 0x11, 0x93, 0x5f, 0x54, 0x5f, 0x30,
	0x0c, 0x42, 0x4f, 0x49, 0x57, 0xa4, 0x57, 0x49, 0x4f, 0x42, 0x6a, 0xa1, 0x43, 0x1e, 0xa0, 0x11,
	0x93, 0x5f, 0x54, 0x5f, 0x30, 0x0c, 0x57, 0x4f, 0x49, 0x52, 0xa4, 0x52, 0x49, 0x4f, 0x57, 0x6a,
	0xa1, 0x4e, 0x1c, 0xa0, 0x11, 0x93, 0x5f, 0x54, 0x5f, 0x30, 0x0c, 0x57, 0x4f, 0x49, 0x57, 0xa4,
	0x57, 0x49, 0x4f, 0x57, 0x6a, 0xa1, 0x49, 0x1b, 0xa0, 0x11, 0x93, 0x5f, 0x54, 0x5f, 0x30, 0x0c,
	0x44, 0x4f, 0x49, 0x52, 0xa4, 0x52, 0x49, 0x4f, 0x44, 0x6a, 0xa1, 0x44, 0x1a, 0xa0, 0x11, 0x93,
	0x5f, 0x54, 0x5f, 0x30, 0x0c, 0x44, 0x4f, 0x49, 0x57, 0xa4, 0x57, 0x49, 0x4f, 0x44, 0x6a, 0xa1,
	0x4f, 0x18, 0xa0, 0x11, 0x93, 0x5f, 0x54, 0x5f, 0x30, 0x0c, 0x49, 0x43, 0x50, 0x52, 0xa4, 0x52,
	0x50, 0x43, 0x49, 0x6a, 0xa1, 0x4a, 0x17, 0xa0, 0x11, 0x93, 0x5f, 0x54, 0x5f, 0x30, 0x0c, 0x49,
	0x43, 0x50, 0x57, 0xa4, 0x57, 0x50, 0x43, 0x49, 0x6a, 0xa1, 0x45, 0x16, 0xa0, 0x11, 0x93, 0x5f,
	0x54, 0x5f, 0x30, 0x0c, 0x58, 0x44, 0x49, 0x52, 0xa4, 0x52, 0x49, 0x44, 0x58, 0x6a, 0xa1, 0x40,
	0x15, 0xa0, 0x11, 0x93, 0x5f, 0x54, 0x5f, 0x30, 0x0c, 0x58, 0x44, 0x49, 0x57, 0xa4, 0x57, 0x49,
	0x44, 0x58, 0x6a, 0xa1, 0x4b, 0x13, 0xa0, 0x11, 0x93, 0x5f, 0x54, 0x5f, 0x30, 0x0c, 0x52, 0x4d,
	0x44, 0x52, 0xa4, 0x52, 0x44, 0x4d, 0x52, 0x6a, 0xa1, 0x46, 0x12, 0xa0, 0x11, 0x93, 0x5f, 0x54,
	0x5f, 0x30, 0x0c, 0x52, 0x4d, 0x52, 0x57, 0xa4, 0x57, 0x52, 0x4d, 0x52, 0x6a, 0xa1, 0x41, 0x11,
	0xa0, 0x11, 0x93, 0x5f, 0x54, 0x5f, 0x30, 0x0c, 0x44, 0x49, 0x43, 0x52, 0xa4, 0x52, 0x43, 0x49,
	0x44, 0x6a, 0xa1, 0x4c, 0x0f, 0xa0, 0x11, 0x93, 0x5f, 0x54, 0x5f, 0x30, 0x0c, 0x43, 0x45, 0x44,
	0x52, 0xa4, 0x52, 0x44, 0x45, 0x43, 0x6a, 0xa1, 0x47, 0x0e, 0xa0, 0x11, 0x93, 0x5f, 0x54, 0x5f,
	0x30, 0x0c, 0x43, 0x45, 0x52, 0x57, 0xa4, 0x57, 0x52, 0x45, 0x43, 0x6a, 0xa1, 0x42, 0x0d, 0xa0,
	0x11, 0x93, 0x5f, 0x54, 0x5f, 0x30, 0x0c, 0x4f, 0x49, 0x53, 0x52, 0xa4, 0x52, 0x53, 0x49, 0x4f,
	0x6a, 0xa1, 0x4d, 0x0b, 0xa0, 0x11, 0x93, 0x5f, 0x54, 0x5f, 0x30, 0x0c, 0x4f, 0x49, 0x53, 0x57,
	0xa4, 0x57, 0x53, 0x49, 0x4f, 0x6a, 0xa1, 0x48, 0x0a, 0xa0, 0x11, 0x93, 0x5f, 0x54, 0x5f, 0x30,
	0x0c, 0x4d, 0x57, 0x48, 0x52, 0xa4, 0x52, 0x48, 0x57, 0x4d, 0x6a, 0xa1, 0x43, 0x09, 0xa0, 0x11,
	0x93, 0x5f, 0x54, 0x5f, 0x30, 0x0c, 0x4d, 0x57, 0x48, 0x57, 0xa4, 0x57, 0x48, 0x57, 0x4d, 0x6a,
	0xa1, 0x4e, 0x07, 0xa0, 0x11, 0x93, 0x5f, 0x54, 0x5f, 0x30, 0x0c, 0x4f, 0x49, 0x52, 0x42, 0xa4,
	0x42, 0x52, 0x49, 0x4f, 0x6a, 0xa1, 0x49, 0x06, 0xa0, 0x11, 0x93, 0x5f, 0x54, 0x5f, 0x30, 0x0c,
	0x4f, 0x49, 0x57, 0x42, 0xa4, 0x42, 0x57, 0x49, 0x4f, 0x6a, 0xa1, 0x44, 0x05, 0xa0, 0x11, 0x93,
	0x5f, 0x54, 0x5f, 0x30, 0x0c, 0x4d, 0x48, 0x52, 0x42, 0xa4, 0x42, 0x52, 0x48, 0x4d, 0x6a, 0xa1,
	0x3f, 0xa0, 0x11, 0x93, 0x5f, 0x54, 0x5f, 0x30, 0x0c, 0x4d, 0x48, 0x57, 0x42, 0xa4, 0x42, 0x57,
	0x48, 0x4d, 0x6a, 0xa1, 0x2b, 0xa0, 0x11, 0x93, 0x5f, 0x54, 0x5f, 0x30, 0x0c, 0x43, 0x45, 0x52,
	0x42, 0xa4, 0x42, 0x52, 0x45, 0x43, 0x6a, 0xa1, 0x17, 0xa0, 0x11, 0x93, 0x5f, 0x54, 0x5f, 0x30,
	0x0c, 0x43, 0x45, 0x57, 0x42, 0xa4, 0x42, 0x57, 0x45, 0x43, 0x6a, 0xa1, 0x03, 0xa4, 0x00, 0xa5,
	0xa4, 0x60, 0x14, 0x13, 0x5f, 0x57, 0x45, 0x44, 0x01, 0xa0, 0x0a, 0x93, 0x68, 0x0a, 0xd2, 0xa4,
	0x45, 0x49, 0x44, 0x32, 0xa4, 0x00, 0x14, 0x23, 0x41, 0x4d, 0x57, 0x52, 0x09, 0x70, 0x00, 0x61,
	0xa0, 0x15, 0x45, 0x43, 0x44, 0x32, 0x70, 0x68, 0x45, 0x49, 0x44, 0x32, 0x86, 0x41, 0x4d, 0x57,
	0x30, 0x0a, 0xd2, 0x70, 0x01, 0x61, 0xa1, 0x01, 0xa4, 0x61, 0x14, 0x0f, 0x41, 0x4d, 0x57, 0x4e,
	0x09, 0x70, 0x41, 0x4d, 0x57, 0x52, 0x68, 0x60, 0xa4, 0x60, 0x08, 0x57, 0x51, 0x4d, 0x4f, 0x11,
	0x89, 0xbd, 0x01, 0x0b, 0xd3, 0x1b, 0x46, 0x4f, 0x4d, 0x42, 0x01, 0x00, 0x00, 0x00, 0xc3, 0x1b,
	0x00, 0x00, 0x60, 0xd4, 0x00, 0x00, 0x44, 0x53, 0x00, 0x01, 0x1a, 0x7d, 0xda, 0x54, 0x28, 0x39,
	0xa4, 0x00, 0x01, 0x06, 0x18, 0x42, 0x10, 0x07, 0x10, 0x0a, 0x2a, 0x9a, 0x42, 0x04, 0x0a, 0x0d,
	0xa1, 0x38, 0x0a, 0x60, 0x30, 0x12, 0x20, 0x24, 0x07, 0x42, 0x2e, 0x98, 0x98, 0x00, 0x11, 0x10,
	0xf2, 0x2a, 0xc0, 0xa6, 0x00, 0x93, 0x20, 0xea, 0xdf, 0x1f, 0xa2, 0x24, 0x38, 0x94, 0x10, 0x08,
	0x49, 0x14, 0x60, 0x5e, 0x80, 0x6e, 0x01, 0x86, 0x05, 0xd8, 0x16, 0x60, 0x5a, 0x80, 0x63, 0x48,
	0x2a, 0x0d, 0x9c, 0x12, 0x58, 0x0a, 0x84, 0x84, 0x0a, 0x50, 0x2e, 0xc0, 0xb7, 0x00, 0xed, 0x88,
	0x92, 0x2c, 0xc0, 0x32, 0x8c, 0x08, 0x3c, 0x8a, 0xc8, 0x46, 0xe3, 0x04, 0x65, 0x43, 0xa3, 0x64,
	0x40, 0xc8, 0xb3, 0x00, 0xeb, 0xc0, 0x84, 0xc0, 0xee, 0x05, 0x98, 0x13, 0xe0, 0x4d, 0x80, 0xb8,
	0x61, 0xc8, 0xda, 0x00, 0x04, 0x55, 0x98, 0x00, 0x5b, 0x30, 0x42, 0xa9, 0x0d, 0x46, 0x28, 0x8d,
	0x21, 0x68, 0x18, 0x46, 0x89, 0x78, 0x48, 0x9d, 0xc1, 0x0a, 0x25, 0x62, 0x98, 0x10, 0x11, 0x2a,
	0xc3, 0x20, 0xc3, 0x0a, 0x15, 0x2d, 0x6e, 0x84, 0xf6, 0x07, 0x41, 0xa2, 0xad, 0x58, 0x43, 0x75,
	0xa4, 0xd1, 0xa0, 0x86, 0x97, 0xe0, 0x70, 0x3d, 0xd4, 0x73, 0xec, 0x5c, 0x80, 0x74, 0x60, 0x81,
	0x04, 0x3f, 0x8b, 0x3a, 0xc7, 0x49, 0x40, 0x12, 0x18, 0xeb, 0xf8, 0xd9, 0xc0, 0xf1, 0xae, 0x01,
	0x35, 0xe3, 0xe3, 0x65, 0x82, 0xe0, 0x50, 0x43, 0xf4, 0x40, 0xc3, 0x9d, 0xc0, 0x21, 0x32, 0x40,
	0xcf, 0xe9, 0x68, 0x30, 0x07, 0x00, 0x3b, 0x9c, 0x8c, 0xee, 0x01, 0xa5, 0x0a, 0x30, 0x3b, 0x66,
	0x59, 0x04, 0xd2, 0x78, 0x0c, 0x7d, 0xba, 0xe7, 0x73, 0xc2, 0x09, 0x2c, 0x7f, 0x10, 0xa8, 0x91,
	0x19, 0xda, 0x06, 0xa7, 0x25, 0xcc, 0x90, 0x87, 0x7f, 0x58, 0x4c, 0x2c, 0x84, 0x3e, 0x08, 0x1e,
	0x0f, 0xbc, 0xff, 0xff, 0x78, 0xc0, 0xa3, 0xf8, 0x4c, 0x20, 0x84, 0x57, 0x82, 0xd8, 0x1e, 0xd0,
	0x73, 0x82, 0x81, 0xb1, 0x03, 0xb2, 0x5f, 0x01, 0x08, 0xc1, 0xcb, 0x1c, 0x91, 0x9c, 0x22, 0x68,
	0x4c, 0xc6, 0x68, 0x15, 0x42, 0x43, 0x08, 0x6d, 0x88, 0xb3, 0x8b, 0x7f, 0xf0, 0x86, 0x39, 0x77,
	0x13, 0x14, 0x39, 0x02, 0x94, 0x98, 0x11, 0xa0, 0x8e, 0x01, 0xd1, 0x43, 0x9f, 0x4d, 0xf4, 0xe3,
	0x89, 0x72, 0x12, 0x07, 0xe4, 0x33, 0x83, 0x11, 0x82, 0x97, 0x7b, 0x48, 0x20, 0x9a, 0xe7, 0xa0,
	0x13, 0xc3, 0x39, 0x1d, 0x02, 0x13, 0xc4, 0xf3, 0x3c, 0x41, 0xa2, 0x2c, 0x55, 0x36, 0x96, 0xea,
	0x41, 0x50, 0x41, 0x40, 0x9a, 0xbb, 0x21, 0x4e, 0xda, 0xc8, 0x81, 0x63, 0x54, 0x3f, 0x6c, 0x2a,
	0x02, 0x4e, 0x87, 0x0d, 0x8f, 0xdb, 0xf1, 0x49, 0x14, 0x7d, 0x40, 0x14, 0xce, 0x61, 0xcf, 0x1c,
	0x14, 0xc4, 0x80, 0x4e, 0x02, 0x21, 0x27, 0x47, 0x01, 0x94, 0x96, 0x71, 0x92, 0x71, 0x9d, 0xda,
	0x9b, 0x80, 0xa7, 0xf5, 0x58, 0x70, 0x18, 0xc7, 0x75, 0xd6, 0x7e, 0x7e, 0xf8, 0xc6, 0xe0, 0xf9,
	0xf8, 0x2e, 0xc0, 0x35, 0x40, 0x68, 0x46, 0x86, 0xb7, 0x1a, 0x40, 0x0a, 0xc6, 0x4f, 0x02, 0x8f,
	0x00, 0x26, 0xb0, 0xae, 0x03, 0x01, 0xf4, 0xcb, 0x86, 0x87, 0xef, 0x13, 0xc6, 0xe3, 0x45, 0x82,
	0xfa, 0xee, 0x03, 0xa0, 0x00, 0xf2, 0x01, 0xc0, 0x4a, 0xef, 0x00, 0x74, 0x0c, 0x21, 0xc2, 0x44,
	0x33, 0x3a, 0x97, 0xb0, 0x52, 0xfd, 0xff, 0x47, 0xcb, 0x0f, 0x2a, 0x1e, 0xad, 0x41, 0x3c, 0x5a,
	0x07, 0x1a, 0x2d, 0xfa, 0x98, 0x61, 0x85, 0xa3, 0x92, 0xcf, 0x09, 0x68, 0xb8, 0x30, 0x08, 0x0a,
	0x3f, 0x70, 0x40, 0x03, 0x3c, 0xbd, 0x37, 0x03, 0xcf, 0xc4, 0x70, 0x9e, 0x2f, 0x87, 0xf3, 0x7c,
	0xf9, 0x70, 0x7c, 0xa0, 0x80, 0x3f, 0x60, 0x2c, 0x41, 0x81, 0x13, 0x06, 0x39, 0x3c, 0x46, 0xf0,
	0x60, 0xa9, 0xac, 0x71, 0xa1, 0xee, 0x07, 0x3e, 0xd1, 0x30, 0xec, 0x43, 0x3d, 0x9a, 0xb7, 0x84,
	0x33, 0x7c, 0x9b, 0x38, 0xa8, 0x77, 0x0f, 0x3b, 0x15, 0x6a, 0xd1, 0x21, 0xac, 0x47, 0xca, 0x61,
	0x8d, 0x16, 0xf6, 0x80, 0x9f, 0x3b, 0x7c, 0xcf, 0xe0, 0x57, 0x1a, 0x1f, 0x43, 0xe8, 0x2a, 0x74,
	0xaa, 0xe0, 0xa2, 0x20, 0x14, 0x6f, 0x2d, 0x1a, 0xfe, 0x59, 0x78, 0x5c, 0xaf, 0x18, 0xbe, 0x02,
	0x3c, 0x9c, 0xf8, 0x0c, 0x10, 0x3f, 0xd0, 0x11, 0xbc, 0x88, 0xf8, 0xec, 0xe3, 0xcb, 0x8b, 0x0f,
	0x19, 0xec, 0x64, 0xc1, 0x43, 0x50, 0x28, 0xc6, 0xe1, 0x00, 0x25, 0x1c, 0x46, 0x70, 0x06, 0xf1,
	0xf0, 0x1c, 0xe4, 0x70, 0x80, 0x3e, 0x07, 0x79, 0x20, 0x6c, 0x10, 0x06, 0x39, 0x8f, 0x97, 0x1f,
	0x76, 0xb1, 0xc0, 0xff, 0xff, 0x2f, 0x16, 0xc0, 0x2b, 0xcd, 0xa0, 0xd0, 0x7a, 0x06, 0x05, 0x01,
	0xe3, 0xf9, 0xc1, 0xe3, 0xf5, 0x6c, 0x3d, 0x2d, 0xf0, 0x8e, 0xd8, 0xe7, 0x0f, 0xe0, 0x1c, 0xfe,
	0xf0, 0x82, 0x8a, 0x3b, 0x24, 0x0a, 0xe2, 0xb3, 0x81, 0xa3, 0x8c, 0x17, 0x3d, 0x13, 0x1f, 0x86,
	0x7c, 0x5c, 0x78, 0xba, 0xc1, 0x1c, 0x3e, 0xc0, 0x3d, 0x12, 0x1f, 0x3e, 0x80, 0xc7, 0xff, 0xff,
	0xf0, 0x01, 0xfc, 0x24, 0x5a, 0xd4, 0x2a, 0xf4, 0xf0, 0x01, 0xae, 0x20, 0x27, 0x24, 0xb4, 0x9c,
	0xc3, 0x07, 0x72, 0x22, 0x61, 0xa2, 0xfb, 0x8c, 0xf4, 0xe2, 0x61, 0x09, 0x07, 0x0f, 0x54, 0x78,
	0x12, 0xc5, 0x3f, 0x15, 0xa0, 0x02, 0x9f, 0x0a, 0x28, 0x88, 0x01, 0x7d, 0xa8, 0x80, 0x33, 0x83,
	0x67, 0x2f, 0xcc, 0x3c, 0x60, 0x9c, 0x91, 0x00, 0x5b, 0x87, 0x0a, 0xf0, 0xfe, 0xff, 0x0f, 0x15,
	0xc0, 0xe1, 0x80, 0x04, 0xc8, 0x92, 0x78, 0x41, 0x7a, 0xa8, 0x00, 0xd7, 0x81, 0xd3, 0x87, 0x0a,
	0x7e, 0x92, 0xb3, 0x28, 0x20, 0x1d, 0xf1, 0x7c, 0xa8, 0x80, 0x71, 0x11, 0x32, 0xfc, 0x2f, 0xdd,
	0xb1, 0x3c, 0x87, 0x91, 0x73, 0x05, 0x3a, 0xf6, 0xc1, 0x00, 0x15, 0x74, 0xf4, 0x14, 0xc4, 0x80,
	0x4e, 0x71, 0x30, 0x40, 0xeb, 0x38, 0x57, 0xa0, 0x8e, 0x71, 0xc0, 0xef, 0xff, 0x7f, 0xa6, 0x00,
	0x4e, 0x22, 0x8e, 0x56, 0xa8, 0xe1, 0x7a, 0xac, 0x06, 0xf1, 0x58, 0x7d, 0x0c, 0xf5, 0x58, 0x71,
	0xdf, 0x00, 0x1f, 0x01, 0xf0, 0x47, 0x27, 0x1c, 0xd8, 0x73, 0x05, 0x60, 0xda, 0xe3, 0xb9, 0x02,
	0x74, 0xd2, 0xce, 0x3e, 0xe8, 0x80, 0x6b, 0xd5, 0x49, 0x0c, 0x7f, 0x8e, 0x63, 0x04, 0x43, 0x1d,
	0xde, 0x28, 0x84, 0xe3, 0x50, 0x28, 0xcc, 0xc9, 0x80, 0xfe, 0xff, 0x8f, 0xb0, 0x04, 0x8e, 0x82,
	0x78, 0x68, 0x0e, 0x73, 0x86, 0x03, 0xcd, 0xb1, 0x00, 0xde, 0xad, 0x82, 0x1d, 0x0b, 0x60, 0x13,
	0xf8, 0x58, 0x00, 0xbe, 0x38, 0xc3, 0x42, 0x8f, 0xd6, 0xf7, 0x3f, 0xdc, 0xfd, 0x21, 0xca, 0x4b,
	0xb1, 0x0f, 0x39, 0x70, 0xc7, 0x05, 0x8e, 0xd3, 0x03, 0xe0, 0xea, 0x20, 0x26, 0xa7, 0xa7, 0x07,
	0x70, 0x25, 0x39, 0x3d, 0xa0, 0x06, 0xec, 0xff, 0xbf, 0x1e, 0x20, 0x9d, 0x13, 0xb0, 0x17, 0x6d,
	0x06, 0x71, 0xa2, 0xcf, 0x23, 0x56, 0x70, 0xc4, 0x41, 0x65, 0x27, 0x51, 0xf2, 0x23, 0x0e, 0x2a,
	0xeb, 0xd8, 0x29, 0x88, 0x01, 0x7d, 0xa2, 0x04, 0x7c, 0xdc, 0x71, 0x80, 0xc5, 0x46, 0x3d, 0x59,
	0x1e, 0x79, 0xb2, 0x14, 0xc4, 0x93, 0xf5, 0xa5, 0x02, 0x38, 0xdc, 0x70, 0x80, 0xfd, 0xff, 0xff,
	0x52, 0x01, 0x94, 0x1c, 0x4a, 0xbd, 0x54, 0x80, 0x4c, 0xde, 0x0d, 0x07, 0x1d, 0x72, 0xad, 0xba,
	0xd7, 0xb1, 0x63, 0xab, 0xc7, 0xed, 0x9b, 0x34, 0x26, 0xd8, 0x0d, 0x07, 0x15, 0x89, 0x42, 0x81,
	0xce, 0x05, 0xa8, 0x08, 0x70, 0x14, 0xc4, 0x43, 0xf3, 0xb9, 0xc0, 0x4a, 0xce, 0x05, 0x68, 0xef,
	0x17, 0x0a, 0x32, 0x38, 0xdf, 0x0b, 0x0c, 0x53, 0xfc, 0x50, 0x74, 0xef, 0xf1, 0xb9, 0x00, 0xdc,
	0x57, 0x1c, 0x70, 0x19, 0x13, 0xa0, 0x0d, 0x92, 0xdc, 0xc3, 0x3d, 0x2e, 0xdc, 0x38, 0x3c, 0xaa,
	0x63, 0x8a, 0xf9, 0x1c, 0x17, 0xe4, 0x39, 0xce, 0xf3, 0xc2, 0x9d, 0x1f, 0x80, 0xdb, 0xff, 0x7f,
	0x60, 0xb0, 0x2e, 0x5c, 0x40, 0x5c, 0xa8, 0x49, 0x89, 0xe7, 0x07, 0x70, 0xdd, 0xba, 0x7d, 0x2f,
	0xc4, 0x49, 0xb9, 0xbb, 0xa2, 0x30, 0x5e, 0x49, 0x62, 0xf8, 0x9e, 0x6a, 0x6c, 0xc3, 0x1c, 0xc0,
	0xa9, 0x18, 0x27, 0xc1, 0xe0, 0x67, 0x07, 0x3a, 0x2e, 0x47, 0x26, 0xd1, 0x6d, 0xdf, 0x47, 0x08,
	0x1e, 0x73, 0xf4, 0x14, 0xc4, 0x80, 0xce, 0x70, 0x52, 0x41, 0xab, 0x00, 0xd1, 0x14, 0x30, 0x37,
	0x57, 0xc0, 0xdf, 0xff, 0xff, 0xe6, 0x0a, 0xb0, 0xc2, 0xa5, 0x42, 0x8d, 0x52, 0x8f, 0x14, 0xe0,
	0xba, 0x03, 0xfa, 0x16, 0x86, 0x93, 0x04, 0xa4, 0x2b, 0xeb, 0x69, 0x3c, 0x00, 0xf8, 0x4a, 0x01,
	0xe3, 0xe2, 0xc9, 0x8e, 0x38, 0xfc, 0x76, 0xed, 0x63, 0x01, 0x30, 0xff, 0xff, 0x5f, 0x09, 0xc1,
	0x7a, 0x2c, 0x00, 0xde, 0x22, 0x5d, 0x5a, 0x34, 0x7b, 0x3f, 0x06, 0xd9, 0xb1, 0x00, 0x2d, 0x0a,
	0x48, 0x1e, 0x67, 0x41, 0x86, 0xf6, 0x58, 0xf6, 0xaa, 0xe7, 0x51, 0x3d, 0x03, 0x44, 0x38, 0x91,
	0x10, 0x09, 0x2c, 0xe3, 0x58, 0x80, 0xa2, 0xf0, 0x25, 0x1e, 0xee, 0xcd, 0x13, 0xce, 0x1c, 0x30,
	0x53, 0x7e, 0x71, 0xe1, 0xe7, 0x02, 0xc0, 0xce, 0xff, 0xff, 0x5c, 0x00, 0x4c, 0x94, 0x2a, 0xb5,
	0x28, 0xf3, 0x7e, 0x0b, 0xde, 0x01, 0xfb, 0x7e, 0xeb, 0x73, 0x01, 0x53, 0x38, 0x0b, 0x21, 0x04,
	0xe9, 0xf3, 0x08, 0xa0, 0x13, 0x80, 0xcf, 0x05, 0xec, 0xb0, 0xe6, 0x73, 0x01, 0x3f, 0x8c, 0x38,
	0xca, 0x79, 0x0d, 0x25, 0x1e, 0x8e, 0x82, 0xf8, 0x82, 0x0b, 0xef, 0x5c, 0x00, 0x38, 0x18, 0x96,
	0x81, 0xf9, 0xb0, 0xf8, 0x5c, 0xe1, 0x1c, 0x85, 0x80, 0xdf, 0x55, 0xe1, 0xc9, 0xd2, 0xe3, 0xf2,
	0xff, 0xff, 0x30, 0xf7, 0xec, 0x08, 0xe4, 0x7d, 0x2a, 0xf4, 0x78, 0x7a, 0x00, 0x57, 0x8e, 0xd3,
	0x03, 0x5a, 0x0d, 0x90, 0x26, 0xf4, 0xf4, 0x00, 0x33, 0xff, 0x51, 0x0d, 0x95, 0xfc, 0x7e, 0x0b,
	0x8a, 0x73, 0x01, 0x38, 0x2e, 0x6b, 0xc0, 0xec, 0x56, 0x80, 0xbd, 0xac, 0x01, 0x8b, 0x0b, 0x0e,
	0xfc, 0xff, 0xff, 0xcd, 0x03, 0xf8, 0x5d, 0x6f, 0x01, 0x59, 0x77, 0x8a, 0xd7, 0x5b, 0x90, 0x49,
	0x5b, 0x85, 0xee, 0x93, 0xb8, 0x80, 0x6b, 0xd1, 0x05, 0x07, 0x0f, 0xff, 0x80, 0xcb, 0x75, 0x5e,
	0x99, 0xc9, 0x21, 0xc0, 0x71, 0x4e, 0xe1, 0xa8, 0x20, 0x14, 0x8a, 0x7d, 0x32, 0x40, 0x05, 0x1d,
	0x3d, 0x05, 0x31, 0xa0, 0x53, 0x5c, 0x5d, 0xd1, 0x3a, 0x6e, 0x5c, 0x9e, 0x82, 0x06, 0x71, 0x46,
	0x67, 0xe5, 0x43, 0x05, 0xf8, 0xff, 0xff, 0xb7, 0x56, 0x30, 0x1d, 0x2a, 0x80, 0xc5, 0xe5, 0x18,
	0xee, 0xa1, 0x02, 0xf0, 0x12, 0xe9, 0xda, 0x82, 0xfe, 0x2c, 0xf8, 0xa2, 0x00, 0x7b, 0x64, 0x60,
	0x3f, 0x2e, 0xf8, 0x82, 0x04, 0x3c, 0xff, 0xff, 0xa7, 0x0f, 0xf0, 0xeb, 0xbc, 0x20, 0x81, 0x4e,
	0xdb, 0xe9, 0x03, 0x9d, 0xf0, 0x82, 0x84, 0x18, 0x55, 0xc8, 0x23, 0x31, 0xf0, 0x91, 0x3d, 0x17,
	0x1a, 0xe1, 0xdd, 0xfc, 0x71, 0xc1, 0xe8, 0x26, 0x98, 0xe7, 0xf4, 0x81, 0x4a, 0x42, 0xa1, 0x24,
	0x47, 0x08, 0x94, 0xf6, 0x23, 0x04, 0x05, 0xf1, 0x75, 0x9d, 0x1f, 0x0e, 0xf0, 0x43, 0x7e, 0x1c,
	0x78, 0x85, 0xf0, 0xa0, 0xd8, 0x44, 0x60, 0xdc, 0x92, 0x80, 0xe7, 0x1d, 0xd5, 0xe3, 0xc2, 0x0d,
	0xc6, 0xc7, 0x87, 0xb3, 0x3a, 0xa5, 0xa3, 0x02, 0x1e, 0x53, 0xf6, 0xa8, 0xc0, 0xf4, 0xff, 0xbf,
	0x4a, 0x01, 0x26, 0x6f, 0x1f, 0xe0, 0xb8, 0x4a, 0x01, 0x1e, 0xbc, 0x0a, 0x35, 0x78, 0x95, 0x02,
	0x99, 0xb2, 0xdb, 0x07, 0x8a, 0xc3, 0xf9, 0x6e, 0x1f, 0x08, 0xab, 0x87, 0x7d, 0x72, 0x02, 0x78,
	0x7f, 0x80, 0x71, 0xf9, 0x00, 0xcb, 0xff, 0xff, 0xf2, 0x01, 0xf0, 0xff, 0xff, 0x7f, 0xf9, 0x00,
	0x4c, 0x59, 0xbd, 0x7c, 0x80, 0x4c, 0xe0, 0xe5, 0x03, 0x35, 0x52, 0xc7, 0x3c, 0x17, 0x22, 0x86,
	0x16, 0xe3, 0x09, 0xe1, 0xf5, 0xa1, 0x63, 0x01, 0xe6, 0x8f, 0x86, 0x00, 0x05, 0xfe, 0xff, 0x47,
	0x43, 0x80, 0xe7, 0x62, 0x0f, 0x20, 0xd0, 0xfe, 0xff, 0x07, 0x10, 0x78, 0xc2, 0x8e, 0x86, 0xe8,
	0x78, 0x6b, 0x11, 0xf0, 0xb3, 0xd0, 0xfb, 0x07, 0x9c, 0x63, 0xc8, 0xeb, 0x82, 0x07, 0xff, 0x0c,
	0xe0, 0x30, 0xa7, 0x0f, 0x54, 0x8c, 0xd3, 0x07, 0xa0, 0x3b, 0xce, 0xe9, 0x03, 0x15, 0xe0, 0xf4,
	0x41, 0x41, 0x7c, 0xfa, 0x00, 0xdc, 0xfc, 0xff, 0x03, 0x0d, 0x05, 0x35, 0x2c, 0x8f, 0xc3, 0x47,
	0x05, 0xfc, 0x41, 0x01, 0x77, 0xf8, 0x00, 0x7e, 0x8a, 0x4f, 0x11, 0xe4, 0xbe, 0xe0, 0x23, 0x83,
	0x0f, 0x1f, 0xc0, 0xdc, 0xec, 0xe1, 0x03, 0x74, 0xe2, 0x0e, 0x1f, 0x28, 0x51, 0x10, 0x8a, 0x78,
	0x98, 0x82, 0x7e, 0xb8, 0xf3, 0xf1, 0xd0, 0xc7, 0x07, 0x72, 0x94, 0x02, 0xea, 0xff, 0xff, 0xa3,
	0x14, 0xc0, 0xa3, 0x9b, 0x02, 0xfc, 0xa3, 0x14, 0xe0, 0xe5, 0xff, 0x7f, 0xfc, 0x00, 0x3e, 0x82,
	0x8f, 0x52, 0xa0, 0x3e, 0x7e, 0xf8, 0x28, 0xe5, 0x6b, 0x2e, 0x3b, 0x7e, 0x80, 0x21, 0xca, 0xf1,
	0x03, 0x15, 0x82, 0x42, 0x21, 0xce, 0x10, 0x28, 0xd9, 0x67, 0x08, 0x0a, 0xe2, 0xe1, 0xf9, 0xf8,
	0x01, 0x98, 0x38, 0x0b, 0xc3, 0x19, 0x2b, 0xfc, 0x63, 0x2e, 0x30, 0xfb, 0xff, 0x1f, 0x73, 0x01,
	0xfe, 0x19, 0x3e, 0x7c, 0x80, 0x2e, 0xd4, 0x3a, 0x74, 0xf8, 0xc0, 0x49, 0x3b, 0x7c, 0x20, 0x8e,
	0x0f, 0x30, 0x90, 0x9e, 0xcf, 0xb0, 0x32, 0x0e, 0x1f, 0x28, 0x0a, 0x42, 0xa3, 0xff, 0xff, 0xd1,
	0x80, 0x47, 0x3e, 0x1a, 0x50, 0x10, 0xb3, 0x39, 0xcf, 0xcd, 0x02, 0xad, 0xe8, 0x0c, 0x8a, 0x9c,
	0x08, 0xbc, 0x53, 0x3b, 0xf0, 0x3c, 0x5a, 0x00, 0x16, 0xcf, 0x53, 0xe0, 0x3c, 0x5a, 0x00, 0x9f,
	0xff, 0xff, 0xd1, 0x02, 0x3c, 0x1e, 0x7d, 0x2a, 0x3c, 0x5a, 0x80, 0xec, 0xcc, 0xe9, 0xa3, 0x05,
	0x1f, 0xb0, 0x45, 0x01, 0x69, 0x62, 0x07, 0xf1, 0xa4, 0x13, 0xf1, 0x7c, 0x83, 0xd6, 0x8c, 0xa2,
	0x71, 0x86, 0x0f, 0xfd, 0x2c, 0x99, 0xc0, 0x32, 0x0e, 0x47, 0x14, 0xc2, 0x14, 0x3e, 0x17, 0x00,
	0xff, 0xe3, 0x3b, 0x3f, 0x17, 0x00, 0x8e, 0xa4, 0x6a, 0x94, 0x28, 0xf3, 0x5c, 0x00, 0xae, 0x0c,
	0x27, 0x18, 0xd4, 0xff, 0x1f, 0xd6, 0x4a, 0x4e, 0x30, 0x08, 0x8d, 0xb7, 0x02, 0x1d, 0x0a, 0x9e,
	0x61, 0x30, 0x04, 0xd3, 0x1f, 0x0b, 0xe8, 0xa0, 0x9c, 0x9b, 0x44, 0xb9, 0x8f, 0x05, 0xa8, 0xa4,
	0xc7, 0x02, 0x0a, 0xe2, 0xc3, 0x32, 0x81, 0x90, 0x91, 0x63, 0x01, 0xea, 0x30, 0xe6, 0x61, 0x30,
	0xad, 0xc3, 0xd0, 0x98, 0x0e, 0xfe, 0xad, 0xc0, 0xd7, 0x85, 0x27, 0x17, 0xf0, 0x8e, 0xd4, 0x87,
	0x02, 0x70, 0x88, 0xbb, 0xb8, 0x00, 0x54, 0xf9, 0xff, 0xdf, 0x28, 0x80, 0x89, 0xc2, 0x1f, 0xc5,
	0x8b, 0x0b, 0xc8, 0x04, 0x5d, 0xe4, 0xd1, 0xb1, 0x6e, 0x14, 0x88, 0x83, 0x54, 0xe8, 0x18, 0x47,
	0x72, 0x1c, 0x91, 0x9f, 0x5d, 0xb0, 0x04, 0xbe, 0x2a, 0xfa, 0x52, 0xc1, 0xe5, 0x53, 0x48, 0xfe,
	0x0d, 0x0b, 0x25, 0xf8, 0x6e, 0x41, 0x41, 0x3c, 0x3a, 0x27, 0xb9, 0x61, 0xa1, 0xb5, 0x80, 0x68,
	0x1e, 0x38, 0x9d, 0xd3, 0xd0, 0xb4, 0x7c, 0xbd, 0x02, 0xa6, 0x21, 0x6e, 0x0f, 0x68, 0x19, 0x20,
	0xba, 0x77, 0xe0, 0xae, 0x8a, 0xc0, 0xec, 0xe8, 0x80, 0x3d, 0x78, 0xf0, 0xff, 0xff, 0x55, 0x11,
	0x60, 0xda, 0xcd, 0x48, 0x57, 0x45, 0xb0, 0x5d, 0xc0, 0x50, 0x57, 0x45, 0x02, 0xa4, 0x9b, 0x11,
	0xe6, 0xea, 0x1a, 0xe4, 0x11, 0xc0, 0x07, 0xc2, 0xe3, 0x0a, 0xf5, 0x74, 0xe4, 0xc9, 0xbc, 0x04,
	0xf0, 0x3b, 0x18, 0xb8, 0xfe, 0xff, 0x77, 0x30, 0x80, 0x11, 0x36, 0x8f, 0x38, 0x40, 0xe4, 0x7c,
	0x63, 0xed, 0x23, 0xd1, 0xd9, 0x20, 0xc8, 0x23, 0x80, 0xc1, 0x7d, 0x0b, 0xf0, 0x10, 0x1e, 0x71,
	0x80, 0xc3, 0x3c, 0x70, 0x47, 0x1c, 0x30, 0xff, 0xff, 0x8f, 0x38, 0x00, 0xff, 0xff, 0xff, 0x07,
	0x0f, 0x30, 0xca, 0x94, 0xea, 0x50, 0xe2, 0xc1, 0x03, 0x5c, 0x12, 0x25, 0x5c, 0x59, 0xb1, 0x41,
	0x57, 0xa2, 0xd3, 0xf3, 0x23, 0x0e, 0x87, 0x3d, 0xb0, 0x97, 0x0e, 0x1f, 0x31, 0x7c, 0xc6, 0x49,
	0xe0, 0x68, 0x80, 0x3a, 0x76, 0xf0, 0x50, 0x30, 0x8a, 0x7d, 0x2e, 0x40, 0x05, 0x3d, 0x17, 0x50,
	0x10, 0x03, 0x3a, 0xc5, 0x65, 0x12, 0x3d, 0x64, 0xcf, 0x82, 0x4d, 0xf5, 0x1c, 0x4e, 0xea, 0x61,
	0x12, 0xf0, 0x15, 0x6e, 0x95, 0x1a, 0x2b, 0x8f, 0x73, 0x70, 0xa1, 0x20, 0xb6, 0x70, 0xa4, 0x00,
	0x62, 0xff, 0xff, 0xc3, 0x24, 0x30, 0x08, 0x72, 0xae, 0x41, 0x5f, 0x59, 0x7c, 0xa6, 0xc2, 0x1d,
	0x3b, 0x80, 0xdf, 0xb1, 0x06, 0x3b, 0x74, 0x58, 0xd7, 0x69, 0x7b, 0xc7, 0x10, 0xe6, 0x53, 0x86,
	0x8f, 0x90, 0x6c, 0x58, 0xe0, 0x86, 0xf2, 0xd0, 0xc1, 0x17, 0x65, 0xe8, 0x68, 0x68, 0xa3, 0xbe,
	0x1f, 0xf8, 0x62, 0x11, 0xf5, 0xf9, 0xc3, 0xa3, 0x02, 0xfb, 0x4f, 0x44, 0x63, 0x07, 0xe1, 0x09,
	0xe6, 0xff, 0xff, 0x04, 0x03, 0xac, 0x75, 0x1a, 0xd4, 0xe8, 0xf1, 0x04, 0x03, 0x2e, 0x51, 0x27,
	0x18, 0xf4, 0xc9, 0xc5, 0x67, 0x3e, 0xcc, 0x09, 0x06, 0x46, 0x98, 0x13, 0x0c, 0x2a, 0x06, 0x8c,
	0x62, 0x1c, 0x43, 0x50, 0xc2, 0x8f, 0x21, 0x14, 0xc4, 0xc7, 0x10, 0x9f, 0x60, 0x00, 0x13, 0x19,
	0x2e, 0x0e, 0x68, 0x15, 0x57, 0x10, 0xe4, 0x25, 0x0c, 0x58, 0xfd, 0xff, 0x6f, 0x0d, 0x30, 0x72,
	0x1c, 0x40, 0xd0, 0x37, 0x74, 0x1f, 0x40, 0x60, 0xcc, 0x09, 0xac, 0x87, 0x02, 0x1f, 0xd4, 0xc0,
	0x76, 0x8a, 0xf7, 0xed, 0x03, 0xfe, 0x98, 0xc0, 0x8a, 0xe4, 0x69, 0x83, 0xed, 0x2c, 0x07, 0x58,
	0x3c, 0xba, 0x60, 0xff, 0xff, 0x67, 0x39, 0xc0, 0xce, 0xd1, 0x45, 0x67, 0x39, 0x90, 0xe9, 0xff,
	0x27, 0xe8, 0x4c, 0x8a, 0x53, 0x01, 0xa4, 0xb3, 0x1c, 0x1b, 0xc7, 0x4b, 0x8a, 0x87, 0xf9, 0x62,
	0xe9, 0x7b, 0x0a, 0x1b, 0x5f, 0x9c, 0xa7, 0x80, 0x17, 0xd0, 0x87, 0x00, 0x67, 0x7e, 0xb2, 0xe8,
	0xf0, 0xc2, 0xd3, 0xc2, 0x48, 0xf9, 0x99, 0x14, 0xa5, 0xf5, 0x4c, 0x4a, 0x41, 0x3c, 0x3a, 0x1f,
	0x5e, 0x00, 0x9b, 0xff, 0xff, 0xc3, 0x0b, 0x30, 0xb8, 0x75, 0x00, 0x0b, 0xc9, 0xbf, 0x0a, 0x5d,
	0x06, 0xb8, 0x48, 0x18, 0x0d, 0xc9, 0x20, 0x06, 0xf4, 0x85, 0x14, 0xf0, 0x72, 0xdd, 0xf3, 0x95,
	0x01, 0x7f, 0xf5, 0x61, 0xa7, 0x72, 0xdf, 0x2c, 0x4c, 0xf0, 0xac, 0xec, 0x9b, 0x1c, 0xb8, 0x0f,
	0x0d, 0xe0, 0x1a, 0x14, 0xcc, 0x41, 0x9c, 0x8b, 0xcf, 0x5d, 0x1e, 0x14, 0xfe, 0xff, 0x7f, 0x7d,
	0x01, 0xdf, 0xa0, 0xc0, 0x0f, 0x1b, 0xf0, 0xdd, 0xe0, 0xc0, 0x81, 0xc5, 0xfd, 0xcc, 0x83, 0x02,
	0x16, 0x03, 0x07, 0x16, 0x37, 0x10, 0x0f, 0x0a, 0x5c, 0x97, 0x46, 0x0f, 0x0a, 0x77, 0xcc, 0xb0,
	0x48, 0x40, 0xdd, 0x42, 0x9e, 0x4f, 0x4e, 0x1c, 0x33, 0x2a, 0xb0, 0x7b, 0x18, 0x15, 0xf4, 0xff,
	0xff, 0xa8, 0xc0, 0x35, 0x73, 0xcc, 0xa8, 0xc0, 0x0e, 0xe3, 0x51, 0x81, 0xeb, 0x3e, 0x05, 0xbc,
	0xb5, 0x3a, 0xbc, 0x59, 0x82, 0x4d, 0xeb, 0x7d, 0x0a, 0x9d, 0xf8, 0x61, 0xa1, 0x9b, 0x25, 0xbb,
	0x4f, 0xc1, 0xce, 0x77, 0x9f, 0x42, 0x25, 0x83, 0x51, 0xb2, 0x33, 0x0f, 0x2a, 0xcb, 0x99, 0x87,
	0x82, 0xd8, 0xc4, 0x7d, 0x0a, 0x28, 0xfd, 0xff, 0xef, 0x53, 0x80, 0xbf, 0x41, 0xc3, 0x39, 0x11,
	0xe1, 0x07, 0x0d, 0xd6, 0xab, 0x03, 0x1f, 0x34, 0x78, 0xa6, 0x04, 0xf3, 0xf8, 0x81, 0x99, 0x12,
	0x58, 0x8f, 0x4c, 0xe0, 0x9b, 0x12, 0x9c, 0xe3, 0x10, 0x7e, 0x4a, 0xfc, 0xff, 0x3f, 0x25, 0xb0,
	0x5d, 0x98, 0xc0, 0x37, 0x25, 0x98, 0xa3, 0x06, 0xff, 0x79, 0x09, 0x7c, 0x47, 0x58, 0x4f, 0x09,
	0x77, 0xcb, 0xf5, 0x59, 0x08, 0xc6, 0x98, 0xc0, 0x7a, 0x5c, 0x02, 0xdf, 0x98, 0xe0, 0x0e, 0x1b,
	0xfc, 0x87, 0x25, 0xf0, 0xfd, 0xff, 0x4f, 0xb9, 0x80, 0x45, 0x18, 0x9f, 0x72, 0x01, 0x4f, 0xb7,
	0x28, 0x9d, 0x72, 0x41, 0x96, 0x66, 0x1d, 0x3a, 0xef, 0xe3, 0x34, 0x01, 0x69, 0x64, 0x27, 0x11,
	0xf1, 0x5d, 0xbf, 0xeb, 0x79, 0xe9, 0xbc, 0xd4, 0x39, 0x82, 0x6e, 0x32, 0xef, 0x00, 0x86, 0xb6,
	0x8a, 0x83, 0x3e, 0x1d, 0x95, 0xf3, 0x93, 0x28, 0xff, 0xb9, 0x00, 0x95, 0xf8, 0x5c, 0x40, 0x41,
	0x0c, 0xe8, 0x38, 0x02, 0xfe, 0xff, 0x27, 0x24, 0xec, 0x4e, 0x7c, 0xad, 0x62, 0x08, 0x87, 0xc4,
	0x06, 0x02, 0xe3, 0x9a, 0x04, 0x56, 0x02, 0xdf, 0xc5, 0x01, 0xe7, 0x83, 0xf1, 0xb5, 0x02, 0x70,
	0xf3, 0xff, 0xbf, 0x56, 0xe0, 0xbc, 0x0a, 0xb5, 0xe8, 0xf0, 0x5a, 0x01, 0x2e, 0x41, 0xab, 0xd0,
	0xb5, 0x02, 0x17, 0x6b, 0x2d, 0xba, 0x8b, 0x33, 0x9f, 0xd0, 0xc2, 0x38, 0x92, 0xe3, 0x88, 0x7c,
	0xc8, 0x2f, 0x10, 0x61, 0x42, 0x3c, 0x90, 0xea, 0x5a, 0x81, 0x8a, 0x40, 0xa1, 0xe8, 0xe7, 0x02,
	0x54, 0xd8, 0xb1, 0x53, 0x10, 0x03, 0x3a, 0xc9, 0xb5, 0x02, 0xad, 0x05, 0x44, 0xb3, 0xc0, 0xe9,
	0x9c, 0x84, 0x26, 0xe5, 0x43, 0x05, 0xe0, 0x2b, 0xc6, 0x35, 0x1e, 0x25, 0xfc, 0x1a, 0x4f, 0x41,
	0x3c, 0x31, 0x1f, 0x2a, 0x80, 0xf3, 0xff, 0xff, 0xa8, 0x0d, 0x9e, 0x61, 0xe1, 0x64, 0xdc, 0x70,
	0x7c, 0xc6, 0x24, 0xa8, 0x8f, 0xe3, 0xc0, 0xf9, 0xe0, 0x01, 0xbc, 0x25, 0xfa, 0x94, 0x7a, 0x68,
	0x05, 0x99, 0x98, 0x83, 0x07, 0x3a, 0xd2, 0x5a, 0x74, 0x68, 0x65, 0x07, 0x0f, 0x58, 0x21, 0x0e,
	0x1e, 0x28, 0xf9, 0x14, 0x92, 0x7f, 0x76, 0x40, 0x09, 0x3e, 0x3b, 0x50, 0x10, 0x8f, 0xcd, 0x07,
	0x0f, 0xe0, 0xf1, 0xff, 0x3f, 0x78, 0x00, 0x93, 0x10, 0x37, 0x07, 0xe8, 0x97, 0x56, 0x60, 0x76,
	0x70, 0xc0, 0x1e, 0x9f, 0x00, 0x8b, 0xc7, 0x0e, 0xe0, 0xf9, 0xff, 0x3f, 0x76, 0x00, 0x0d, 0xa7,
	0xc7, 0x0e, 0x70, 0xc5, 0x79, 0x03, 0xe8, 0xd8, 0x81, 0x13, 0x05, 0xa4, 0xe3, 0x13, 0x1b, 0xd3,
	0x13, 0xb6, 0x41, 0x1e, 0x1f, 0x30, 0xc6, 0x00, 0x25, 0xe3, 0xbc, 0x41, 0x21, 0x4c, 0xe1, 0x73,
	0x01, 0x18, 0x67, 0x81, 0x3f, 0x17, 0x80, 0x9d, 0xc0, 0xe7, 0x02, 0xc0, 0x93, 0x45, 0xb3, 0x42,
	0x7d, 0x9e, 0x0b, 0xe0, 0xfe, 0xff, 0xcf, 0x05, 0xe0, 0x9e, 0xa6, 0xcf, 0x05, 0x00, 0x7d, 0xa4,
	0x9e, 0x0b, 0x80, 0xd7, 0x38, 0x9f, 0x0b, 0xc0, 0xf2, 0xff, 0x3f, 0x17, 0x00, 0xd4, 0xb0, 0x78,
	0x2e, 0x00, 0x5e, 0xd2, 0xce, 0x05, 0x80, 0x8a, 0xff, 0xff, 0xb9, 0x00, 0xd0, 0xa6, 0xf5, 0x5c,
	0x00, 0x2e, 0xf1, 0xab, 0xa0, 0xa1, 0x21, 0x24, 0x17, 0x06, 0x25, 0x61, 0xec, 0x50, 0x46, 0x73,
	0x30, 0xc7, 0x10, 0x9c, 0x49, 0x82, 0x43, 0x0d, 0xd4, 0x53, 0x7f, 0x1a, 0x38, 0x8d, 0xc7, 0x40,
	0xcf, 0xea, 0x79, 0x3c, 0x24, 0x3b, 0x23, 0x78, 0x88, 0xfc, 0x58, 0xe0, 0xb1, 0xbe, 0xb1, 0x59,
	0x3b, 0xa2, 0x4e, 0x6c, 0x86, 0x49, 0xe0, 0x21, 0x32, 0x34, 0x4e, 0x70, 0x66, 0xa1, 0x31, 0x37,
	0x3f, 0xdf, 0xff, 0x5e, 0x03, 0x3c, 0x37, 0x13, 0x74, 0x3f, 0x74, 0x29, 0x44, 0xd0, 0x09, 0xe0,
	0x9d, 0xa0, 0x46, 0x01, 0xde, 0xae, 0x02, 0xb2, 0x25, 0x40, 0xdc, 0xe8, 0x85, 0xf5, 0xca, 0x15,
	0x25, 0x44, 0x84, 0xa0, 0x51, 0x8c, 0x17, 0x21, 0x54, 0x88, 0x28, 0x51, 0x9b, 0x03, 0x91, 0x36,
	0x54, 0x81, 0x44, 0x0b, 0x66, 0x04, 0x66, 0x7f, 0x10, 0x44, 0xfa, 0x33, 0x40, 0x77, 0x40, 0x47,
	0x3a, 0x3c, 0xa2, 0x87, 0xeb, 0xa1, 0x9e, 0xe3, 0xff, 0xff, 0x35, 0xfd, 0x79, 0xd2, 0x20, 0x07,
	0x79, 0x6e, 0x4f, 0x8f, 0x18, 0x70, 0x9d, 0x21, 0xa0, 0x5d, 0xe6, 0x03, 0x9e, 0xf1, 0x03, 0x33,
	0x85, 0x43, 0x0d, 0xd1, 0xa7, 0x77, 0x4f, 0xe0, 0x10, 0x19, 0xa0, 0x0f, 0x11, 0xf0, 0xc7, 0xe3,
	0x03, 0x24, 0xe6, 0xb0, 0xa9, 0x41, 0xa0, 0x46, 0x66, 0x68, 0x8f, 0xf4, 0xb4, 0x9e, 0x32, 0x3d,
	0xfc, 0xc3, 0x62, 0x62, 0xcf, 0x0e, 0x74, 0x3c, 0xe0, 0x57, 0x7c, 0x26, 0x10, 0xc2, 0xc3, 0x83,
	0xe7, 0xeb, 0x43, 0xb5, 0x4e, 0x22, 0x68, 0x68, 0x83, 0x9e, 0x8d, 0xcf, 0x10, 0xbe, 0x79, 0xb0,
	0xa3, 0x05, 0x17, 0x75, 0xb4, 0x40, 0x9d, 0x16, 0x7c, 0x50, 0x60, 0x47, 0x54, 0x7e, 0xb2, 0x60,
	0x47, 0x61, 0x70, 0xca, 0x3b, 0x84, 0x80, 0x02, 0xc4, 0x27, 0x0b, 0x36, 0x2f, 0x0c, 0x81, 0x45,
	0xc2, 0xa3, 0x0e, 0x1d, 0x86, 0xe7, 0xa7, 0x84, 0xc7, 0x11, 0x86, 0xfd, 0x46, 0xe2, 0x29, 0x1c,
	0x8e, 0x8f, 0x14, 0x46, 0x08, 0x5e, 0xee, 0xd4, 0xf4, 0xff, 0x9f, 0x40, 0xcd, 0xa3, 0xd3, 0x94,
	0x4e, 0xf9, 0x10, 0xd8, 0x50, 0x3d, 0x04, 0x7e, 0x5e, 0xf0, 0x10, 0xf8, 0x00, 0x5a, 0x9d, 0x1d,
	0x39, 0x9f, 0x9c, 0x13, 0x6e, 0xbc, 0x7c, 0x4c, 0xd8, 0x01, 0x70, 0x11, 0x0b, 0x79, 0x16, 0x41,
	0xc4, 0x58, 0xbe, 0x8f, 0x23, 0x80, 0x9c, 0x49, 0x3c, 0x81, 0x44, 0x78, 0x19, 0x09, 0x12, 0xe2,
	0x58, 0x5e, 0x43, 0x0c, 0x12, 0xe3, 0x18, 0x4e, 0xe6, 0x71, 0x84, 0xc3, 0x3c, 0x93, 0x18, 0xee,
	0xe1, 0xe0, 0x55, 0xe4, 0x85, 0xc4, 0x30, 0x8f, 0x22, 0x3e, 0x1f, 0xc4, 0x30, 0x66, 0xa8, 0x68,
	0x27, 0xe0, 0xe3, 0x08, 0x8b, 0xf4, 0x60, 0xd0, 0x50, 0x7d, 0x1c, 0x01, 0xfc, 0xfc, 0xff, 0x8f,
	0x23, 0xc0, 0xff, 0x88, 0x80, 0x3b, 0x6d, 0xc0, 0xbd, 0x4f, 0x84, 0x78, 0xd2, 0x78, 0x49, 0x78,
	0xd6, 0x00, 0x2e, 0xa2, 0x57, 0x55, 0x80, 0x1f, 0x10, 0xa5, 0x39, 0x9a, 0xa3, 0x38, 0xac, 0x09,
	0x48, 0xc3, 0xe4, 0xb3, 0x38, 0xf7, 0xe7, 0x82, 0xb3, 0x8b, 0x1d, 0x24, 0x4c, 0x90, 0x27, 0x82,
	0xd7, 0x28, 0x9f, 0x82, 0x04, 0xa9, 0xb3, 0x39, 0x4f, 0x4f, 0x21, 0xdd, 0x67, 0x73, 0x94, 0xd2,
	0x73, 0x1a, 0x05, 0xf1, 0x19, 0xc1, 0xd7, 0x6e, 0x38, 0x73, 0x38, 0xa3, 0x03, 0x79, 0x0f, 0x60,
	0x17, 0x73, 0x60, 0x76, 0x91, 0xc1, 0x9e, 0x74, 0xf0, 0xe8, 0xfe, 0xff, 0xdf, 0x14, 0xce, 0xf3,
	0xfd, 0xc0, 0xf7, 0x72, 0xc0, 0x56, 0x88, 0xbb, 0x00, 0x4a, 0xf6, 0x5d, 0x80, 0x82, 0x78, 0x62,
	0x8e, 0x72, 0x45, 0x82, 0x82, 0xff, 0x28, 0xf0, 0x32, 0xf0, 0xba, 0x80, 0xb9, 0x96, 0x03, 0xdf,
	0x20, 0x17, 0x06, 0x28, 0xb7, 0x81, 0x87, 0x27, 0x36, 0x28, 0xf0, 0x43, 0xf9, 0x7a, 0x08, 0xe6,
	0xff, 0xff, 0xf5, 0x10, 0xd8, 0x2a, 0x75, 0x6a, 0x53, 0xe1, 0xf5, 0x10, 0x5c, 0x51, 0xae, 0x25,
	0xa8, 0x5b, 0x93, 0x05, 0x01, 0xc9, 0xfb, 0xf9, 0x86, 0x60, 0xfa, 0x5c, 0x02, 0xef, 0x0e, 0xaa,
	0x55, 0xe9, 0x5e, 0xc2, 0x83, 0x53, 0x28, 0xfa, 0xe1, 0x01, 0x15, 0xf6, 0xf0, 0x40, 0x41, 0x7c,
	0x31, 0xf2, 0xbd, 0x04, 0xb0, 0xff, 0xff, 0x1f, 0x11, 0x36, 0xc3, 0x88, 0xd0, 0x2a, 0x8e, 0x16,
	0xc8, 0x19, 0x81, 0xf5, 0x44, 0xe0, 0x93, 0x0b, 0x70, 0x0e, 0x7f, 0x09, 0x46, 0xc5, 0x9d, 0x33,
	0x05, 0xf1, 0xa0, 0x7c, 0x72, 0x01, 0x7e, 0xa7, 0x12, 0xc0, 0xd4, 0xff, 0x1f, 0x4c, 0xa7, 0x12,
	0xd0, 0xdd, 0xbd, 0xc0, 0x74, 0x35, 0x39, 0x93, 0x68, 0xc1, 0x7d, 0xf7, 0x02, 0x98, 0xf9, 0xff,
	0xbf, 0x7b, 0x01, 0xf4, 0xf4, 0x7a, 0xf7, 0x02, 0x5e, 0xe7, 0x12, 0xfe, 0xff, 0xbf, 0x7b, 0x01,
	0xfc, 0xff, 0xff, 0xdf, 0xbd, 0x00, 0xca, 0x9c, 0x4a, 0x40, 0x96, 0xed, 0x54, 0x82, 0x56, 0x78,
	0x8e, 0x86, 0x3a, 0x81, 0x43, 0x79, 0xc2, 0x78, 0x55, 0x4f, 0x60, 0x3d, 0x97, 0x2f, 0x94, 0x12,
	0x18, 0x5d, 0xbe, 0x80, 0xd7, 0xff, 0xff, 0xf2, 0x05, 0xb0, 0x22, 0xd0, 0x5d, 0x00, 0x15, 0xe1,
	0x2e, 0x40, 0x41, 0x7c, 0xf9, 0x02, 0xbc, 0x84, 0x82, 0x90, 0x91, 0x9b, 0x04, 0xbd, 0x7c, 0xc1,
	0xb9, 0x38, 0xf8, 0x7e, 0xe4, 0x41, 0xc1, 0xf8, 0xff, 0x0f, 0x0a, 0xe6, 0x60, 0xce, 0xbb, 0xd8,
	0x93, 0x22, 0xbd, 0x9e, 0xc0, 0xbd, 0x73, 0x78, 0x6c, 0xe0, 0x10, 0x77, 0x05, 0x03, 0xf6, 0x2e,
	0x6f, 0x27, 0xe0, 0xd2, 0xb6, 0x76, 0xdd, 0x4e, 0x70, 0x09, 0x8f, 0xd3, 0x90, 0x8f, 0x27, 0x98,
	0x3c, 0xb7, 0x13, 0x54, 0x12, 0x18, 0x65, 0x21, 0xd1, 0x11, 0x82, 0xab, 0xbf, 0x89, 0x51, 0x10,
	0x5b, 0xb8, 0x9d, 0x00, 0x22, 0xfe, 0xff, 0xb7, 0x13, 0xc0, 0xc2, 0x98, 0xe1, 0x8c, 0xe8, 0xbd,
	0xc2, 0x90, 0x3e, 0x83, 0x01, 0xd3, 0x40, 0x47, 0x10, 0xf4, 0x25, 0x0d, 0x9b, 0xe0, 0x06, 0x42,
	0x67, 0x04, 0xef, 0x02, 0x02, 0x77, 0x62, 0xb0, 0x0e, 0x20, 0xe0, 0x3b, 0xab, 0x01, 0xa3, 0xff,
	0xff, 0x59, 0x0d, 0xf8, 0x1e, 0x00, 0x7c, 0x56, 0x03, 0x54, 0xdd, 0x5e, 0x40, 0x76, 0x4d, 0xf1,
	0xed, 0x85, 0x0f, 0xd8, 0x1a, 0x80, 0x74, 0x7c, 0x38, 0xfd, 0xe3, 0x38, 0x8a, 0xf3, 0x3a, 0x8d,
	0x17, 0x98, 0x18, 0x35, 0x9f, 0x32, 0xc8, 0x84, 0x7b, 0x03, 0x54, 0xea, 0x6b, 0x14, 0x1d, 0x95,
	0xf3, 0x92, 0x28, 0xf5, 0xb1, 0x00, 0x95, 0xf3, 0x58, 0x40, 0x41, 0x0c, 0xe8, 0x8b, 0x87, 0x95,
	0x5c, 0x3c, 0xd0, 0x83, 0x38, 0xd9, 0x37, 0x54, 0x5f, 0x3c, 0xc0, 0x4c, 0xf0, 0xff, 0x7f, 0xf1,
	0x00, 0x93, 0xb1, 0x5b, 0xcf, 0x0b, 0x05, 0x10, 0x09, 0x3e, 0x55, 0x54, 0xd4, 0xa9, 0x52, 0x10,
	0x4f, 0xd5, 0x31, 0x4e, 0x24, 0x9e, 0x2a, 0xfa, 0x24, 0x74, 0x6e, 0x6f, 0x24, 0xfc, 0x3c, 0xf0,
	0x3e, 0x01, 0xe6, 0xa1, 0xf8, 0x70, 0x05, 0x38, 0x52, 0xe8, 0xd3, 0xa4, 0xd2, 0xeb, 0x04, 0xb8,
	0x04, 0x5d, 0x27, 0xd0, 0xb1, 0x96, 0xaa, 0xeb, 0x04, 0xbc, 0x61, 0x3a, 0xc8, 0x75, 0x82, 0x42,
	0xfc, 0xff, 0x1f, 0xf3, 0x58, 0x80, 0xc3, 0x1e, 0x4a, 0x32, 0x1c, 0x05, 0xf1, 0xd8, 0x7c, 0x27,
	0xf7, 0x75, 0x02, 0xee, 0x9d, 0x05, 0xde, 0x75, 0x82, 0x1d, 0x0a, 0x60, 0x13, 0xf8, 0xce, 0x02,
	0x9e, 0x03, 0x05, 0x3b, 0x38, 0x80, 0x79, 0x50, 0xe0, 0x38, 0x38, 0x00, 0xaa, 0x6e, 0xb4, 0x20,
	0xd3, 0x7f, 0x70, 0x40, 0xab, 0xb8, 0xd6, 0x20, 0xfe, 0xff, 0x07, 0x07, 0xbc, 0xb4, 0xd3, 0x10,
	0xc9, 0x7d, 0xad, 0x41, 0x25, 0xbe, 0xd6, 0x00, 0xb2, 0xa3, 0x4f, 0x15, 0x15, 0x76, 0xaa, 0x14,
	0xc4, 0x53, 0xf5, 0x95, 0x03, 0xd6, 0x75, 0x02, 0x73, 0xec, 0x02, 0xf7, 0x50, 0x7c, 0xe5, 0x00,
	0xdf, 0x7d, 0x02, 0x38, 0xfc, 0xff, 0x8f, 0x5d, 0x20, 0xbd, 0xd7, 0x80, 0x4e, 0xd2, 0x7d, 0x02,
	0x1d, 0xec, 0x5e, 0x03, 0xf1, 0x3e, 0xf1, 0xb4, 0xf6, 0x44, 0xa7, 0x7b, 0x0d, 0x2a, 0x04, 0x85,
	0x2e, 0x36, 0x3e, 0x15, 0x70, 0xd1, 0x70, 0x14, 0xc4, 0xf7, 0x1a, 0xc0, 0xc9, 0xc9, 0x01, 0xbc,
	0xf7, 0x1a, 0xf0, 0x9c, 0x1c, 0x80, 0xcf, 0xff, 0xff, 0xe4, 0x00, 0xd4, 0x2e, 0x36, 0x20, 0x4b,
	0x70, 0x72, 0x40, 0xeb, 0xb8, 0xd8, 0x40, 0x45, 0x48, 0x30, 0xf9, 0xc5, 0x06, 0x95, 0xf9, 0x62,
	0x03, 0xc8, 0xbe, 0x9f, 0x82, 0xef, 0x22, 0xf0, 0x40, 0x81, 0xbb, 0x50, 0xe0, 0xff, 0xff, 0x37,
	0x1b, 0x60, 0x76, 0x3f, 0x05, 0xfe, 0x12, 0x6f, 0x36, 0xa0, 0x13, 0x75, 0xa1, 0x40, 0x47, 0xbb,
	0xd9, 0x40, 0xb5, 0x06, 0xa8, 0x30, 0x37, 0x1b, 0x54, 0x0c, 0x0a, 0x5d, 0x6d, 0x7c, 0x2c, 0xe0,
	0xb2, 0xe1, 0x28, 0x88, 0x6f, 0x36, 0x80, 0x93, 0xa3, 0x03, 0xe6, 0xff, 0x7f, 0x74, 0x00, 0xe3,
	0xd5, 0x06, 0xf8, 0x1c, 0x1d, 0x00, 0x05, 0x57, 0x1b, 0x90, 0xc5, 0xf8, 0x60, 0xeb, 0xe8, 0x80,
	0x13, 0x03, 0xa4, 0xa3, 0x03, 0xac, 0xbb, 0x40, 0x84, 0x04, 0xe3, 0xaf, 0x48, 0x57, 0x1b, 0x1e,
	0x1c, 0x46, 0xd1, 0x49, 0x74, 0x91, 0x43, 0xc0, 0xe8, 0x22, 0x47, 0x40, 0x74, 0x8d, 0xf1, 0x45,
	0xde, 0xe7, 0x4c, 0xdc, 0x28, 0xad, 0x70, 0x0c, 0x9a, 0x47, 0x82, 0xa3, 0x78, 0xb3, 0x01, 0xef,
	0x25, 0x13, 0xee, 0xff, 0xff, 0x92, 0x89, 0x9f, 0x10, 0x9c, 0x21, 0x9c, 0x6f, 0xed, 0x13, 0x02,
	0xf1, 0x29, 0x14, 0x7c, 0x11, 0x26, 0x84, 0x56, 0x01, 0x22, 0x8d, 0x87, 0x00, 0xe2, 0x78, 0x44,
	0x20, 0x3e, 0x34, 0xf0, 0x11, 0x81, 0xeb, 0x70, 0x82, 0x03, 0xf7, 0x8d, 0xdf, 0x9e, 0xef, 0x4e,
	0x20, 0x46, 0xf2, 0xdd, 0x09, 0x6c, 0x19, 0x8e, 0xba, 0x50, 0x4e, 0x18, 0x11, 0x1f, 0x29, 0x1e,
	0x30, 0x3c, 0x65, 0xf0, 0xbe, 0x2d, 0x34, 0x65, 0xe4, 0xff, 0x7f, 0xca, 0xf0, 0x4f, 0x57, 0x80,
	0x41, 0x0b, 0x67, 0x1a, 0x40, 0x95, 0x49, 0x87, 0x42, 0x4f, 0x57, 0x20, 0x93, 0x79, 0xa6, 0x41,
	0x87, 0x5d, 0x89, 0xce, 0x34, 0xf0, 0xa6, 0xe9, 0x78, 0x67, 0x1a, 0x0a, 0xe1, 0x60, 0x30, 0x8a,
	0xe5, 0xe0, 0xff, 0x7f, 0x2c, 0xc0, 0x04, 0x81, 0xa3, 0x20, 0xf6, 0x70, 0xfb, 0xa3, 0x67, 0x1a,
	0x78, 0x27, 0x71, 0x70, 0x5f, 0x6a, 0xc0, 0x37, 0x24, 0x38, 0x97, 0x1a, 0x7e, 0x56, 0x07, 0xae,
	0xc7, 0x79, 0x38, 0xc7, 0x1a, 0xcc, 0x98, 0xc0, 0x7e, 0xb0, 0x01, 0xdf, 0x98, 0x7c, 0xb0, 0x81,
	0x77, 0x3c, 0x03, 0xdb, 0xff, 0x7f, 0x48, 0x58, 0x28, 0x9f, 0xe1, 0xc0, 0x37, 0x6c, 0x38, 0x47,
	0x1b, 0xdc, 0xb0, 0xc1, 0x7d, 0xb7, 0x01, 0xdf, 0x31, 0x0f, 0xf8, 0x9d, 0x61, 0x00, 0x5d, 0xc7,
	0x3c, 0x50, 0xfc, 0xff, 0xcf, 0x30, 0x18, 0x15, 0xab, 0xd0, 0x19, 0x06, 0x97, 0xe5, 0x42, 0x0c,
	0xf1, 0xba, 0xf0, 0x66, 0x6e, 0xf5, 0xe7, 0x3b, 0x3a, 0x2a, 0xeb, 0xa6, 0x90, 0xfa, 0x03, 0x27,
	0x4a, 0xef, 0x81, 0x93, 0x82, 0x78, 0x6c, 0x4e, 0x72, 0xb8, 0x40, 0x6b, 0x39, 0x70, 0x92, 0x39,
	0x1d, 0xc3, 0xf9, 0x9c, 0x50, 0xf1, 0x67, 0x62, 0xa0, 0x7c, 0x0f, 0x83, 0x33, 0x28, 0xcc, 0x59,
	0x0f, 0x78, 0xde, 0xc3, 0x80, 0x45, 0xf0, 0x7b, 0x18, 0x2a, 0xea, 0x8c, 0x28, 0x88, 0xaf, 0x05,
	0xbe, 0x97, 0xc0, 0xb9, 0x73, 0xe0, 0xfe, 0xff, 0xf7, 0x12, 0x78, 0xd7, 0x30, 0x70, 0xdc, 0x6e,
	0xc0, 0x77, 0xe5, 0x00, 0xde, 0x62, 0x25, 0x5e, 0x99, 0xc1, 0x16, 0xee, 0xca, 0x8c, 0x96, 0x78,
	0xe5, 0x80, 0x7a, 0xa6, 0xf7, 0xf5, 0xd9, 0xb7, 0x30, 0x2e, 0x07, 0x46, 0x62, 0x2e, 0xaa, 0xa8,
	0xf8, 0x57, 0x0e, 0x0a, 0xe2, 0x3b, 0x8e, 0xe3, 0x5c, 0x39, 0xd0, 0x63, 0xf2, 0x95, 0x03, 0xd6,
	0xad, 0x19, 0x58, 0xfe, 0xff, 0xaf, 0x48, 0xf0, 0x4f, 0x1d, 0xb8, 0xbb, 0x18, 0xf0, 0x3f, 0x5e,
	0x80, 0xe3, 0x2e, 0x06, 0x9c, 0x8e, 0x17, 0x40, 0xfd, 0x82, 0x04, 0x32, 0x2d, 0x17, 0x24, 0x74,
	0xa2, 0xe3, 0x05, 0xd4, 0x0b, 0xbe, 0x33, 0x00, 0xea, 0xff, 0x7f, 0x41, 0xe2, 0x77, 0x24, 0xa7,
	0x3e, 0xc2, 0xa0, 0x72, 0x9e, 0x0e, 0x28, 0x88, 0x01, 0x7d, 0x23, 0xf4, 0x35, 0x0c, 0x77, 0x6e,
	0xc0, 0x1f, 0x8f, 0x80, 0xe1, 0x21, 0x8c, 0x5d, 0x7e, 0x80, 0x45, 0x8c, 0xb3, 0x15, 0x4a, 0xf8,
	0xc5, 0x84, 0x82, 0x78, 0x62, 0x3e, 0xc1, 0xc1, 0xb9, 0x4e, 0x70, 0x91, 0x63, 0xd2, 0xa1, 0x16,
	0xfc, 0xe7, 0x7e, 0x70, 0x8e, 0x0a, 0xee, 0x70, 0xcf, 0xe6, 0xa8, 0xc0, 0xfc, 0xff, 0xbf, 0x74,
	0x60, 0x8e, 0x79, 0x80, 0x27, 0xa5, 0x36, 0x25, 0xde, 0x91, 0x40, 0x16, 0xef, 0x8e, 0x84, 0x16,
	0x79, 0xeb, 0x80, 0x7a, 0xe4, 0xb1, 0xac, 0x3b, 0x12, 0x4a, 0x10, 0x8c, 0x2e, 0x49, 0x3e, 0x3b,
	0xf0, 0xa5, 0x19, 0xcc, 0x20, 0xbe, 0x23, 0x39, 0xc8, 0xad, 0x03, 0xfa, 0x05, 0x09, 0x78, 0x1e,
	0x1d, 0xc0, 0x71, 0xbe, 0x80, 0xf5, 0xff, 0xbf, 0x21, 0x81, 0xf1, 0x7c, 0x01, 0x5c, 0xef, 0x48,
	0xe0, 0x39, 0x5f, 0x00, 0xa6, 0x94, 0x5e, 0x92, 0x40, 0xa6, 0xe7, 0xa0, 0x8e, 0x4e, 0x75, 0x50,
	0x87, 0xea, 0x0d, 0x50, 0x39, 0x4e, 0xe8, 0x74, 0x54, 0x4e, 0x00, 0xa3, 0x4b, 0x12, 0x18, 0xfe,
	0xff, 0x97, 0x24, 0xc0, 0x63, 0x94, 0x9b, 0x09, 0x4a, 0xfc, 0xcd, 0x84, 0x82, 0xf8, 0x72, 0xec,
	0x33, 0x9c, 0xa7, 0x8a, 0x83, 0xf6, 0x00, 0x1e, 0x01, 0x5e, 0x4c, 0xe0, 0x5e, 0x91, 0x80, 0xd7,
	0x98, 0x60, 0x29, 0x1e, 0x13, 0x10, 0xb8, 0x71, 0x80, 0x73, 0x4c, 0xfe, 0xff, 0x8f, 0x09, 0xc6,
	0x1d, 0xff, 0x98, 0xc0, 0x7f, 0x83, 0x07, 0xd7, 0x98, 0x60, 0x9f, 0x29, 0x8e, 0x09, 0xfc, 0x37,
	0x23, 0xdf, 0x5b, 0x00, 0x4f, 0x7f, 0xc5, 0x0e, 0xaf, 0x59, 0x20, 0x3b, 0x68, 0xf8, 0xde, 0x82,
	0x93, 0x70, 0xcd, 0x82, 0x38, 0xcc, 0x47, 0x4c, 0x87, 0xbe, 0xea, 0xd1, 0x51, 0x39, 0x2e, 0x89,
	0x42, 0x83, 0xe8, 0xff, 0x7f, 0xfa, 0xe0, 0x31, 0x0f, 0x19, 0x14, 0xc4, 0x80, 0x3e, 0x78, 0x03,
	0x2b, 0x02, 0x1f, 0xbc, 0x01, 0xd3, 0xa7, 0x5d, 0xf0, 0x1d, 0x27, 0x80, 0xf3, 0xff, 0xff, 0x0c,
	0x61, 0x87, 0x16, 0x2f, 0x81, 0x60, 0xbb, 0xf4, 0xf9, 0x38, 0x81, 0x0b, 0xb5, 0x54, 0x1d, 0x27,
	0xe0, 0x99, 0xbb, 0x8b, 0xd2, 0x4b, 0x20, 0x0f, 0x40, 0x21, 0xf9, 0xf7, 0x51, 0x94, 0x60, 0x38,
	0x0a, 0xe2, 0xb1, 0xf9, 0x44, 0x0d, 0xdc, 0xee, 0x13, 0xe0, 0x3b, 0x51, 0x03, 0xb7, 0x73, 0x03,
	0xe0, 0xe1, 0xff, 0x7f, 0x6e, 0x00, 0xc3, 0xe5, 0x0e, 0x6c, 0xe9, 0xcf, 0x0d, 0xe8, 0x93, 0xb4,
	0x2f, 0x77, 0xf0, 0xce, 0x0d, 0x56, 0x7d, 0xa2, 0x46, 0xe9, 0xa5, 0x90, 0xea, 0x73, 0x03, 0x4a,
	0xe7, 0xb9, 0x81, 0x82, 0x78, 0x6c, 0x4e, 0x70, 0x28, 0x40, 0x8f, 0xd2, 0xf3, 0x7d, 0x08, 0xa8,
	0xf3, 0x50, 0x03, 0x44, 0x6f, 0x3d, 0xc0, 0xea, 0xcc, 0x00, 0xbe, 0x5b, 0x0f, 0x70, 0xf9, 0xff,
	0xdf, 0x7a, 0x80, 0xf1, 0x7d, 0x82, 0x5f, 0x37, 0x00, 0x3f, 0x3e, 0x4d, 0x3a, 0xbd, 0xf5, 0x80,
	0x2c, 0xd2, 0x75, 0x03, 0x2d, 0xec, 0x4e, 0x06, 0xf5, 0x52, 0x67, 0x29, 0x47, 0x69, 0x94, 0x88,
	0x43, 0xb4, 0x2f, 0x98, 0xa8, 0xab, 0x19, 0x07, 0xf1, 0x05, 0xcf, 0x67, 0x53, 0x5f, 0x37, 0xe0,
	0x5d, 0x7a, 0xc0, 0xfe, 0xff, 0xbf, 0xf4, 0x00, 0x83, 0x7b, 0x11, 0xf0, 0xb8, 0x71, 0x80, 0xef,
	0x5e, 0x04, 0xdc, 0x4e, 0x16, 0x80, 0xaa, 0x7b, 0x11, 0xc8, 0xe2, 0x9f, 0x2c, 0xd0, 0x21, 0x14,
	0xfc, 0xff, 0x4f, 0x16, 0x30, 0x0f, 0x46, 0x4f, 0x00, 0xba, 0x17, 0xa1, 0x04, 0x53, 0x48, 0xf6,
	0xbd, 0x08, 0x25, 0xf4, 0x64, 0x41, 0x41, 0x3c, 0x36, 0x47, 0x38, 0x14, 0xa0, 0x55, 0x80, 0x48,
	0xe1, 0x3c, 0x34, 0x86, 0xae, 0x0f, 0x46, 0x00, 0x35, 0xff, 0xff, 0xe7, 0x0d, 0xc0, 0x9c, 0x4d,
	0xaf, 0x22, 0x0f, 0x46, 0x20, 0x0b, 0x75, 0xde, 0x40, 0x4b, 0x3b, 0x6f, 0x40, 0x3d, 0x32, 0x5b,
	0xcc, 0xc1, 0x08, 0x25, 0x03, 0x46, 0x27, 0x23, 0x1f, 0x0a, 0x78, 0xec, 0xf3, 0x06, 0x05, 0xf1,
	0xc1, 0xc8, 0x87, 0x02, 0x38, 0xe7, 0x0d, 0xcc, 0xc9, 0x08, 0x70, 0xf3, 0xff, 0x3f, 0x19, 0x01,
	0x0c, 0x3b, 0x5a, 0xe8, 0x64, 0x04, 0xb2, 0x2c, 0x47, 0x0b, 0xb4, 0xa2, 0xa3, 0x05, 0x44, 0x69,
	0x02, 0xb4, 0x1d, 0x6d, 0x7c, 0x32, 0x42, 0xa5, 0x27, 0x51, 0xfa, 0xe3, 0x0b, 0x2a, 0xef, 0xe9,
	0x80, 0x82, 0x18, 0xd0, 0x61, 0x86, 0x88, 0x82, 0xf4, 0x40, 0xfe, 0xff, 0x8f, 0x70, 0x9e, 0xce,
	0x31, 0xbc, 0x38, 0x60, 0xa6, 0x5b, 0x39, 0x82, 0x26, 0xd3, 0x3c, 0x9c, 0xe6, 0xf2, 0x76, 0x04,
	0x5e, 0x5d, 0xd7, 0x02, 0xe8, 0xa7, 0x80, 0xa3, 0x3d, 0x93, 0x43, 0xb0, 0xe7, 0xcb, 0x0f, 0x10,
	0x89, 0x3f, 0x5d, 0x54, 0xe0, 0xe9, 0x52, 0x10, 0x4f, 0x17, 0x8e, 0x94, 0x2b, 0x05, 0x6a, 0xb2,
	0xb8, 0x5b, 0xc1, 0xc3, 0x3a, 0xd8, 0xaf, 0x89, 0x1e, 0x2e, 0x98, 0xae, 0x6f, 0xc0, 0x5d, 0xa9,
	0x42, 0x58, 0xff, 0xff, 0x6f, 0x15, 0xe0, 0x89, 0xb5, 0x4e, 0xdd, 0x2a, 0x70, 0xe2, 0x4e, 0xeb,
	0x10, 0x6f, 0x15, 0xbd, 0x41, 0xfa, 0xb4, 0x8e, 0x12, 0x42, 0x21, 0x19, 0xd7, 0x37, 0xd4, 0x35,
	0xcb, 0x60, 0x06, 0xf1, 0xe8, 0x1c, 0xea, 0x5c, 0x80, 0x96, 0x74, 0xab, 0x80, 0x72, 0x36, 0x00,
	0xd7, 0x2d, 0x08, 0x3c, 0x67, 0x03, 0xc0, 0x94, 0xd7, 0xb3, 0x01, 0xc8, 0xc2, 0x5c, 0x60, 0xd0,
	0x92, 0xae, 0x5a, 0x50, 0xff, 0xff, 0xce, 0xee, 0xb3, 0xf4, 0x02, 0xc3, 0xe3, 0x93, 0xe8, 0x08,
	0x02, 0x37, 0xcd, 0xd9, 0x00, 0xad, 0xe7, 0xaa, 0x85, 0x3a, 0xc1, 0x00, 0x9c, 0xfd, 0xff, 0x5f,
	0xb3, 0x40, 0xfe, 0x20, 0x7c, 0xac, 0x00, 0x59, 0xb0, 0x13, 0x0c, 0x5a, 0xde, 0x09, 0x06, 0xe2,
	0xb1, 0xe2, 0x0d, 0x26, 0x41, 0x41, 0x27, 0x18, 0x94, 0x14, 0x0a, 0x1d, 0x61, 0x7c, 0x2e, 0xe0,
	0xd1, 0xc1, 0x28, 0x88, 0x47, 0xe7, 0x58, 0xe7, 0x02, 0xb4, 0xa8, 0x63, 0x05, 0xa4, 0xbb, 0x01,
	0x9c, 0x23, 0x0c, 0x60, 0xfa, 0x70, 0xf0, 0x08, 0x03, 0xe3, 0xff, 0x7f, 0x84, 0x01, 0x1e, 0xd6,
	0x8e, 0x30, 0x00, 0x6d, 0xff, 0xff, 0xc7, 0x0a, 0xc0, 0x81, 0x43, 0x8b, 0x47, 0x18, 0x60, 0x76,
	0xf1, 0xf4, 0x11, 0x06, 0xe0, 0xc6, 0xff, 0xff, 0x70, 0x00, 0xd6, 0x23, 0x0c, 0xd8, 0x14, 0xda,
	0xf4, 0xa9, 0xd1, 0xa8, 0x55, 0x83, 0x32, 0x35, 0xca, 0x34, 0xa8, 0xd5, 0xa7, 0x52, 0x63, 0xc6,
	0xec, 0x3f, 0x06, 0x14, 0x03, 0x42, 0x63, 0xf1, 0xe9, 0xc5, 0x20, 0xd6, 0x4d, 0xa1, 0xab, 0xb3,
	0x43, 0x80, 0x08, 0xc8, 0xb2, 0x7f, 0xe1, 0x02, 0x22, 0x20, 0x02, 0xb2, 0x90, 0x4f, 0x8a, 0x80,
	0xac, 0x0a, 0x44, 0x40, 0x4e, 0x05, 0x44, 0x23, 0x02, 0xd1, 0x38, 0x1e, 0x80, 0x58, 0x38, 0x10,
	0x01, 0x59, 0x9d, 0x09, 0x20, 0x26, 0x15, 0x44, 0x40, 0x96, 0xa5, 0x02, 0x88, 0x89, 0x04, 0x11,
	0x90, 0x33, 0xae, 0x4f, 0x40, 0x0e, 0x0c, 0x22, 0x20, 0x87, 0xfc, 0x56, 0x0b, 0xc8, 0x91, 0x41,
	0x04, 0x64, 0xc1, 0x3a, 0x80, 0x98, 0x7c, 0x10, 0x01, 0x39, 0x3e, 0x10, 0x15, 0xe3, 0x03, 0x88,
	0x45, 0x79, 0x0c, 0x08, 0xc8, 0xb9, 0x40, 0x04, 0xe4, 0x1c, 0x34, 0x02, 0x72, 0x2a, 0x0a, 0x01,
	0x59, 0x95, 0x13, 0x20, 0xa6, 0x11, 0x44, 0x40, 0x4e, 0x09, 0x44, 0x33, 0x03, 0x51, 0xc1, 0x56,
	0x80, 0x98, 0x7a, 0x10, 0x01, 0x59, 0xa9, 0x16, 0x20, 0xa6, 0x1b, 0x44, 0x40, 0x4e, 0xed, 0x05,
	0x88, 0x69, 0x78, 0x07, 0x08, 0xc8, 0x19, 0xcc, 0x00, 0xb1, 0x44, 0x20, 0x02, 0xb2, 0x22, 0x37,
	0x40, 0x4c, 0x1f, 0x88, 0x80, 0x9c, 0x0e, 0x88, 0x66, 0x05, 0xa2, 0x4a, 0xed, 0x00, 0x31, 0xd9,
	0x20, 0x02, 0xb2, 0xc8, 0x87, 0x90, 0x80, 0x2c, 0x19, 0x44, 0x40, 0x4e, 0xec, 0x07, 0x88, 0xfd,
	0xff, 0xe3, 0x83, 0x08, 0xc8, 0x61, 0x0f, 0x21, 0x02, 0x72, 0x74, 0x10, 0x01, 0x59, 0xbe, 0x21,
	0x20, 0x16, 0x06, 0x44, 0x40, 0x16, 0xe5, 0x08, 0x88, 0x29, 0x04, 0x11, 0x90, 0xe3, 0x01, 0xd1,
	0xac, 0x40, 0x34, 0xd9, 0xeb, 0x54, 0x40, 0xce, 0x09, 0x22, 0x20, 0xab, 0xd5, 0x04, 0xc4, 0xa4,
	0x83, 0x08, 0xc8, 0xb9, 0x81, 0xa8, 0x08, 0x4f, 0x40, 0x2c, 0x32, 0x88, 0xae, 0xed, 0xe4, 0x21,
	0x22, 0x20, 0xa7, 0x30, 0x05, 0xc4, 0x22, 0x81, 0x08, 0xc8, 0x01, 0x54, 0x01, 0xb1, 0x38, 0x20,
	0x02, 0xb2, 0x24, 0x57, 0x40, 0x4c, 0x20, 0x88, 0x80, 0x9c, 0xef, 0x41, 0x21, 0x20, 0x87, 0x05,
	0x11, 0x90, 0xa3, 0xd9, 0x02, 0x62, 0x41, 0x41, 0x04, 0x64, 0xa9, 0xaf, 0x25, 0x01, 0x59, 0x38,
	0x88, 0x80, 0x9c, 0xdc, 0x17, 0x10, 0x93, 0xf1, 0x12, 0x11, 0x90, 0x43, 0x83, 0x08, 0xc8, 0x12,
	0x8c, 0x01, 0xb1, 0x18, 0x20, 0x02, 0x72, 0x28, 0x20, 0xaa, 0xea, 0xd9, 0x29, 0x20, 0x4b, 0x04,
	0xd1, 0xe1, 0x81, 0x00, 0xd1, 0xc0, 0x40, 0x34, 0xde, 0xc3, 0x4e, 0x03, 0x22, 0x20, 0x3a, 0x60,
	0x90, 0xa7, 0x8c, 0x0e, 0x17, 0x04, 0x44, 0x40, 0x96, 0xfc, 0xe2, 0x15, 0x90, 0x03, 0x80, 0xe8,
	0x14, 0x42, 0xcc, 0x01, 0x31, 0x39, 0x20, 0x02, 0x72, 0x12, 0x75, 0x40, 0x2c, 0x16, 0x88, 0x0e,
	0x0a, 0xc4, 0xdd, 0x41, 0x81, 0x82, 0xe8, 0x30, 0x40, 0xec, 0x1d, 0x06, 0x28, 0x88, 0x80, 0x1c,
	0x0c, 0x88, 0xa6, 0x04, 0xa2, 0x99, 0x7e, 0x56, 0x02, 0x72, 0x42, 0x10, 0x01, 0x59, 0xe7, 0x9b,
	0x45, 0x40, 0x56, 0x0d, 0x22, 0x20, 0x07, 0xff, 0xab, 0x04, 0x22, 0x2a, 0xde, 0x37, 0x81, 0x88,
	0x78, 0x10, 0x01, 0x39, 0x09, 0x10, 0xd5, 0xfd, 0x72, 0x09, 0x44, 0xfe, 0xff, 0x29, 0x40, 0x04,
	0x64, 0x05, 0x0f, 0x19, 0x0d, 0x8c, 0x80, 0x08, 0xc8, 0xd9, 0x81, 0xa8, 0x12, 0x8d, 0x03, 0xa3,
	0x20, 0x1a, 0x18, 0x01, 0xa2, 0x7a, 0x3c, 0x02, 0x31, 0x75, 0x20, 0x3a, 0x30, 0x10, 0x20, 0x9a,
	0x13, 0x88, 0x6a, 0x7c, 0xb4, 0x04, 0x22, 0x82, 0x41, 0x74, 0xe0, 0x20, 0x40, 0x34, 0x32, 0x10,
	0x15, 0xab, 0x12, 0x88, 0x29, 0x07, 0xd1, 0xa1, 0x81, 0x00, 0xd1, 0xfc, 0x40, 0x34, 0xad, 0x4b,
	0x20, 0x96, 0x1d, 0x44, 0x40, 0xd6, 0xfe, 0xa3, 0x09, 0x44, 0x82, 0x80, 0x08, 0xc8, 0xe9, 0x81,
	0xa8, 0x14, 0x9d, 0x83, 0xa5, 0x20, 0x3a, 0x28, 0x10, 0x9f, 0x40, 0x2c, 0x02, 0x88, 0x80, 0x1c,
	0x08, 0x88, 0x4a, 0x79, 0xf1, 0x04, 0x22, 0xc2, 0x40, 0x04, 0xe4, 0x48, 0x40, 0x34, 0x20, 0x10,
	0x95, 0x66, 0x14, 0x88, 0x09, 0x05, 0xd1, 0xa1, 0x85, 0x00, 0xd1, 0xc8, 0x40, 0x54, 0xee, 0xeb,
	0x27, 0x10, 0x11, 0x0f, 0x22, 0x20, 0x47, 0xff, 0x00, 0x09, 0xc8, 0x3a, 0x1e, 0x41, 0x0f, 0x02,
	0x0c, 0x44, 0x07, 0x01, 0x02, 0x44, 0x25, 0x58, 0x05, 0x62, 0x7a, 0x40, 0x74, 0x70, 0x21, 0x40,
	0x34, 0x14, 0x10, 0x15, 0xa3, 0x15, 0x88, 0x29, 0x03, 0x11, 0x90, 0x13, 0x01, 0xd1, 0x78, 0x40,
	0x54, 0xd7, 0x7b, 0xe8, 0xe1, 0x86, 0x81, 0xe8, 0xa0, 0x42, 0x80, 0x68, 0x54, 0x20, 0x9a, 0x4b,
	0xec, 0xa1, 0x81, 0x82, 0xe8, 0xb0, 0x42, 0xd4, 0x1e, 0x56, 0x28, 0x88, 0x0e, 0x2b, 0xc4, 0xed,
	0x61, 0x85, 0x82, 0xe8, 0xb0, 0x42, 0xe4, 0x1e, 0x56, 0x28, 0x88, 0x0e, 0x2b, 0xc4, 0x2e, 0x10,
	0xfb, 0xff, 0x47, 0x07, 0x11, 0x90, 0x45, 0xeb, 0x05, 0x62, 0x11, 0x40, 0x74, 0x68, 0x20, 0xaf,
	0x26, 0x1d, 0x1a, 0x08, 0x88, 0x0e, 0x26, 0x04, 0x88, 0x46, 0x02, 0xa2, 0x01, 0x5e, 0x5b, 0x0f,
	0x26, 0x0c, 0x44, 0xa7, 0x2d, 0xe2, 0x18, 0x88, 0x89, 0x03, 0x11, 0x90, 0xc3, 0xbd, 0x97, 0x34,
	0x38, 0x02, 0xa2, 0x43, 0x09, 0x79, 0x94, 0x3d, 0x94, 0x30, 0x10, 0x1d, 0x0e, 0xc8, 0x07, 0x4b,
	0x87, 0x03, 0xf2, 0x4b, 0xd4, 0x41, 0x80, 0xa8, 0x1e, 0x16, 0x05, 0xa1, 0x72, 0xff, 0x62, 0x41,
	0x48, 0xd4, 0x3f, 0x54, 0x10, 0x22, 0xf4, 0x03, 0xa6, 0xe3, 0x01, 0xf9, 0x51, 0x05, 0x27, 0xf9,
	0x40, 0x74, 0xf4, 0x20, 0xaf, 0x31, 0x1d, 0x3d, 0x08, 0x88, 0x80, 0xac, 0xc6, 0x38, 0x10, 0xd3,
	0x06, 0xa2, 0xa3, 0x13, 0x01, 0xa2, 0x19, 0x81, 0xa8, 0xc2, 0x9f, 0x5b, 0x20, 0x22, 0x17, 0x44,
	0xc7, 0x14, 0x02, 0x44, 0x03, 0x03, 0x51, 0x99, 0xcf, 0x40, 0x01, 0x59, 0x33, 0x88, 0x80, 0xac,
	0xef, 0x07, 0x17, 0x88, 0xa8, 0x05, 0x11, 0x90, 0x93, 0x6a, 0x07, 0x62, 0xb1, 0x41, 0x04, 0x64,
	0xad, 0x6f, 0xb9, 0xc3, 0x64, 0x20, 0x3a, 0x0e, 0x90, 0x77, 0xdb, 0xe3, 0x00, 0x03, 0xd1, 0x20,
	0x09, 0x10, 0x8d, 0x0e, 0x44, 0x85, 0xab, 0x3f, 0x8e, 0x50, 0x10, 0x1d, 0x21, 0x08, 0x10, 0xd5,
	0xe1, 0x1e, 0x88, 0xa9, 0x07, 0x11, 0x90, 0xa3, 0x00, 0x51, 0xd9, 0xf2, 0x8f, 0x31, 0x14, 0x44,
	0xc7, 0x08, 0xa2, 0xff, 0x18, 0x41, 0x41, 0x04, 0xe4, 0x10, 0x40, 0x34, 0x11, 0x10, 0x55, 0xef,
	0x1f, 0x88, 0x65, 0x01, 0x11, 0x90, 0x35, 0x05, 0x18, 0x38, 0x05, 0xd1, 0x11, 0x82, 0x14, 0x38,
	0x16, 0x50, 0x10, 0x01, 0xf9, 0xff, 0xaf, 0x2f, 0x01, 0x10, 0x13, 0x0b, 0xa2, 0x41, 0x13, 0x20,
	0x1a, 0x18, 0x88, 0x8a, 0x6e, 0x00, 0xc4, 0x12, 0x80, 0xe8, 0x78, 0x42, 0x22, 0x1c, 0x93, 0x28,
	0x88, 0x8e, 0x40, 0xa4, 0x02, 0x10, 0x53, 0x90, 0x01, 0x88, 0x65, 0x05, 0x11, 0x90, 0x93, 0x03,
	0x51, 0xcd, 0x21, 0x06, 0x40, 0x41, 0x74, 0x8c, 0x21, 0x40, 0x54, 0x49, 0x09, 0x20, 0x96, 0x20,
	0xc5, 0x11, 0x82, 0x82, 0x68, 0xe0, 0xa4, 0x05, 0x10, 0x8b, 0x01, 0xa2, 0xc1, 0x92, 0x1a, 0x40,
	0x4c, 0x10, 0x88, 0x8e, 0x63, 0x04, 0x88, 0x06, 0x03, 0xa2, 0x92, 0x7a, 0x1c, 0xb9, 0x28, 0x88,
	0x80, 0xac, 0x25, 0xc8, 0x31, 0x84, 0x82, 0xe8, 0xc0, 0x40, 0x8a, 0x1c, 0x18, 0x28, 0x88, 0x06,
	0x4b, 0x92, 0x1c, 0x12, 0x28, 0x88, 0x8e, 0x35, 0xa4, 0xc9, 0x51, 0x85, 0x82, 0xe8, 0xc0, 0x40,
	0xa2, 0x1c, 0x18, 0x28, 0x88, 0x80, 0x1c, 0x14, 0x88, 0xa6, 0x06, 0xa2, 0x4a, 0xab, 0x1c, 0x45,
	0x28, 0x88, 0x8e, 0x36, 0x04, 0x88, 0x46, 0x07, 0xa2, 0x29, 0xb3, 0x1c, 0xd5, 0x28, 0x88, 0x8e,
	0x5c, 0xe4, 0xad, 0x2a, 0x20, 0x6b, 0x07, 0xd1, 0x91, 0x84, 0x00, 0xd1, 0xfc, 0x40, 0x54, 0x77,
	0x99, 0x43, 0x03, 0x05, 0xd1, 0xc0, 0x09, 0x10, 0x55, 0xf2, 0xf0, 0xd5, 0x71, 0x88, 0x80, 0xe8,
	0xa0, 0x40, 0x80, 0xa8, 0x96, 0x36, 0x03, 0xa5, 0x20, 0x3a, 0x36, 0x91, 0x38, 0x47, 0x16, 0x0a,
	0x22, 0x20, 0x8b, 0xab, 0x03, 0xc4, 0x94, 0x82, 0x68, 0xe0, 0x24, 0xcf, 0xf1, 0x8b, 0x82, 0x08,
	0xc8, 0x01, 0xfb, 0x00, 0xb1, 0xb8, 0x20, 0x02, 0xf2, 0xff, 0x5f, 0x68, 0xa0, 0x41, 0x52, 0x10,
	0x01, 0x39, 0x2e, 0x10, 0x0d, 0x0f, 0x44, 0x45, 0x27, 0x3a, 0x20, 0x50, 0x10, 0x0d, 0x92, 0x34,
	0x1a, 0x24, 0x05, 0xd1, 0x31, 0x8d, 0x00, 0x51, 0x15, 0x91, 0x0e, 0x09, 0xb4, 0x12, 0x10, 0xcb,
	0x03, 0xa2, 0xc1, 0x91, 0x4c, 0x83, 0xa3, 0x20, 0x3a, 0x14, 0x10, 0x20, 0x9a, 0x11, 0x88, 0xaa,
	0x0b, 0x75, 0x34, 0xa4, 0x20, 0x1a, 0x1c, 0x29, 0x35, 0x38, 0x0a, 0xa2, 0x81, 0x12, 0x20, 0x1a,
	0x13, 0x88, 0xca, 0x4b, 0x75, 0xb8, 0xa0, 0x20, 0x3a, 0x1a, 0x11, 0x20, 0x1a, 0x19, 0x88, 0x8a,
	0x7d, 0xa0, 0xea, 0x18, 0x45, 0x40, 0x04, 0x64, 0x89, 0xb5, 0x8e, 0x54, 0x14, 0x44, 0x87, 0x18,
	0x92, 0x0b, 0x88, 0x05, 0x07, 0xd1, 0x91, 0x90, 0xf4, 0x3a, 0x2a, 0x52, 0x10, 0x1d, 0x32, 0x48,
	0xb0, 0x43, 0x06, 0x2d, 0x76, 0x30, 0xa0, 0x20, 0x3a, 0x90, 0x10, 0x20, 0xaa, 0x36, 0xd9, 0x80,
	0x29, 0x88, 0x80, 0x9c, 0xb9, 0x19, 0x30, 0x8d, 0x06, 0xc4, 0x94, 0x83, 0x08, 0xc8, 0x39, 0x80,
	0x68, 0x7e, 0x20, 0xaa, 0xa6, 0xda, 0xe1, 0x84, 0x66, 0x3b, 0x24, 0x50, 0x10, 0x01, 0x59, 0x47,
	0x37, 0x20, 0x26, 0x0a, 0x44, 0xc7, 0x2c, 0x02, 0x44, 0xb5, 0x84, 0x3b, 0x0e, 0xd1, 0x72, 0x40,
	0x2c, 0x13, 0x88, 0x0e, 0x01, 0x24, 0xdd, 0x21, 0x80, 0x82, 0xe8, 0xf8, 0x44, 0x80, 0x68, 0x3e,
	0x20, 0xaa, 0x2f, 0xde, 0xc0, 0x29, 0x88, 0x8e, 0x59, 0xa4, 0xde, 0x31, 0x8b, 0x82, 0x08, 0xc8,
	0x81, 0xf3, 0x1d, 0x99, 0x28, 0x88, 0x80, 0xfc, 0xff, 0x4f, 0x10, 0xf0, 0x40, 0x42, 0x41, 0x74,
	0xc4, 0x22, 0x05, 0x0f, 0x34, 0x14, 0x44, 0x07, 0x21, 0xd2, 0xf0, 0xc8, 0x47, 0x41, 0x74, 0xd0,
	0x20, 0x11, 0x0f, 0x03, 0x14, 0x44, 0x87, 0x08, 0x52, 0xf1, 0x10, 0x41, 0x41, 0x74, 0x40, 0x21,
	0x1d, 0x0f, 0x28, 0x14, 0x44, 0x40, 0xfe, 0xff, 0x03, 0x08, 0x45, 0x50, 0x59, 0x31, 0x0c, 0x4f,
	0xa2, 0x34, 0xdf, 0x08, 0x45, 0x50, 0x59, 0x32, 0x0c, 0xf9, 0x5e, 0x1a, 0xc0, 0x08, 0x45, 0x50,
	0x59, 0x33, 0x0c, 0xa6, 0xf6, 0x98, 0x4e, 0x08, 0x45, 0x50, 0x59, 0x34, 0x0c, 0x4a, 0x07, 0x9c,
	0xfb, 0x14, 0x0b, 0x45, 0x59, 0x50, 0x4f, 0x08, 0xa4, 0x45, 0x50, 0x59, 0x31, 0x14, 0x0b, 0x45,
	0x59, 0x50, 0x54, 0x08, 0xa4, 0x45, 0x50, 0x59, 0x32, 0x14, 0x0b, 0x45, 0x59, 0x50, 0x45, 0x08,
	0xa4, 0x45, 0x50, 0x59, 0x33, 0x14, 0x0b, 0x45, 0x59, 0x50, 0x46, 0x08, 0xa4, 0x45, 0x50, 0x59,
	0x34, 0x14, 0x0b, 0x53, 0x50, 0x45, 0x43, 0x09, 0xa4, 0x41, 0x4d, 0x57, 0x56, 0x14, 0x4a, 0x73,
	0x44, 0x45, 0x56, 0x50, 0x09, 0x08, 0x5f, 0x54, 0x5f, 0x31, 0x00, 0x08, 0x5f, 0x54, 0x5f, 0x30,
	0x00, 0x8a, 0x68, 0x00, 0x44, 0x56, 0x49, 0x44, 0x8a, 0x68, 0x0a, 0x04, 0x50, 0x41, 0x52, 0x41,
	0xa0, 0x4a, 0x34, 0x93, 0x50, 0x41, 0x52, 0x41, 0x01, 0xa2, 0x41, 0x34, 0x01, 0x70, 0x44, 0x56,
	0x49, 0x44, 0x5f, 0x54, 0x5f, 0x30, 0xa0, 0x21, 0x93, 0x5f, 0x54, 0x5f, 0x30, 0x0c, 0x11, 0x00,
	0x01, 0x00, 0x7d, 0x5c, 0x2e, 0x5f, 0x53, 0x42, 0x5f, 0x44, 0x53, 0x41, 0x46, 0x01, 0x5c, 0x2e,
	0x5f, 0x53, 0x42, 0x5f, 0x44, 0x53, 0x41, 0x46, 0xa1, 0x41, 0x31, 0xa0, 0x22, 0x93, 0x5f, 0x54,
	0x5f, 0x30, 0x0c, 0x13, 0x00, 0x01, 0x00, 0x7d, 0x5c, 0x2e, 0x5f, 0x53, 0x42, 0x5f, 0x44, 0x53,
	0x41, 0x46, 0x0a, 0x02, 0x5c, 0x2e, 0x5f, 0x53, 0x42, 0x5f, 0x44, 0x53, 0x41, 0x46, 0xa1, 0x4b,
	0x2e, 0xa0, 0x22, 0x93, 0x5f, 0x54, 0x5f, 0x30, 0x0c, 0x23, 0x00, 0x01, 0x00, 0x7d, 0x5c, 0x2e,
	0x5f, 0x53, 0x42, 0x5f, 0x44, 0x53, 0x41, 0x46, 0x0a, 0x04, 0x5c, 0x2e, 0x5f, 0x53, 0x42, 0x5f,
	0x44, 0x53, 0x41, 0x46, 0xa1, 0x45, 0x2c, 0xa0, 0x22, 0x93, 0x5f, 0x54, 0x5f, 0x30, 0x0c, 0x13,
	0x00, 0x06, 0x00, 0x7d, 0x5c, 0x2e, 0x5f, 0x53, 0x42, 0x5f, 0x44, 0x53, 0x41, 0x46, 0x0a, 0x08,
	0x5c, 0x2e, 0x5f, 0x53, 0x42, 0x5f, 0x44, 0x53, 0x41, 0x46, 0xa1, 0x4f, 0x29, 0xa0, 0x22, 0x93,
	0x5f, 0x54, 0x5f, 0x30, 0x0c, 0x15, 0x00, 0x06, 0x00, 0x7d, 0x5c, 0x2e, 0x5f, 0x53, 0x42, 0x5f,
	0x44, 0x53, 0x41, 0x46, 0x0a, 0x10, 0x5c, 0x2e, 0x5f, 0x53, 0x42, 0x5f, 0x44, 0x53, 0x41, 0x46,
	0xa1, 0x49, 0x27, 0xa0, 0x22, 0x93, 0x5f, 0x54, 0x5f, 0x30, 0x0c, 0x15, 0x00, 0x01, 0x00, 0x7d,
	0x5c, 0x2e, 0x5f, 0x53, 0x42, 0x5f, 0x44, 0x53, 0x41, 0x46, 0x0a, 0x20, 0x5c, 0x2e, 0x5f, 0x53,
	0x42, 0x5f, 0x44, 0x53, 0x41, 0x46, 0xa1, 0x43, 0x25, 0xa0, 0x22, 0x93, 0x5f, 0x54, 0x5f, 0x30,
	0x0c, 0x11, 0x00, 0x09, 0x00, 0x7d, 0x5c, 0x2e, 0x5f, 0x53, 0x42, 0x5f, 0x44, 0x53, 0x41, 0x46,
	0x0a, 0x40, 0x5c, 0x2e, 0x5f, 0x53, 0x42, 0x5f, 0x44, 0x53, 0x41, 0x46, 0xa1, 0x4d, 0x22, 0xa0,
	0x22, 0x93, 0x5f, 0x54, 0x5f, 0x30, 0x0c, 0x11, 0x00, 0x07, 0x00, 0x7d, 0x5c, 0x2e, 0x5f, 0x53,
	0x42, 0x5f, 0x44, 0x53, 0x41, 0x46, 0x0a, 0x80, 0x5c, 0x2e, 0x5f, 0x53, 0x42, 0x5f, 0x44, 0x53,
	0x41, 0x46, 0xa1, 0x47, 0x20, 0xa0, 0x23, 0x93, 0x5f, 0x54, 0x5f, 0x30, 0x0c, 0x13, 0x00, 0x08,
	0x00, 0x7d, 0x5c, 0x2e, 0x5f, 0x53, 0x42, 0x5f, 0x44, 0x53, 0x41, 0x46, 0x0b, 0x00, 0x01, 0x5c,
	0x2e, 0x5f, 0x53, 0x42, 0x5f, 0x44, 0x53, 0x41, 0x46, 0xa1, 0x40, 0x1e, 0xa0, 0x23, 0x93, 0x5f,
	0x54, 0x5f, 0x30, 0x0c, 0x19, 0x00, 0x01, 0x00, 0x7d, 0x5c, 0x2e, 0x5f, 0x53, 0x42, 0x5f, 0x44,
	0x53, 0x41, 0x46, 0x0b, 0x00, 0x02, 0x5c, 0x2e, 0x5f, 0x53, 0x42, 0x5f, 0x44, 0x53, 0x41, 0x46,
	0xa1, 0x49, 0x1b, 0xa0, 0x23, 0x93, 0x5f, 0x54, 0x5f, 0x30, 0x0c, 0x17, 0x00, 0x01, 0x00, 0x7d,
	0x5c, 0x2e, 0x5f, 0x53, 0x42, 0x5f, 0x44, 0x53, 0x41, 0x46, 0x0b, 0x00, 0x04, 0x5c, 0x2e, 0x5f,
	0x53, 0x42, 0x5f, 0x44, 0x53, 0x41, 0x46, 0xa1, 0x42, 0x19, 0xa0, 0x23, 0x93, 0x5f, 0x54, 0x5f,
	0x30, 0x0c, 0x11, 0x00, 0x05, 0x00, 0x7d, 0x5c, 0x2e, 0x5f, 0x53, 0x42, 0x5f, 0x44, 0x53, 0x41,
	0x46, 0x0b, 0x00, 0x08, 0x5c, 0x2e, 0x5f, 0x53, 0x42, 0x5f, 0x44, 0x53, 0x41, 0x46, 0xa1, 0x4b,
	0x16, 0xa0, 0x23, 0x93, 0x5f, 0x54, 0x5f, 0x30, 0x0c, 0x12, 0x00, 0x05, 0x00, 0x7d, 0x5c, 0x2e,
	0x5f, 0x53, 0x42, 0x5f, 0x44, 0x53, 0x41, 0x46, 0x0b, 0x00, 0x10, 0x5c, 0x2e, 0x5f, 0x53, 0x42,
	0x5f, 0x44, 0x53, 0x41, 0x46, 0xa1, 0x44, 0x14, 0xa0, 0x23, 0x93, 0x5f, 0x54, 0x5f, 0x30, 0x0c,
	0x17, 0x00, 0x06, 0x00, 0x7d, 0x5c, 0x2e, 0x5f, 0x53, 0x42, 0x5f, 0x44, 0x53, 0x41, 0x46, 0x0b,
	0x00, 0x20, 0x5c, 0x2e, 0x5f, 0x53, 0x42, 0x5f, 0x44, 0x53, 0x41, 0x46, 0xa1, 0x4d, 0x11, 0xa0,
	0x23, 0x93, 0x5f, 0x54, 0x5f, 0x30, 0x0c, 0x21, 0x00, 0x08, 0x00, 0x7d, 0x5c, 0x2e, 0x5f, 0x53,
	0x42, 0x5f, 0x44, 0x53, 0x41, 0x46, 0x0b, 0x00, 0x40, 0x5c, 0x2e, 0x5f, 0x53, 0x42, 0x5f, 0x44,
	0x53, 0x41, 0x46, 0xa1, 0x46, 0x0f, 0xa0, 0x23, 0x93, 0x5f, 0x54, 0x5f, 0x30, 0x0c, 0x11, 0x00,
	0x10, 0x00, 0x7d, 0x5c, 0x2e, 0x5f, 0x53, 0x42, 0x5f, 0x44, 0x53, 0x41, 0x46, 0x0b, 0x00, 0x80,
	0x5c, 0x2e, 0x5f, 0x53, 0x42, 0x5f, 0x44, 0x53, 0x41, 0x46, 0xa1, 0x4f, 0x0c, 0xa0, 0x25, 0x93,
	0x5f, 0x54, 0x5f, 0x30, 0x0c, 0x01, 0x00, 0x05, 0x00, 0x7d, 0x5c, 0x2e, 0x5f, 0x53, 0x42, 0x5f,
	0x44, 0x53, 0x41, 0x46, 0x0c, 0x00, 0x00, 0x01, 0x00, 0x5c, 0x2e, 0x5f, 0x53, 0x42, 0x5f, 0x44,
	0x53, 0x41, 0x46, 0xa1, 0x46, 0x0a, 0xa0, 0x25, 0x93, 0x5f, 0x54, 0x5f, 0x30, 0x0c, 0x00, 0x00,
	0x12, 0x00, 0x7d, 0x5c, 0x2e, 0x5f, 0x53, 0x42, 0x5f, 0x44, 0x53, 0x41, 0x46, 0x0c, 0x00, 0x00,
	0x02, 0x00, 0x5c, 0x2e, 0x5f, 0x53, 0x42, 0x5f, 0x44, 0x53, 0x41, 0x46, 0xa1, 0x4d, 0x07, 0xa0,
	0x25, 0x93, 0x5f, 0x54, 0x5f, 0x30, 0x0c, 0x21, 0x00, 0x12, 0x00, 0x7d, 0x5c, 0x2e, 0x5f, 0x53,
	0x42, 0x5f, 0x44, 0x53, 0x41, 0x46, 0x0c, 0x00, 0x00, 0x04, 0x00, 0x5c, 0x2e, 0x5f, 0x53, 0x42,
	0x5f, 0x44, 0x53, 0x41, 0x46, 0xa1, 0x44, 0x05, 0xa0, 0x25, 0x93, 0x5f, 0x54, 0x5f, 0x30, 0x0c,
	0x11, 0x00, 0x12, 0x00, 0x7d, 0x5c, 0x2e, 0x5f, 0x53, 0x42, 0x5f, 0x44, 0x53, 0x41, 0x46, 0x0c,
	0x00, 0x00, 0x08, 0x00, 0x5c, 0x2e, 0x5f, 0x53, 0x42, 0x5f, 0x44, 0x53, 0x41, 0x46, 0xa1, 0x2b,
	0xa0, 0x25, 0x93, 0x5f, 0x54, 0x5f, 0x30, 0x0c, 0x23, 0x00, 0x12, 0x00, 0x7d, 0x5c, 0x2e, 0x5f,
	0x53, 0x42, 0x5f, 0x44, 0x53, 0x41, 0x46, 0x0c, 0x00, 0x00, 0x10, 0x00, 0x5c, 0x2e, 0x5f, 0x53,
	0x42, 0x5f, 0x44, 0x53, 0x41, 0x46, 0xa1, 0x03, 0xa4, 0x00, 0xa5, 0xa1, 0x4a, 0x3c, 0xa0, 0x47,
	0x3c, 0x93, 0x50, 0x41, 0x52, 0x41, 0x00, 0xa2, 0x4e, 0x3b, 0x01, 0x70, 0x44, 0x56, 0x49, 0x44,
	0x5f, 0x54, 0x5f, 0x31, 0xa0, 0x29, 0x93, 0x5f, 0x54, 0x5f, 0x31, 0x0c, 0x11, 0x00, 0x01, 0x00,
	0x7b, 0x5c, 0x2e, 0x5f, 0x53, 0x42, 0x5f, 0x44, 0x53, 0x41, 0x46, 0x0e, 0xfe, 0xff, 0xff, 0xff,
	0xff, 0xff, 0xff, 0xff, 0x5c, 0x2e, 0x5f, 0x53, 0x42, 0x5f, 0x44, 0x53, 0x41, 0x46, 0xa1, 0x46,
	0x38, 0xa0, 0x29, 0x93, 0x5f, 0x54, 0x5f, 0x31, 0x0c, 0x13, 0x00, 0x01, 0x00, 0x7b, 0x5c, 0x2e,
	0x5f, 0x53, 0x42, 0x5f, 0x44, 0x53, 0x41, 0x46, 0x0e, 0xfd, 0xff, 0xff, 0xff, 0xff, 0xff, 0xff,
	0xff, 0x5c, 0x2e, 0x5f, 0x53, 0x42, 0x5f, 0x44, 0x53, 0x41, 0x46, 0xa1, 0x49, 0x35, 0xa0, 0x29,
	0x93, 0x5f, 0x54, 0x5f, 0x31, 0x0c, 0x23, 0x00, 0x01, 0x00, 0x7b, 0x5c, 0x2e, 0x5f, 0x53, 0x42,
	0x5f, 0x44, 0x53, 0x41, 0x46, 0x0e, 0xfb, 0xff, 0xff, 0xff, 0xff, 0xff, 0xff, 0xff, 0x5c, 0x2e,
	0x5f, 0x53, 0x42, 0x5f, 0x44, 0x53, 0x41, 0x46, 0xa1, 0x4c, 0x32, 0xa0, 0x29, 0x93, 0x5f, 0x54,
	0x5f, 0x31, 0x0c, 0x13, 0x00, 0x06, 0x00, 0x7b, 0x5c, 0x2e, 0x5f, 0x53, 0x42, 0x5f, 0x44, 0x53,
	0x41, 0x46, 0x0e, 0xf7, 0xff, 0xff, 0xff, 0xff, 0xff, 0xff, 0xff, 0x5c, 0x2e, 0x5f, 0x53, 0x42,
	0x5f, 0x44, 0x53, 0x41, 0x46, 0xa1, 0x4f, 0x2f, 0xa0, 0x29, 0x93, 0x5f, 0x54, 0x5f, 0x31, 0x0c,
	0x15, 0x00, 0x06, 0x00, 0x7b, 0x5c, 0x2e, 0x5f, 0x53, 0x42, 0x5f, 0x44, 0x53, 0x41, 0x46, 0x0e,
	0xef, 0xff, 0xff, 0xff, 0xff, 0xff, 0xff, 0xff, 0x5c, 0x2e, 0x5f, 0x53, 0x42, 0x5f, 0x44, 0x53,
	0x41, 0x46, 0xa1, 0x42, 0x2d, 0xa0, 0x29, 0x93, 0x5f, 0x54, 0x5f, 0x31, 0x0c, 0x15, 0x00, 0x01,
	0x00, 0x7b, 0x5c, 0x2e, 0x5f, 0x53, 0x42, 0x5f, 0x44, 0x53, 0x41, 0x46, 0x0e, 0xdf, 0xff, 0xff,
	0xff, 0xff, 0xff, 0xff, 0xff, 0x5c, 0x2e, 0x5f, 0x53, 0x42, 0x5f, 0x44, 0x53, 0x41, 0x46, 0xa1,
	0x45, 0x2a, 0xa0, 0x29, 0x93, 0x5f, 0x54, 0x5f, 0x31, 0x0c, 0x11, 0x00, 0x09, 0x00, 0x7b, 0x5c,
	0x2e, 0x5f, 0x53, 0x42, 0x5f, 0x44, 0x53, 0x41, 0x46, 0x0e, 0xbf, 0xff, 0xff, 0xff, 0xff, 0xff,
	0xff, 0xff, 0x5c, 0x2e, 0x5f, 0x53, 0x42, 0x5f, 0x44, 0x53, 0x41, 0x46, 0xa1, 0x48, 0x27, 0xa0,
	0x29, 0x93, 0x5f, 0x54, 0x5f, 0x31, 0x0c, 0x11, 0x00, 0x07, 0x00, 0x7b, 0x5c, 0x2e, 0x5f, 0x53,
	0x42, 0x5f, 0x44, 0x53, 0x41, 0x46, 0x0e, 0x7f, 0xff, 0xff, 0xff, 0xff, 0xff, 0xff, 0xff, 0x5c,
	0x2e, 0x5f, 0x53, 0x42, 0x5f, 0x44, 0x53, 0x41, 0x46, 0xa1, 0x4b, 0x24, 0xa0, 0x29, 0x93, 0x5f,
	0x54, 0x5f, 0x31, 0x0c, 0x13, 0x00, 0x08, 0x00, 0x7b, 0x5c, 0x2e, 0x5f, 0x53, 0x42, 0x5f, 0x44,
	0x53, 0x41, 0x46, 0x0e, 0xff, 0xfe, 0xff, 0xff, 0xff, 0xff, 0xff, 0xff, 0x5c, 0x2e, 0x5f, 0x53,
	0x42, 0x5f, 0x44, 0x53, 0x41, 0x46, 0xa1, 0x4e, 0x21, 0xa0, 0x29, 0x93, 0x5f, 0x54, 0x5f, 0x31,
	0x0c, 0x19, 0x00, 0x01, 0x00, 0x7b, 0x5c, 0x2e, 0x5f, 0x53, 0x42, 0x5f, 0x44, 0x53, 0x41, 0x46,
	0x0e, 0xff, 0xfd, 0xff, 0xff, 0xff, 0xff, 0xff, 0xff, 0x5c, 0x2e, 0x5f, 0x53, 0x42, 0x5f, 0x44,
	0x53, 0x41, 0x46, 0xa1, 0x41, 0x1f, 0xa0, 0x29, 0x93, 0x5f, 0x54, 0x5f, 0x31, 0x0c, 0x17, 0x00,
	0x01, 0x00, 0x7b, 0x5c, 0x2e, 0x5f, 0x53, 0x42, 0x5f, 0x44, 0x53, 0x41, 0x46, 0x0e, 0xff, 0xfb,
	0xff, 0xff, 0xff, 0xff, 0xff, 0xff, 0x5c, 0x2e, 0x5f, 0x53, 0x42, 0x5f, 0x44, 0x53, 0x41, 0x46,
	0xa1, 0x44, 0x1c, 0xa0, 0x29, 0x93, 0x5f, 0x54, 0x5f, 0x31, 0x0c, 0x11, 0x00, 0x05, 0x00, 0x7b,
	0x5c, 0x2e, 0x5f, 0x53, 0x42, 0x5f, 0x44, 0x53, 0x41, 0x46, 0x0e, 0xff, 0xf7, 0xff, 0xff, 0xff,
	0xff, 0xff, 0xff, 0x5c, 0x2e, 0x5f, 0x53, 0x42, 0x5f, 0x44, 0x53, 0x41, 0x46, 0xa1, 0x47, 0x19,
	0xa0, 0x29, 0x93, 0x5f, 0x54, 0x5f, 0x31, 0x0c, 0x12, 0x00, 0x05, 0x00, 0x7b, 0x5c, 0x2e, 0x5f,
	0x53, 0x42, 0x5f, 0x44, 0x53, 0x41, 0x46, 0x0e, 0xff, 0xef, 0xff, 0xff, 0xff, 0xff, 0xff, 0xff,
	0x5c, 0x2e, 0x5f, 0x53, 0x42, 0x5f, 0x44, 0x53, 0x41, 0x46, 0xa1, 0x4a, 0x16, 0xa0, 0x29, 0x93,
	0x5f, 0x54, 0x5f, 0x31, 0x0c, 0x17, 0x00, 0x06, 0x00, 0x7b, 0x5c, 0x2e, 0x5f, 0x53, 0x42, 0x5f,
	0x44, 0x53, 0x41, 0x46, 0x0e, 0xff, 0xdf, 0xff, 0xff, 0xff, 0xff, 0xff, 0xff, 0x5c, 0x2e, 0x5f,
	0x53, 0x42, 0x5f, 0x44, 0x53, 0x41, 0x46, 0xa1, 0x4d, 0x13, 0xa0, 0x29, 0x93, 0x5f, 0x54, 0x5f,
	0x31, 0x0c, 0x21, 0x00, 0x08, 0x00, 0x7b, 0x5c, 0x2e, 0x5f, 0x53, 0x42, 0x5f, 0x44, 0x53, 0x41,
	0x46, 0x0e, 0xff, 0xbf, 0xff, 0xff, 0xff, 0xff, 0xff, 0xff, 0x5c, 0x2e, 0x5f, 0x53, 0x42, 0x5f,
	0x44, 0x53, 0x41, 0x46, 0xa1, 0x40, 0x11, 0xa0, 0x29, 0x93, 0x5f, 0x54, 0x5f, 0x31, 0x0c, 0x11,
	0x00, 0x10, 0x00, 0x7b, 0x5c, 0x2e, 0x5f, 0x53, 0x42, 0x5f, 0x44, 0x53, 0x41, 0x46, 0x0e, 0xff,
	0x7f, 0xff, 0xff, 0xff, 0xff, 0xff, 0xff, 0x5c, 0x2e, 0x5f, 0x53, 0x42, 0x5f, 0x44, 0x53, 0x41,
	0x46, 0xa1, 0x43, 0x0e, 0xa0, 0x29, 0x93, 0x5f, 0x54, 0x5f, 0x31, 0x0c, 0x01, 0x00, 0x05, 0x00,
	0x7b, 0x5c, 0x2e, 0x5f, 0x53, 0x42, 0x5f, 0x44, 0x53, 0x41, 0x46, 0x0e, 0xff, 0xff, 0xfe, 0xff,
	0xff, 0xff, 0xff, 0xff, 0x5c, 0x2e, 0x5f, 0x53, 0x42, 0x5f, 0x44, 0x53, 0x41, 0x46, 0xa1, 0x46,
	0x0b, 0xa0, 0x29, 0x93, 0x5f, 0x54, 0x5f, 0x31, 0x0c, 0x00, 0x00, 0x12, 0x00, 0x7b, 0x5c, 0x2e,
	0x5f, 0x53, 0x42, 0x5f, 0x44, 0x53, 0x41, 0x46, 0x0e, 0xff, 0xff, 0xfd, 0xff, 0xff, 0xff, 0xff,
	0xff, 0x5c, 0x2e, 0x5f, 0x53, 0x42, 0x5f, 0x44, 0x53, 0x41, 0x46, 0xa1, 0x49, 0x08, 0xa0, 0x29,
	0x93, 0x5f, 0x54, 0x5f, 0x31, 0x0c, 0x21, 0x00, 0x12, 0x00, 0x7b, 0x5c, 0x2e, 0x5f, 0x53, 0x42,
	0x5f, 0x44, 0x53, 0x41, 0x46, 0x0e, 0xff, 0xff, 0xfb, 0xff, 0xff, 0xff, 0xff, 0xff, 0x5c, 0x2e,
	0x5f, 0x53, 0x42, 0x5f, 0x44, 0x53, 0x41, 0x46, 0xa1, 0x4c, 0x05, 0xa0, 0x29, 0x93, 0x5f, 0x54,
	0x5f, 0x31, 0x0c, 0x11, 0x00, 0x12, 0x00, 0x7b, 0x5c, 0x2e, 0x5f, 0x53, 0x42, 0x5f, 0x44, 0x53,
	0x41, 0x46, 0x0e, 0xff, 0xff, 0xf7, 0xff, 0xff, 0xff, 0xff, 0xff, 0x5c, 0x2e, 0x5f, 0x53, 0x42,
	0x5f, 0x44, 0x53, 0x41, 0x46, 0xa1, 0x2f, 0xa0, 0x29, 0x93, 0x5f, 0x54, 0x5f, 0x31, 0x0c, 0x23,
	0x00, 0x12, 0x00, 0x7b, 0x5c, 0x2e, 0x5f, 0x53, 0x42, 0x5f, 0x44, 0x53, 0x41, 0x46, 0x0e, 0xff,
	0xff, 0xef, 0xff, 0xff, 0xff, 0xff, 0xff, 0x5c, 0x2e, 0x5f, 0x53, 0x42, 0x5f, 0x44, 0x53, 0x41,
	0x46, 0xa1, 0x03, 0xa4, 0x00, 0xa5, 0xa4, 0x01, 0x14, 0x0f, 0x53, 0x44, 0x53, 0x50, 0x09, 0x8a,
	0x68, 0x00, 0x41, 0x43, 0x54, 0x4e, 0xa4, 0x00, 0x14, 0x0f, 0x47, 0x44, 0x53, 0x50, 0x09, 0x8a,
	0x68, 0x00, 0x41, 0x43, 0x54, 0x4e, 0xa4, 0x00, 0x14, 0x36, 0x44, 0x45, 0x56, 0x53, 0x09, 0x08,
	0x5f, 0x54, 0x5f, 0x30, 0x00, 0x8a, 0x68, 0x00, 0x44, 0x56, 0x49, 0x44, 0x8a, 0x68, 0x0a, 0x04,
	0x43, 0x50, 0x41, 0x52, 0xa2, 0x1a, 0x01, 0x70, 0x44, 0x56, 0x49, 0x44, 0x5f, 0x54, 0x5f, 0x30,
	0xa0, 0x09, 0x93, 0x5f, 0x54, 0x5f, 0x30, 0x00, 0xa4, 0x00, 0xa1, 0x03, 0xa4, 0x00, 0xa5, 0x14,
	0x4c, 0x05, 0x44, 0x53, 0x54, 0x53, 0x09, 0x08, 0x5f, 0x54, 0x5f, 0x30, 0x00, 0x8a, 0x68, 0x00,
	0x44, 0x56, 0x49, 0x44, 0xa2, 0x3d, 0x01, 0x70, 0x44, 0x56, 0x49, 0x44, 0x5f, 0x54, 0x5f, 0x30,
	0xa0, 0x0e, 0x93, 0x5f, 0x54, 0x5f, 0x30, 0x0c, 0x00, 0x00, 0x00, 0xa0, 0x70, 0x01, 0x60, 0xa1,
	0x21, 0xa0, 0x0e, 0x93, 0x5f, 0x54, 0x5f, 0x30, 0x0c, 0x02, 0x00, 0x00, 0xa0, 0x70, 0x01, 0x60,
	0xa1, 0x10, 0xa0, 0x09, 0x93, 0x5f, 0x54, 0x5f, 0x30, 0x00, 0xa4, 0x00, 0xa1, 0x04, 0x70, 0x00,
	0x60, 0xa5, 0x7b, 0x60, 0x0c, 0xff, 0xff, 0x07, 0x00, 0x60, 0xa4, 0x60, 0x14, 0x08, 0x47, 0x50,
	0x49, 0x44, 0x08, 0xa4, 0x00, 0x14, 0x08, 0x4b, 0x42, 0x46, 0x54, 0x09, 0xa4, 0x00, 0x14, 0x08,
	0x48, 0x4b, 0x45, 0x59, 0x08, 0xa4, 0x00, 0x14, 0x06, 0x43, 0x46, 0x56, 0x53, 0x09, 0x14, 0x06,
	0x43, 0x46, 0x56, 0x47, 0x08, 0x08, 0x52, 0x41, 0x4d, 0x41, 0x0c, 0x18, 0x80, 0xa8, 0xca, 0x08,
	0x57, 0x42, 0x55, 0x46, 0x11, 0x03, 0x0a, 0x50, 0x5b, 0x80, 0x5c, 0x52, 0x41, 0x4d, 0x58, 0x00,
	0x52, 0x41, 0x4d, 0x41, 0x0b, 0x00, 0x01, 0x5b, 0x81, 0x1f, 0x52, 0x41, 0x4d, 0x58, 0x01, 0x57,
	0x46, 0x55, 0x4e, 0x20, 0x57, 0x53, 0x49, 0x5a, 0x20, 0x00, 0x40, 0x04, 0x49, 0x44, 0x41, 0x54,
	0x40, 0x38, 0x4f, 0x44, 0x41, 0x54, 0x40, 0x40, 0x5b, 0x01, 0x57, 0x4d, 0x54, 0x58, 0x00, 0x08,
	0x4c, 0x53, 0x54, 0x46, 0x11, 0x03, 0x0a, 0x04, 0x08, 0x4c, 0x53, 0x54, 0x49, 0x11, 0x03, 0x0a,
	0x70, 0x08, 0x43, 0x55, 0x52, 0x46, 0x11, 0x03, 0x0a, 0x04, 0x08, 0x43, 0x55, 0x52, 0x49, 0x11,
	0x03, 0x0a, 0x70, 0x14, 0x46, 0x05, 0x57, 0x4d, 0x49, 0x49, 0x08, 0x70, 0x57, 0x46, 0x55, 0x4e,
	0x43, 0x55, 0x52, 0x46, 0x70, 0x49, 0x44, 0x41, 0x54, 0x43, 0x55, 0x52, 0x49, 0xa0, 0x16, 0x90,
	0x93, 0x43, 0x55, 0x52, 0x46, 0x4c, 0x53, 0x54, 0x46, 0x93, 0x43, 0x55, 0x52, 0x49, 0x4c, 0x53,
	0x54, 0x49, 0xa4, 0x00, 0xa1, 0x25, 0x70, 0x00, 0x4f, 0x44, 0x41, 0x54, 0x5c, 0x2e, 0x5f, 0x53,
	0x42, 0x5f, 0x49, 0x53, 0x4d, 0x49, 0x0a, 0xda, 0x70, 0x57, 0x46, 0x55, 0x4e, 0x4c, 0x53, 0x54,
	0x46, 0x70, 0x49, 0x44, 0x41, 0x54, 0x4c, 0x53, 0x54, 0x49, 0x14, 0x18, 0x4c, 0x45, 0x52, 0x52,
	0x09, 0x70, 0x4f, 0x44, 0x41, 0x54, 0x57, 0x42, 0x55, 0x46, 0xa4, 0x83, 0x88, 0x57, 0x42, 0x55,
	0x46, 0x00, 0x00, 0x14, 0x36, 0x47, 0x42, 0x4f, 0x44, 0x09, 0xa0, 0x2d, 0x93, 0x5b, 0x23, 0x57,
	0x4d, 0x54, 0x58, 0xff, 0xff, 0x00, 0x70, 0x0c, 0x01, 0x00, 0x00, 0x80, 0x57, 0x46, 0x55, 0x4e,
	0x57, 0x4d, 0x49, 0x49, 0x70, 0x4f, 0x44, 0x41, 0x54, 0x57, 0x42, 0x55, 0x46, 0x5b, 0x27, 0x57,
	0x4d, 0x54, 0x58, 0xa4, 0x57, 0x42, 0x55, 0x46, 0xa4, 0xff, 0x14, 0x3c, 0x53, 0x42, 0x4f, 0x44,
	0x09, 0xa0, 0x33, 0x93, 0x5b, 0x23, 0x57, 0x4d, 0x54, 0x58, 0xff, 0xff, 0x00, 0x70, 0x0c, 0x02,
	0x00, 0x00, 0x80, 0x57, 0x46, 0x55, 0x4e, 0x70, 0x68, 0x49, 0x44, 0x41, 0x54, 0x57, 0x4d, 0x49,
	0x49, 0x70, 0x4f, 0x44, 0x41, 0x54, 0x57, 0x42, 0x55, 0x46, 0x5b, 0x27, 0x57, 0x4d, 0x54, 0x58,
	0xa4, 0x57, 0x42, 0x55, 0x46, 0xa4, 0xff, 0x14, 0x3c, 0x47, 0x42, 0x4f, 0x4e, 0x09, 0xa0, 0x33,
	0x93, 0x5b, 0x23, 0x57, 0x4d, 0x54, 0x58, 0xff, 0xff, 0x00, 0x70, 0x0c, 0x03, 0x00, 0x00, 0x80,
	0x57, 0x46, 0x55, 0x4e, 0x70, 0x68, 0x49, 0x44, 0x41, 0x54, 0x57, 0x4d, 0x49, 0x49, 0x70, 0x4f,
	0x44, 0x41, 0x54, 0x57, 0x42, 0x55, 0x46, 0x5b, 0x27, 0x57, 0x4d, 0x54, 0x58, 0xa4, 0x57, 0x42,
	0x55, 0x46, 0xa4, 0xff, 0x14, 0x3c, 0x47, 0x4c, 0x42, 0x4e, 0x09, 0xa0, 0x33, 0x93, 0x5b, 0x23,
	0x57, 0x4d, 0x54, 0x58, 0xff, 0xff, 0x00, 0x70, 0x0c, 0x06, 0x00, 0x00, 0x80, 0x57, 0x46, 0x55,
	0x4e, 0x70, 0x68, 0x49, 0x44, 0x41, 0x54, 0x57, 0x4d, 0x49, 0x49, 0x70, 0x4f, 0x44, 0x41, 0x54,
	0x57, 0x42, 0x55, 0x46, 0x5b, 0x27, 0x57, 0x4d, 0x54, 0x58, 0xa4, 0x57, 0x42, 0x55, 0x46, 0xa4,
	0xff, 0x14, 0x3c, 0x49, 0x53, 0x4c, 0x47, 0x09, 0xa0, 0x33, 0x93, 0x5b, 0x23, 0x57, 0x4d, 0x54,
	0x58, 0xff, 0xff, 0x00, 0x70, 0x0c, 0x07, 0x00, 0x00, 0x80, 0x57, 0x46, 0x55, 0x4e, 0x70, 0x68,
	0x49, 0x44, 0x41, 0x54, 0x57, 0x4d, 0x49, 0x49, 0x70, 0x4f, 0x44, 0x41, 0x54, 0x57, 0x42, 0x55,
	0x46, 0x5b, 0x27, 0x57, 0x4d, 0x54, 0x58, 0xa4, 0x57, 0x42, 0x55, 0x46, 0xa4, 0xff, 0x14, 0x3c,
	0x47, 0x4c, 0x42, 0x4f, 0x09, 0xa0, 0x33, 0x93, 0x5b, 0x23, 0x57, 0x4d, 0x54, 0x58, 0xff, 0xff,
	0x00, 0x70, 0x0c, 0x08, 0x00, 0x00, 0x80, 0x57, 0x46, 0x55, 0x4e, 0x70, 0x68, 0x49, 0x44, 0x41,
	0x54, 0x57, 0x4d, 0x49, 0x49, 0x70, 0x4f, 0x44, 0x41, 0x54, 0x57, 0x42, 0x55, 0x46, 0x5b, 0x27,
	0x57, 0x4d, 0x54, 0x58, 0xa4, 0x57, 0x42, 0x55, 0x46, 0xa4, 0xff, 0x14, 0x3c, 0x53, 0x4c, 0x42,
	0x4f, 0x09, 0xa0, 0x33, 0x93, 0x5b, 0x23, 0x57, 0x4d, 0x54, 0x58, 0xff, 0xff, 0x00, 0x70, 0x0c,
	0x09, 0x00, 0x00, 0x80, 0x57, 0x46, 0x55, 0x4e, 0x70, 0x68, 0x49, 0x44, 0x41, 0x54, 0x57, 0x4d,
	0x49, 0x49, 0x70, 0x4f, 0x44, 0x41, 0x54, 0x57, 0x42, 0x55, 0x46, 0x5b, 0x27, 0x57, 0x4d, 0x54,
	0x58, 0xa4, 0x57, 0x42, 0x55, 0x46, 0xa4, 0xff, 0x14, 0x3c, 0x53, 0x41, 0x50, 0x57, 0x09, 0xa0,
	0x33, 0x93, 0x5b, 0x23, 0x57, 0x4d, 0x54, 0x58, 0xff, 0xff, 0x00, 0x70, 0x0c, 0x04, 0x00, 0x00,
	0x80, 0x57, 0x46, 0x55, 0x4e, 0x70, 0x68, 0x49, 0x44, 0x41, 0x54, 0x57, 0x4d, 0x49, 0x49, 0x70,
	0x4f, 0x44, 0x41, 0x54, 0x57, 0x42, 0x55, 0x46, 0x5b, 0x27, 0x57, 0x4d, 0x54, 0x58, 0xa4, 0x57,
	0x42, 0x55, 0x46, 0xa4, 0xff, 0x14, 0x3c, 0x53, 0x55, 0x50, 0x57, 0x09, 0xa0, 0x33, 0x93, 0x5b,
	0x23, 0x57, 0x4d, 0x54, 0x58, 0xff, 0xff, 0x00, 0x70, 0x0c, 0x05, 0x00, 0x00, 0x80, 0x57, 0x46,
	0x55, 0x4e, 0x70, 0x68, 0x49, 0x44, 0x41, 0x54, 0x57, 0x4d, 0x49, 0x49, 0x70, 0x4f, 0x44, 0x41,
	0x54, 0x57, 0x42, 0x55, 0x46, 0x5b, 0x27, 0x57, 0x4d, 0x54, 0x58, 0xa4, 0x57, 0x42, 0x55, 0x46,
	0xa4, 0xff, 0x14, 0x3c, 0x53, 0x42, 0x4f, 0x47, 0x09, 0xa0, 0x33, 0x93, 0x5b, 0x23, 0x57, 0x4d,
	0x54, 0x58, 0xff, 0xff, 0x00, 0x70, 0x0c, 0x0a, 0x00, 0x00, 0x80, 0x57, 0x46, 0x55, 0x4e, 0x70,
	0x68, 0x49, 0x44, 0x41, 0x54, 0x57, 0x4d, 0x49, 0x49, 0x70, 0x4f, 0x44, 0x41, 0x54, 0x57, 0x42,
	0x55, 0x46, 0x5b, 0x27, 0x57, 0x4d, 0x54, 0x58, 0xa4, 0x57, 0x42, 0x55, 0x46, 0xa4, 0xff, 0x14,
	0x36, 0x4c, 0x44, 0x46, 0x54, 0x08, 0xa0, 0x2d, 0x93, 0x5b, 0x23, 0x57, 0x4d, 0x54, 0x58, 0xff,
	0xff, 0x00, 0x70, 0x0c, 0x0b, 0x00, 0x00, 0x80, 0x57, 0x46, 0x55, 0x4e, 0x57, 0x4d, 0x49, 0x49,
	0x70, 0x4f, 0x44, 0x41, 0x54, 0x57, 0x42, 0x55, 0x46, 0x5b, 0x27, 0x57, 0x4d, 0x54, 0x58, 0xa4,
	0x57, 0x42, 0x55, 0x46, 0xa4, 0xff, 0x14, 0x3c, 0x53, 0x46, 0x54, 0x42, 0x09, 0xa0, 0x33, 0x93,
	0x5b, 0x23, 0x57, 0x4d, 0x54, 0x58, 0xff, 0xff, 0x00, 0x70, 0x0c, 0x0c, 0x00, 0x00, 0x80, 0x57,
	0x46, 0x55, 0x4e, 0x70, 0x68, 0x49, 0x44, 0x41, 0x54, 0x57, 0x4d, 0x49, 0x49, 0x70, 0x4f, 0x44,
	0x41, 0x54, 0x57, 0x42, 0x55, 0x46, 0x5b, 0x27, 0x57, 0x4d, 0x54, 0x58, 0xa4, 0x57, 0x42, 0x55,
	0x46, 0xa4, 0xff, 0x14, 0x3c, 0x53, 0x44, 0x46, 0x54, 0x09, 0xa0, 0x33, 0x93, 0x5b, 0x23, 0x57,
	0x4d, 0x54, 0x58, 0xff, 0xff, 0x00, 0x70, 0x0c, 0x0d, 0x00, 0x00, 0x80, 0x57, 0x46, 0x55, 0x4e,
	0x70, 0x68, 0x49, 0x44, 0x41, 0x54, 0x57, 0x4d, 0x49, 0x49, 0x70, 0x4f, 0x44, 0x41, 0x54, 0x57,
	0x42, 0x55, 0x46, 0x5b, 0x27, 0x57, 0x4d, 0x54, 0x58, 0xa4, 0x57, 0x42, 0x55, 0x46, 0xa4, 0xff,
	0x14, 0x36, 0x53, 0x46, 0x54, 0x4d, 0x08, 0xa0, 0x2d, 0x93, 0x5b, 0x23, 0x57, 0x4d, 0x54, 0x58,
	0xff, 0xff, 0x00, 0x70, 0x0c, 0x0e, 0x00, 0x00, 0x80, 0x57, 0x46, 0x55, 0x4e, 0x57, 0x4d, 0x49,
	0x49, 0x70, 0x4f, 0x44, 0x41, 0x54, 0x57, 0x42, 0x55, 0x46, 0x5b, 0x27, 0x57, 0x4d, 0x54, 0x58,
	0xa4, 0x57, 0x42, 0x55, 0x46, 0xa4, 0xff, 0x14, 0x3c, 0x44, 0x43, 0x54, 0x4c, 0x09, 0xa0, 0x33,
	0x93, 0x5b, 0x23, 0x57, 0x4d, 0x54, 0x58, 0xff, 0xff, 0x00, 0x70, 0x0c, 0x0f, 0x00, 0x00, 0x80,
	0x57, 0x46, 0x55, 0x4e, 0x70, 0x68, 0x49, 0x44, 0x41, 0x54, 0x57, 0x4d, 0x49, 0x49, 0x70, 0x4f,
	0x44, 0x41, 0x54, 0x57, 0x42, 0x55, 0x46, 0x5b, 0x27, 0x57, 0x4d, 0x54, 0x58, 0xa4, 0x57, 0x42,
	0x55, 0x46, 0xa4, 0xff, 0x14, 0x3c, 0x47, 0x46, 0x41, 0x4e, 0x09, 0xa0, 0x33, 0x93, 0x5b, 0x23,
	0x57, 0x4d, 0x54, 0x58, 0xff, 0xff, 0x00, 0x70, 0x0c, 0x10, 0x00, 0x00, 0x80, 0x57, 0x46, 0x55,
	0x4e, 0x70, 0x68, 0x49, 0x44, 0x41, 0x54, 0x57, 0x4d, 0x49, 0x49, 0x70, 0x4f, 0x44, 0x41, 0x54,
	0x57, 0x42, 0x55, 0x46, 0x5b, 0x27, 0x57, 0x4d, 0x54, 0x58, 0xa4, 0x57, 0x42, 0x55, 0x46, 0xa4,
	0xff, 0x14, 0x3c, 0x53, 0x46, 0x41, 0x4e, 0x09, 0xa0, 0x33, 0x93, 0x5b, 0x23, 0x57, 0x4d, 0x54,
	0x58, 0xff, 0xff, 0x00, 0x70, 0x0c, 0x11, 0x00, 0x00, 0x80, 0x57, 0x46, 0x55, 0x4e, 0x70, 0x68,
	0x49, 0x44, 0x41, 0x54, 0x57, 0x4d, 0x49, 0x49, 0x70, 0x4f, 0x44, 0x41, 0x54, 0x57, 0x42, 0x55,
	0x46, 0x5b, 0x27, 0x57, 0x4d, 0x54, 0x58, 0xa4, 0x57, 0x42, 0x55, 0x46, 0xa4, 0xff, 0x14, 0x3c,
	0x47, 0x46, 0x43, 0x56, 0x09, 0xa0, 0x33, 0x93, 0x5b, 0x23, 0x57, 0x4d, 0x54, 0x58, 0xff, 0xff,
	0x00, 0x70, 0x0c, 0x12, 0x00, 0x00, 0x80, 0x57, 0x46, 0x55, 0x4e, 0x70, 0x68, 0x49, 0x44, 0x41,
	0x54, 0x57, 0x4d, 0x49, 0x49, 0x70, 0x4f, 0x44, 0x41, 0x54, 0x57, 0x42, 0x55, 0x46, 0x5b, 0x27,
	0x57, 0x4d, 0x54, 0x58, 0xa4, 0x57, 0x42, 0x55, 0x46, 0xa4, 0xff, 0x14, 0x3c, 0x53, 0x46, 0x43,
	0x56, 0x09, 0xa0, 0x33, 0x93, 0x5b, 0x23, 0x57, 0x4d, 0x54, 0x58, 0xff, 0xff, 0x00, 0x70, 0x0c,
	0x13, 0x00, 0x00, 0x80, 0x57, 0x46, 0x55, 0x4e, 0x70, 0x68, 0x49, 0x44, 0x41, 0x54, 0x57, 0x4d,
	0x49, 0x49, 0x70, 0x4f, 0x44, 0x41, 0x54, 0x57, 0x42, 0x55, 0x46, 0x5b, 0x27, 0x57, 0x4d, 0x54,
	0x58, 0xa4, 0x57, 0x42, 0x55, 0x46, 0xa4, 0xff, 0x14, 0x3c, 0x43, 0x4b, 0x50, 0x57, 0x09, 0xa0,
	0x33, 0x93, 0x5b, 0x23, 0x57, 0x4d, 0x54, 0x58, 0xff, 0xff, 0x00, 0x70, 0x0c, 0x14, 0x00, 0x00,
	0x80, 0x57, 0x46, 0x55, 0x4e, 0x70, 0x68, 0x49, 0x44, 0x41, 0x54, 0x57, 0x4d, 0x49, 0x49, 0x70,
	0x4f, 0x44, 0x41, 0x54, 0x57, 0x42, 0x55, 0x46, 0x5b, 0x27, 0x57, 0x4d, 0x54, 0x58, 0xa4, 0x57,
	0x42, 0x55, 0x46, 0xa4, 0xff, 0x14, 0x3c, 0x47, 0x54, 0x4f, 0x44, 0x09, 0xa0, 0x33, 0x93, 0x5b,
	0x23, 0x57, 0x4d, 0x54, 0x58, 0xff, 0xff, 0x00, 0x70, 0x0c, 0x15, 0x00, 0x00, 0x80, 0x57, 0x46,
	0x55, 0x4e, 0x70, 0x68, 0x49, 0x44, 0x41, 0x54, 0x57, 0x4d, 0x49, 0x49, 0x70, 0x4f, 0x44, 0x41,
	0x54, 0x57, 0x42, 0x55, 0x46, 0x5b, 0x27, 0x57, 0x4d, 0x54, 0x58, 0xa4, 0x57, 0x42, 0x55, 0x46,
	0xa4, 0xff, 0x14, 0x3c, 0x53, 0x54, 0x4f, 0x44, 0x09, 0xa0, 0x33, 0x93, 0x5b, 0x23, 0x57, 0x4d,
	0x54, 0x58, 0xff, 0xff, 0x00, 0x70, 0x0c, 0x16, 0x00, 0x00, 0x80, 0x57, 0x46, 0x55, 0x4e, 0x70,
	0x68, 0x49, 0x44, 0x41, 0x54, 0x57, 0x4d, 0x49, 0x49, 0x70, 0x4f, 0x44, 0x41, 0x54, 0x57, 0x42,
	0x55, 0x46, 0x5b, 0x27, 0x57, 0x4d, 0x54, 0x58, 0xa4, 0x57, 0x42, 0x55, 0x46, 0xa4, 0xff, 0x14,
	0x08, 0x41, 0x41, 0x50, 0x44, 0x09, 0xa4, 0x00, 0x10, 0x46, 0x27, 0x5f, 0x53, 0x42, 0x5f, 0x08,
	0x52, 0x41, 0x4d, 0x42, 0x0c, 0x18, 0xe0, 0xb8, 0xca, 0x5b, 0x80, 0x5c, 0x52, 0x41, 0x4d, 0x57,
	0x00, 0x52, 0x41, 0x4d, 0x42, 0x0c, 0x00, 0x00, 0x01, 0x00, 0x5b, 0x81, 0x25, 0x52, 0x41, 0x4d,
	0x57, 0x01, 0x44, 0x53, 0x41, 0x46, 0x20, 0x50, 0x41, 0x52, 0x30, 0x20, 0x50, 0x41, 0x52, 0x31,
	0x20, 0x50, 0x41, 0x52, 0x32, 0x20, 0x50, 0x49, 0x4e, 0x58, 0x20, 0x50, 0x41, 0x44, 0x44, 0x40,
	0x80, 0x5b, 0x01, 0x4d, 0x50, 0x41, 0x52, 0x00, 0x08, 0x41, 0x52, 0x42, 0x46, 0x11, 0x03, 0x0a,
	0x10, 0x8a, 0x41, 0x52, 0x42, 0x46, 0x00, 0x52, 0x45, 0x41, 0x58, 0x8a, 0x41, 0x52, 0x42, 0x46,
	0x0a, 0x04, 0x52, 0x45, 0x42, 0x58, 0x8a, 0x41, 0x52, 0x42, 0x46, 0x0a, 0x08, 0x52, 0x45, 0x43,
	0x58, 0x8a, 0x41, 0x52, 0x42, 0x46, 0x0a, 0x0c, 0x52, 0x45, 0x44, 0x58, 0x5b, 0x80, 0x44, 0x45,
	0x42, 0x30, 0x01, 0x0a, 0x80, 0x01, 0x5b, 0x81, 0x0b, 0x44, 0x45, 0x42, 0x30, 0x01, 0x44, 0x42,
	0x47, 0x38, 0x08, 0x5b, 0x80, 0x49, 0x4f, 0x42, 0x32, 0x01, 0x53, 0x4d, 0x49, 0x50, 0x0a, 0x02,
	0x5b, 0x81, 0x10, 0x49, 0x4f, 0x42, 0x32, 0x01, 0x53, 0x4d, 0x50, 0x54, 0x08, 0x53, 0x4d, 0x49,
	0x53, 0x08, 0x14, 0x0c, 0x49, 0x53, 0x4d, 0x49, 0x09, 0x70, 0x68, 0x53, 0x4d, 0x50, 0x54, 0x14,
	0x4f, 0x04, 0x47, 0x4d, 0x53, 0x52, 0x09, 0xa0, 0x45, 0x04, 0x93, 0x5b, 0x23, 0x4d, 0x50, 0x41,
	0x52, 0xff, 0xff, 0x00, 0x70, 0x0c, 0x00, 0x00, 0x00, 0x80, 0x50, 0x49, 0x4e, 0x58, 0x70, 0x68,
	0x50, 0x41, 0x52, 0x30, 0x49, 0x53, 0x4d, 0x49, 0x0a, 0x90, 0x70, 0x68, 0x52, 0x45, 0x43, 0x58,
	0x70, 0x50, 0x41, 0x52, 0x31, 0x52, 0x45, 0x41, 0x58, 0x70, 0x50, 0x41, 0x52, 0x32, 0x52, 0x45,
	0x44, 0x58, 0x5b, 0x27, 0x4d, 0x50, 0x41, 0x52, 0xa4, 0x41, 0x52, 0x42, 0x46, 0xa4, 0xff, 0x14,
	0x46, 0x06, 0x53, 0x4d, 0x53, 0x52, 0x09, 0xa0, 0x4c, 0x05, 0x93, 0x5b, 0x23, 0x4d, 0x50, 0x41,
	0x52, 0xff, 0xff, 0x00, 0x8a, 0x68, 0x00, 0x41, 0x45, 0x41, 0x58, 0x8a, 0x68, 0x0a, 0x04, 0x41,
	0x45, 0x42, 0x58, 0x8a, 0x68, 0x0a, 0x08, 0x41, 0x45, 0x43, 0x58, 0x8a, 0x68, 0x0a, 0x0c, 0x41,
	0x45, 0x44, 0x58, 0x70, 0x0c, 0x01, 0x00, 0x00, 0x80, 0x50, 0x49, 0x4e, 0x58, 0x70, 0x41, 0x45,
	0x43, 0x58, 0x50, 0x41, 0x52, 0x30, 0x70, 0x41, 0x45, 0x41, 0x58, 0x50, 0x41, 0x52, 0x31, 0x70,
	0x41, 0x45, 0x44, 0x58, 0x50, 0x41, 0x52, 0x32, 0x49, 0x53, 0x4d, 0x49, 0x0a, 0x90, 0x5b, 0x27,
	0x4d, 0x50, 0x41, 0x52, 0xa4, 0xff, 0x14, 0x48, 0x04, 0x50, 0x52, 0x49, 0x44, 0x09, 0xa0, 0x3e,
	0x93, 0x5b, 0x23, 0x4d, 0x50, 0x41, 0x52, 0xff, 0xff, 0x00, 0x70, 0x0c, 0x02, 0x00, 0x00, 0x80,
	0x50, 0x49, 0x4e, 0x58, 0x70, 0x68, 0x50, 0x41, 0x52, 0x30, 0x49, 0x53, 0x4d, 0x49, 0x0a, 0x90,
	0x70, 0x50, 0x41, 0x52, 0x31, 0x52, 0x45, 0x41, 0x58, 0x70, 0x50, 0x41, 0x52, 0x32, 0x52, 0x45,
	0x44, 0x58, 0x5b, 0x27, 0x4d, 0x50, 0x41, 0x52, 0xa4, 0x41, 0x52, 0x42, 0x46, 0xa4, 0xff, 0x14,
	0x21, 0x47, 0x50, 0x52, 0x45, 0x09, 0x70, 0x68, 0x50, 0x41, 0x52, 0x30, 0x70, 0x0c, 0x05, 0x00,
	0x00, 0x80, 0x50, 0x49, 0x4e, 0x58, 0x49, 0x53, 0x4d, 0x49, 0x0a, 0x90, 0xa4, 0x50, 0x41, 0x52,
	0x30, 0x14, 0x21, 0x47, 0x4e, 0x56, 0x53, 0x09, 0x70, 0x68, 0x50, 0x41, 0x52, 0x30, 0x70, 0x0c,
	0x03, 0x00, 0x00, 0x80, 0x50, 0x49, 0x4e, 0x58, 0x49, 0x53, 0x4d, 0x49, 0x0a, 0x90, 0xa4, 0x50,
	0x41, 0x52, 0x31, 0x14, 0x22, 0x53, 0x4e, 0x56, 0x53, 0x0a, 0x70, 0x68, 0x50, 0x41, 0x52, 0x30,
	0x70, 0x69, 0x50, 0x41, 0x52, 0x31, 0x70, 0x0c, 0x04, 0x00, 0x00, 0x80, 0x50, 0x49, 0x4e, 0x58,
	0x49, 0x53, 0x4d, 0x49, 0x0a, 0x90, 0x14, 0x16, 0x53, 0x49, 0x52, 0x53, 0x08, 0x70, 0x0c, 0x0a,
	0x00, 0x00, 0x80, 0x50, 0x49, 0x4e, 0x58, 0x49, 0x53, 0x4d, 0x49, 0x0a, 0x90, 0x14, 0x17, 0x53,
	0x41, 0x52, 0x4d, 0x09, 0xa0, 0x10, 0x90, 0x94, 0x68, 0x0a, 0x03, 0x95, 0x68, 0x0a, 0x06, 0x49,
	0x53, 0x4d, 0x49, 0x0a, 0x92, 0x14, 0x0c, 0x47, 0x41, 0x4d, 0x4d, 0x08, 0x49, 0x53, 0x4d, 0x49,
	0x0a, 0x91, 0x14, 0x0c, 0x53, 0x41, 0x4d, 0x4d, 0x08, 0x49, 0x53, 0x4d, 0x49, 0x0a, 0x92, 0x10,
	0x21, 0x5f, 0x53, 0x42, 0x5f, 0x5b, 0x80, 0x57, 0x50, 0x42, 0x52, 0x00, 0x0c, 0x00, 0xf0, 0xb9,
	0xca, 0x0b, 0x01, 0x00, 0x5b, 0x81, 0x0b, 0x57, 0x50, 0x42, 0x52, 0x00, 0x43, 0x54, 0x52, 0x4c,
	0x08, 0x10, 0x4c, 0x40, 0x5c, 0x00, 0x5b, 0x82, 0x46, 0x40, 0x41, 0x43, 0x43, 0x45, 0x08, 0x5f,
	0x48, 0x49, 0x44, 0x0c, 0x41, 0xd0, 0x0c, 0x14, 0x08, 0x5f, 0x55, 0x49, 0x44, 0x0d, 0x41, 0x53,
	0x55, 0x53, 0x43, 0x4f, 0x4e, 0x54, 0x52, 0x4f, 0x4c, 0x43, 0x45, 0x4e, 0x54, 0x45, 0x52, 0x00,
	0x08, 0x5f, 0x57, 0x44, 0x47, 0x11, 0x2b, 0x0a, 0x28, 0x15, 0xb1, 0x2b, 0xb8, 0xae, 0x43, 0x35,
	0x4b, 0xb7, 0x9d, 0xbd, 0x64, 0x16, 0xab, 0xc3, 0x81, 0x42, 0x43, 0x01, 0x02, 0x21, 0x12, 0x90,
	0x05, 0x66, 0xd5, 0xd1, 0x11, 0xb2, 0xf0, 0x00, 0xa0, 0xc9, 0x06, 0x29, 0x10, 0x4d, 0x4f, 0x01,
	0x00, 0x14, 0x43, 0x04, 0x57, 0x4d, 0x42, 0x43, 0x0b, 0x08, 0x5f, 0x54, 0x5f, 0x30, 0x00, 0xa2,
	0x33, 0x01, 0x70, 0x69, 0x5f, 0x54, 0x5f, 0x30, 0xa0, 0x11, 0x93, 0x5f, 0x54, 0x5f, 0x30, 0x0c,
	0x31, 0x46, 0x50, 0x41, 0xa4, 0x41, 0x50, 0x46, 0x31, 0x6a, 0xa1, 0x17, 0xa0, 0x11, 0x93, 0x5f,
	0x54, 0x5f, 0x30, 0x0c, 0x57, 0x50, 0x50, 0x41, 0xa4, 0x41, 0x50, 0x50, 0x57, 0x6a, 0xa1, 0x03,
	0xa4, 0x00, 0xa5, 0xa4, 0x00, 0x08, 0x57, 0x51, 0x4d, 0x4f, 0x11, 0x4d, 0x29, 0x0b, 0x98, 0x02,
	0x46, 0x4f, 0x4d, 0x42, 0x01, 0x00, 0x00, 0x00, 0x88, 0x02, 0x00, 0x00, 0x08, 0x08, 0x00, 0x00,
	0x44, 0x53, 0x00, 0x01, 0x1a, 0x7d, 0xda, 0x54, 0x18, 0xc9, 0x83, 0x00, 0x01, 0x06, 0x18, 0x42,
	0x20, 0x82, 0x00, 0x89, 0xc0, 0xa1, 0x21, 0x14, 0x43, 0x01, 0x0c, 0x46, 0x02, 0x84, 0xe4, 0x40,
	0xc8, 0x05, 0x13, 0x13, 0x20, 0x02, 0x42, 0x5e, 0x05, 0xd8, 0x14, 0x60, 0x12, 0x44, 0xfd, 0xfb,
	0x43, 0x94, 0x04, 0x87, 0x12, 0x02, 0x21, 0x89, 0x02, 0xcc, 0x0b, 0xd0, 0x2d, 0xc0, 0xb0, 0x00,
	0xdb, 0x02, 0x4c, 0x0b, 0x70, 0x0c, 0x49, 0xa5, 0x81, 0x53, 0x02, 0x4b, 0x81, 0x90, 0x50, 0x01,
	0xca, 0x05, 0xf8, 0x16, 0xa0, 0x1d, 0x51, 0x92, 0x05, 0x58, 0x86, 0x11, 0x81, 0x47, 0x11, 0xd9,
	0x68, 0x9c, 0xa0, 0x6c, 0x68, 0x94, 0x0c, 0x08, 0x79, 0x16, 0x60, 0x1d, 0x98, 0x10, 0xd8, 0xbd,
	0x00, 0x85, 0x02, 0xc4, 0x09, 0x50, 0x86, 0x21, 0x84, 0xc6, 0x10, 0x64, 0x4d, 0x80, 0xad, 0x91,
	0xc8, 0x99, 0x00, 0x83, 0x02, 0x2c, 0xa2, 0x10, 0xac, 0x30, 0xa1, 0x0c, 0xd2, 0x9b, 0x00, 0x73,
	0x93, 0x12, 0x8a, 0x31, 0x6a, 0x43, 0x13, 0x6c, 0x8c, 0x98, 0x71, 0x3a, 0x44, 0xd4, 0x04, 0xe2,
	0xb4, 0x3f, 0x08, 0x12, 0x69, 0xc1, 0x1a, 0xaa, 0x23, 0x8d, 0x06, 0x35, 0xbc, 0x04, 0x87, 0xeb,
	0xa1, 0x9e, 0x63, 0xe7, 0x02, 0xa4, 0x4f, 0x52, 0x20, 0x07, 0x79, 0x6e, 0x75, 0x8e, 0x93, 0x80,
	0x24, 0x30, 0x56, 0x82, 0x0e, 0x06, 0x0e, 0xc5, 0x35, 0xa0, 0x66, 0x7c, 0xbc, 0x4c, 0x10, 0x1c,
	0x6a, 0x88, 0x1e, 0x68, 0xb8, 0x13, 0x38, 0x44, 0x06, 0x68, 0x61, 0xa3, 0x41, 0x1d, 0x00, 0x3c,
	0xad, 0x93, 0x79, 0x0f, 0x28, 0x55, 0x80, 0xd9, 0x31, 0x6b, 0x8e, 0x09, 0x8e, 0xc7, 0xd0, 0xa7,
	0x7b, 0x3e, 0x27, 0x9c, 0xc0, 0xf2, 0x07, 0x81, 0x1a, 0x99, 0xa1, 0x3d, 0xc9, 0xd3, 0x8a, 0x19,
	0xf2, 0xf0, 0x0f, 0x8b, 0x89, 0x85, 0xd0, 0x07, 0xc1, 0xe3, 0x81, 0xf7, 0xff, 0x1f, 0x0f, 0x78,
	0x14, 0x9f, 0x09, 0x84, 0xf0, 0x4a, 0x10, 0xdb, 0x03, 0x7a, 0x44, 0xc0, 0x02, 0x7b, 0x40, 0xf6,
	0x2b, 0x00, 0x21, 0x78, 0x99, 0x23, 0x92, 0x53, 0x04, 0x8d, 0xc9, 0x38, 0x11, 0xe2, 0x3f, 0x39,
	0x70, 0x91, 0xd0, 0x28, 0x31, 0xd0, 0xa8, 0x23, 0x40, 0xd4, 0x88, 0x41, 0x43, 0x1f, 0x4b, 0x68,
	0x0f, 0xc6, 0xe7, 0x05, 0x23, 0x9c, 0x62, 0xb9, 0xc7, 0x06, 0xa2, 0x79, 0x36, 0x3a, 0x2d, 0x9c,
	0xcf, 0x9b, 0x80, 0x09, 0x06, 0x7f, 0x18, 0x68, 0x94, 0x96, 0x4e, 0x21, 0x1b, 0xcb, 0xf4, 0x88,
	0x28, 0x95, 0x47, 0x10, 0x37, 0xe6, 0x19, 0x14, 0x0e, 0xad, 0x53, 0x42, 0x58, 0x1d, 0x12, 0x74,
	0xca, 0x30, 0xb0, 0x23, 0x93, 0xe8, 0x88, 0xe1, 0xe1, 0x98, 0xd7, 0x31, 0x0f, 0x1b, 0x14, 0xc4,
	0x80, 0xce, 0x00, 0x21, 0x27, 0x87, 0x00, 0x94, 0x0a, 0x10, 0xcd, 0xe0, 0x6c, 0x8e, 0xe7, 0x61,
	0xc0, 0xa2, 0x2f, 0x0a, 0x74, 0x7a, 0xbe, 0x02, 0x70, 0x0d, 0x10, 0x3a, 0x14, 0x18, 0xd8, 0x6a,
	0x00, 0x29, 0x18, 0x9f, 0xec, 0xa3, 0x44, 0x02, 0xa6, 0xeb, 0x1c, 0x00, 0xfd, 0x8e, 0xe1, 0x11,
	0x9c, 0xdd, 0x23, 0xc5, 0x23, 0x46, 0x82, 0xfa, 0xae, 0x01, 0xa0, 0x00, 0xf2, 0xd8, 0xad, 0x74,
	0xfa, 0x74, 0x0c, 0x21, 0xc2, 0x44, 0x33, 0x3a, 0x0f, 0x3f, 0x54, 0x54, 0xdc, 0xa1, 0x52, 0x10,
	0x0f, 0xd5, 0x51, 0x86, 0x8a, 0xfa, 0xff, 0x1f, 0x1f, 0xf8, 0xa1, 0xc1, 0x07, 0x89, 0x27, 0x01,
	0xcc, 0x01, 0xe0, 0x21, 0x03, 0xd6, 0xa9, 0x20, 0x64, 0x44, 0x4f, 0xc3, 0x70, 0x9e, 0x2c, 0x87,
	0xf3, 0x64, 0xf9, 0x58, 0x7c, 0x88, 0x80, 0x3f, 0x5a, 0x2c, 0x41, 0x81, 0xb3, 0x05, 0x39, 0x3c,
	0x46, 0xf0, 0x48, 0xa9, 0xac, 0x71, 0xa1, 0x2e, 0x07, 0x3e, 0xc5, 0x30, 0xec, 0xf7, 0x06, 0x5f,
	0x11, 0xce, 0xf0, 0x2d, 0xe2, 0xa0, 0xde, 0x37, 0x6c, 0x4c, 0xa3, 0x50, 0x83, 0xb0, 0x1e, 0x29,
	0x87, 0x35, 0x5a, 0xd8, 0x03, 0x7e, 0xd6, 0xf0, 0x3d, 0xc5, 0x33, 0x33, 0x46, 0x58, 0x8f, 0xd6,
	0xa7, 0x09, 0xd8, 0x08, 0xbd, 0x9f, 0x26, 0x00, 0x5d, 0xff, 0xff, 0xd3, 0x04, 0xc0, 0x39, 0xaf,
	0x42, 0x4f, 0x13, 0x60, 0x53, 0x68, 0xd3, 0xa7, 0x46, 0xa3, 0x56, 0x0d, 0xca, 0xd4, 0x28, 0xd3,
	0xa0, 0x56, 0x9f, 0x4a, 0x8d, 0x19, 0x3b, 0x39, 0x38, 0xc6, 0x62, 0x35, 0x16, 0x8b, 0x58, 0x8e,
	0x40, 0xac, 0x92, 0x42, 0x46, 0x40, 0x24, 0x19, 0x44, 0x40, 0x96, 0x77, 0xf2, 0x11, 0x90, 0xc5,
	0x82, 0x08, 0xc8, 0xf9, 0x2c, 0x00, 0xb1, 0xb0, 0x20, 0x02, 0x72, 0xb0, 0xbf, 0x83, 0x80, 0xfc,
	0xff, 0x8f, 0x09, 0x22, 0x20, 0xff, 0xff, 0x01, 0x5b, 0x80, 0x44, 0x45, 0x42, 0x30, 0x01, 0x0a,
	0x80, 0x01, 0x5b, 0x81, 0x0b, 0x44, 0x45, 0x42, 0x30, 0x01, 0x44, 0x42, 0x47, 0x38, 0x08, 0x5b,
	0x80, 0x49, 0x4f, 0x42, 0x32, 0x01, 0x53, 0x4d, 0x49, 0x50, 0x0a, 0x02, 0x5b, 0x81, 0x10, 0x49,
	0x4f, 0x42, 0x32, 0x01, 0x53, 0x4d, 0x50, 0x54, 0x08, 0x53, 0x4d, 0x49, 0x53, 0x08, 0x14, 0x0c,
	0x49, 0x53, 0x4d, 0x49, 0x09, 0x70, 0x68, 0x53, 0x4d, 0x50, 0x54, 0x14, 0x0c, 0x57, 0x4d, 0x49,
	0x49, 0x08, 0x49, 0x53, 0x4d, 0x49, 0x0a, 0x96, 0x14, 0x1f, 0x41, 0x50, 0x46, 0x31, 0x09, 0x70,
	0x0c, 0x04, 0x00, 0x00, 0x80, 0x57, 0x46, 0x55, 0x4e, 0x70, 0x68, 0x49, 0x44, 0x41, 0x54, 0x57,
	0x4d, 0x49, 0x49, 0xa4, 0x57, 0x53, 0x54, 0x41, 0x14, 0x1f, 0x41, 0x50, 0x50, 0x57, 0x09, 0x70,
	0x0c, 0x08, 0x00, 0x00, 0x80, 0x57, 0x46, 0x55, 0x4e, 0x70, 0x68, 0x49, 0x44, 0x41, 0x54, 0x57,
	0x4d, 0x49, 0x49, 0xa4, 0x57, 0x53, 0x54, 0x41, 0x08, 0x41, 0x43, 0x43, 0x42, 0x0c, 0x18, 0x00,
	0xc1, 0xca, 0x5b, 0x80, 0x5c, 0x41, 0x43, 0x43, 0x58, 0x00, 0x41, 0x43, 0x43, 0x42, 0x0b, 0x00,
	0x01, 0x5b, 0x81, 0x1b, 0x41, 0x43, 0x43, 0x58, 0x01, 0x57, 0x53, 0x49, 0x5a, 0x20, 0x57, 0x46,
	0x55, 0x4e, 0x20, 0x57, 0x53, 0x54, 0x41, 0x20, 0x49, 0x44, 0x41, 0x54, 0x40, 0x7a, 0x10, 0x39,
	0x5f, 0x53, 0x42, 0x5f, 0x08, 0x41, 0x4e, 0x56, 0x4d, 0x0c, 0x00, 0x00, 0xbe, 0xca, 0x5b, 0x80,
	0x41, 0x4e, 0x56, 0x58, 0x00, 0x41, 0x4e, 0x56, 0x4d, 0x0c, 0x00, 0x00, 0x03, 0x00, 0x08, 0x41,
	0x53, 0x46, 0x48, 0x0c, 0x00, 0x00, 0xba, 0xca, 0x5b, 0x80, 0x41, 0x53, 0x46, 0x58, 0x00, 0x41,
	0x53, 0x46, 0x48, 0x0c, 0x00, 0x00, 0x04, 0x00, 0x10, 0x41, 0x20, 0x2f, 0x04, 0x5f, 0x53, 0x42,
	0x5f, 0x50, 0x43, 0x49, 0x30, 0x47, 0x50, 0x31, 0x33, 0x58, 0x48, 0x43, 0x30, 0x5b, 0x82, 0x4b,
	0x1e, 0x52, 0x48, 0x55, 0x42, 0x08, 0x5f, 0x41, 0x44, 0x52, 0x00, 0x5b, 0x82, 0x39, 0x50, 0x52,
	0x54, 0x31, 0x08, 0x5f, 0x41, 0x44, 0x52, 0x01, 0x08, 0x5f, 0x55, 0x50, 0x43, 0x12, 0x08, 0x04,
	0x0a, 0xff, 0x0a, 0x03, 0x00, 0x00, 0x08, 0x5f, 0x50, 0x4c, 0x44, 0x12, 0x1a, 0x01, 0x11, 0x17,
	0x0a, 0x14, 0x82, 0x00, 0x00, 0x00, 0x00, 0x00, 0x00, 0x00, 0x69, 0x0c, 0x80, 0x00, 0x01, 0x00,
	0x00, 0x00, 0xff, 0xff, 0xff, 0xff, 0x5b, 0x82, 0x3a, 0x50, 0x52, 0x54, 0x32, 0x08, 0x5f, 0x41,
	0x44, 0x52, 0x0a, 0x02, 0x08, 0x5f, 0x55, 0x50, 0x43, 0x12, 0x08, 0x04, 0x0a, 0xff, 0x0a, 0x03,
	0x00, 0x00, 0x08, 0x5f, 0x50, 0x4c, 0x44, 0x12, 0x1a, 0x01, 0x11, 0x17, 0x0a, 0x14, 0x82, 0x00,
	0x00, 0x00, 0x00, 0x00, 0x00, 0x00, 0x69, 0x0e, 0x00, 0x01, 0x01, 0x00, 0x00, 0x00, 0xff, 0xff,
	0xff, 0xff, 0x5b, 0x82, 0x3a, 0x50, 0x52, 0x54, 0x33, 0x08, 0x5f, 0x41, 0x44, 0x52, 0x0a, 0x03,
	0x08, 0x5f, 0x55, 0x50, 0x43, 0x12, 0x08, 0x04, 0x0a, 0xff, 0x0a, 0x03, 0x00, 0x00, 0x08, 0x5f,
	0x50, 0x4c, 0x44, 0x12, 0x1a, 0x01, 0x11, 0x17, 0x0a, 0x14, 0x82, 0x00, 0x00, 0x00, 0x00, 0x00,
	0x00, 0x00, 0x69, 0x0c, 0x80, 0x01, 0x01, 0x00, 0x00, 0x00, 0xff, 0xff, 0xff, 0xff, 0x5b, 0x82,
	0x3a, 0x50, 0x52, 0x54, 0x34, 0x08, 0x5f, 0x41, 0x44, 0x52, 0x0a, 0x04, 0x08, 0x5f, 0x55, 0x50,
	0x43, 0x12, 0x08, 0x04, 0x0a, 0xff, 0x0a, 0x03, 0x00, 0x00, 0x08, 0x5f, 0x50, 0x4c, 0x44, 0x12,
	0x1a, 0x01, 0x11, 0x17, 0x0a, 0x14, 0x82, 0x00, 0x00, 0x00, 0x00, 0x00, 0x00, 0x00, 0x69, 0x0e,
	0x00, 0x02, 0x01, 0x00, 0x00, 0x00, 0xff, 0xff, 0xff, 0xff, 0x5b, 0x82, 0x3a, 0x50, 0x52, 0x54,
	0x35, 0x08, 0x5f, 0x41, 0x44, 0x52, 0x0a, 0x05, 0x08, 0x5f, 0x55, 0x50, 0x43, 0x12, 0x08, 0x04,
	0x0a, 0xff, 0x0a, 0x03, 0x00, 0x00, 0x08, 0x5f, 0x50, 0x4c, 0x44, 0x12, 0x1a, 0x01, 0x11, 0x17,
	0x0a, 0x14, 0x82, 0x00, 0x00, 0x00, 0x00, 0x00, 0x00, 0x00, 0x69, 0x0c, 0x80, 0x00, 0x01, 0x00,
	0x00, 0x00, 0xff, 0xff, 0xff, 0xff, 0x5b, 0x82, 0x3a, 0x50, 0x52, 0x54, 0x36, 0x08, 0x5f, 0x41,
	0x44, 0x52, 0x0a, 0x06, 0x08, 0x5f, 0x55, 0x50, 0x43, 0x12, 0x08, 0x04, 0x0a, 0xff, 0x0a, 0x03,
	0x00, 0x00, 0x08, 0x5f, 0x50, 0x4c, 0x44, 0x12, 0x1a, 0x01, 0x11, 0x17, 0x0a, 0x14, 0x82, 0x00,
	0x00, 0x00, 0x00, 0x00, 0x00, 0x00, 0x69, 0x0e, 0x00, 0x01, 0x01, 0x00, 0x00, 0x00, 0xff, 0xff,
	0xff, 0xff, 0x5b, 0x82, 0x3a, 0x50, 0x52, 0x54, 0x37, 0x08, 0x5f, 0x41, 0x44, 0x52, 0x0a, 0x07,
	0x08, 0x5f, 0x55, 0x50, 0x43, 0x12, 0x08, 0x04, 0x0a, 0xff, 0x0a, 0x03, 0x00, 0x00, 0x08, 0x5f,
	0x50, 0x4c, 0x44, 0x12, 0x1a, 0x01, 0x11, 0x17, 0x0a, 0x14, 0x82, 0x00, 0x00, 0x00, 0x00, 0x00,
	0x00, 0x00, 0x69, 0x0c, 0x80, 0x01, 0x01, 0x00, 0x00, 0x00, 0xff, 0xff, 0xff, 0xff, 0x5b, 0x82,
	0x3a, 0x50, 0x52, 0x54, 0x38, 0x08, 0x5f, 0x41, 0x44, 0x52, 0x0a, 0x08, 0x08, 0x5f, 0x55, 0x50,
	0x43, 0x12, 0x08, 0x04, 0x0a, 0xff, 0x0a, 0x03, 0x00, 0x00, 0x08, 0x5f, 0x50, 0x4c, 0x44, 0x12,
	0x1a, 0x01, 0x11, 0x17, 0x0a, 0x14, 0x82, 0x00, 0x00, 0x00, 0x00, 0x00, 0x00, 0x00, 0x69, 0x0e,
	0x00, 0x02, 0x01, 0x00, 0x00, 0x00, 0xff, 0xff, 0xff, 0xff, 0x10, 0x47, 0x0d, 0x5c, 0x2e, 0x5f,
	0x53, 0x42, 0x5f, 0x47, 0x50, 0x49, 0x4f, 0x14, 0x39, 0x5f, 0x41, 0x45, 0x49, 0x00, 0x08, 0x42,
	0x55, 0x46, 0x30, 0x11, 0x28, 0x0a, 0x25, 0x8c, 0x20, 0x00, 0x01, 0x00, 0x01, 0x00, 0x10, 0x00,
	0x03, 0x00, 0x00, 0x00, 0x00, 0x17, 0x00, 0x00, 0x19, 0x00, 0x23, 0x00, 0x00, 0x00, 0x3d, 0x00,
	0x5c, 0x5f, 0x53, 0x42, 0x2e, 0x47, 0x50, 0x49, 0x4f, 0x00, 0x79, 0x00, 0xa4, 0x42, 0x55, 0x46,
	0x30, 0x14, 0x40, 0x09, 0x5f, 0x45, 0x56, 0x54, 0x09, 0x08, 0x5f, 0x54, 0x5f, 0x30, 0x00, 0xa2,
	0x42, 0x08, 0x01, 0x70, 0x99, 0x68, 0x00, 0x5f, 0x54, 0x5f, 0x30, 0xa0, 0x45, 0x07, 0x93, 0x5f,
	0x54, 0x5f, 0x30, 0x0a, 0x3d, 0x4d, 0x30, 0x30, 0x30, 0x0b, 0x3d, 0x39, 0x70, 0x4d, 0x32, 0x34,
	0x39, 0x00, 0x00, 0x00, 0x0c, 0x54, 0x00, 0x80, 0x10, 0x60, 0x7d, 0x60, 0x0b, 0x00, 0x01, 0x61,
	0x4d, 0x32, 0x35, 0x30, 0x00, 0x00, 0x00, 0x0c, 0x54, 0x00, 0x80, 0x10, 0x61, 0x70, 0x4d, 0x32,
	0x34, 0x39, 0x00, 0x00, 0x00, 0x0c, 0x04, 0x49, 0x83, 0x10, 0x61, 0x7d, 0x61, 0x0b, 0x01, 0x01,
	0x61, 0x4d, 0x32, 0x35, 0x30, 0x00, 0x00, 0x00, 0x0c, 0x04, 0x49, 0x83, 0x10, 0x61, 0x4d, 0x32,
	0x35, 0x30, 0x00, 0x00, 0x00, 0x0c, 0x54, 0x00, 0x80, 0x10, 0x60, 0x86, 0x5c, 0x2f, 0x04, 0x5f,
	0x53, 0x42, 0x5f, 0x50, 0x43, 0x49, 0x30, 0x47, 0x50, 0x31, 0x33, 0x41, 0x5a, 0x41, 0x4c, 0x0a,
	0x02, 0xa5
};

namespace acpi {
	Vector<SDT*> tables;
	u8 ver;

	bool validate(SDT* table) {
		u8 sum = 0;
		for (u32 i = 0; i < table->length; i++)
			sum += ((u8*)table)[i];
		return sum ? false : true;
	}

	// Visszaadja az ACPI verziót, 0 ha érvénytelen
	u8 validateRsdp(RootPointer* table) {
		if (memcmp((void*)"RSD PTR ", table->sign, 8))
			return 0;

		// ACPI 2.0-s RSDP-e?
		u8 sum = 0;
		for (u32 i = 0; i < table->length; i++)
			sum += ((u8*)table)[i];

		if (!sum && table->xsdt)
			return 2;

		sum = 0;
		for (u32 i = 0; i < 20; i++)
			sum += ((u8*)table)[i];

		if (sum)
			return 0;
		else
			return 1;
	}

	static void check(void* a) {
		if (arch::paging_lookup((u64)a) == (u64)-1)
			arch::map_page(VIRTUAL((u64)a), (u64)PHYSICAL(a), (u32)arch::MFLAGS::KDATA);
	}

	static void checkTable(SDT* a) {
		check(a);
		for (u64 i = 0; i < a->length + 0x1000; i += 0x1000)
			check((u8*)a + i);
	}

	void process_fadt(FADT* fadt) {
		fadt = VIRTUAL(fadt);
		checkTable((SDT*)fadt);

		SDT* dsdt = fadt->x_dsdt ? (SDT*)fadt->x_dsdt : (SDT*)(u64)fadt->dsdt;
		dsdt = VIRTUAL(dsdt);
		checkTable(dsdt);

		if (!validate(dsdt))
			error("Hibas DSDT!\n");

		process_aml((OPCODES*)practice, sizeof(practice));
		// process_aml((OPCODES*)((u8*)dsdt + sizeof(SDT)), dsdt->length - sizeof(SDT));
	}

	void init() {
		auto r = rsdp_req.response;
		// Buggos ez az Istenverte szar
		check(r->address);

		if (!r || !r->address)
			error("Nincs RSDP??\n");

		acpi::RootPointer* rsdp = (acpi::RootPointer*)VIRTUAL(r->address);
		if (!(ver = validateRsdp(rsdp)))
			error("ACPI RSDP nem érvényes!\n");

		acpi::RootTable* rsdt = (acpi::RootTable*)VIRTUAL(ver == 2 ? rsdp->xsdt : rsdp->rsdt);
		check(rsdt);

		printk("RSDP ver: %d\n", ver);

		u32 num_tables;
		if (ver == 2)
			num_tables = (rsdt->hdr.length - sizeof(*rsdt)) / 8;
		else
			num_tables = (rsdt->hdr.length - sizeof(*rsdt)) / 4;

		for (u32 i = 0; i < num_tables; i++) {
			SDT* addr;
			if (ver == 2)
				addr = VIRTUAL((SDT*)rsdt->xsdtptrs[i]);
			else
				addr = VIRTUAL((SDT*)(u64)rsdt->rsdtptrs[i]);
			check(addr);
			tables.push_back(addr);
		}

		for (SDT* i : tables) {
			if (i->sign == SIGNS::FADT)
				process_fadt((FADT*)i);
			// printk("%.4s: %p\n", (char*)&(i->sign), i);
		}
	}
}
